# https://github.com/mikedh/trimesh
mtllib dungeon_wall_claimed.mtl

o geometry_3
usemtl material_0
v 0.00000000 2.00399995 0.00000000
v 0.16500001 2.00399995 0.00000000
v 0.16182958 2.00399995 0.03218990
v 0.15244012 2.00399995 0.06314277
v 0.13719249 2.00399995 0.09166909
v 0.11667262 2.00399995 0.11667262
v 0.09166909 2.00399995 0.13719249
v 0.06314277 2.00399995 0.15244012
v 0.03218990 2.00399995 0.16182958
v 0.00000000 2.00399995 0.16500001
v -0.03218990 2.00399995 0.16182958
v -0.06314277 2.00399995 0.15244012
v -0.09166909 2.00399995 0.13719249
v -0.11667262 2.00399995 0.11667262
v -0.13719249 2.00399995 0.09166909
v -0.15244012 2.00399995 0.06314277
v -0.16182958 2.00399995 0.03218990
v -0.16500001 2.00399995 0.00000000
v -0.16182958 2.00399995 -0.03218990
v -0.15244012 2.00399995 -0.06314277
v -0.13719249 2.00399995 -0.09166909
v -0.11667262 2.00399995 -0.11667262
v -0.09166909 2.00399995 -0.13719249
v -0.06314277 2.00399995 -0.15244012
v -0.03218990 2.00399995 -0.16182958
v -0.00000000 2.00399995 -0.16500001
v 0.03218990 2.00399995 -0.16182958
v 0.06314277 2.00399995 -0.15244012
v 0.09166909 2.00399995 -0.13719249
v 0.11667262 2.00399995 -0.11667262
v 0.13719249 2.00399995 -0.09166909
v 0.15244012 2.00399995 -0.06314277
v 0.16182958 2.00399995 -0.03218990
v 0.16500001 2.00399995 -0.00000000
vt 0.50000000 0.50000000
vt 1.00000000 0.50000000
vt 0.99039263 0.59754515
vt 0.96193975 0.69134170
vt 0.91573483 0.77778512
vt 0.85355341 0.85355341
vt 0.77778512 0.91573483
vt 0.69134170 0.96193975
vt 0.59754515 0.99039263
vt 0.50000000 1.00000000
vt 0.40245485 0.99039263
vt 0.30865827 0.96193975
vt 0.22221488 0.91573483
vt 0.14644662 0.85355341
vt 0.08426519 0.77778512
vt 0.03806023 0.69134170
vt 0.00960736 0.59754515
vt 0.00000000 0.50000000
vt 0.00960736 0.40245485
vt 0.03806023 0.30865824
vt 0.08426519 0.22221488
vt 0.14644662 0.14644659
vt 0.22221488 0.08426517
vt 0.30865827 0.03806025
vt 0.40245485 0.00960737
vt 0.50000000 0.00000000
vt 0.59754515 0.00960737
vt 0.69134170 0.03806025
vt 0.77778512 0.08426517
vt 0.85355341 0.14644659
vt 0.91573483 0.22221488
vt 0.96193975 0.30865824
vt 0.99039263 0.40245485
vt 1.00000000 0.50000000
f 1/1 2/2 3/3
f 1/1 3/3 4/4
f 1/1 4/4 5/5
f 1/1 5/5 6/6
f 1/1 6/6 7/7
f 1/1 7/7 8/8
f 1/1 8/8 9/9
f 1/1 9/9 10/10
f 1/1 10/10 11/11
f 1/1 11/11 12/12
f 1/1 12/12 13/13
f 1/1 13/13 14/14
f 1/1 14/14 15/15
f 1/1 15/15 16/16
f 1/1 16/16 17/17
f 1/1 17/17 18/18
f 1/1 18/18 19/19
f 1/1 19/19 20/20
f 1/1 20/20 21/21
f 1/1 21/21 22/22
f 1/1 22/22 23/23
f 1/1 23/23 24/24
f 1/1 24/24 25/25
f 1/1 25/25 26/26
f 1/1 26/26 27/27
f 1/1 27/27 28/28
f 1/1 28/28 29/29
f 1/1 29/29 30/30
f 1/1 30/30 31/31
f 1/1 31/31 32/32
f 1/1 32/32 33/33
f 1/1 33/33 34/34

o geometry_2
usemtl material_1
v -0.50000000 0.00000000 -0.50000000
v -0.37500000 0.00000000 -0.50000000
v -0.37500000 0.00000000 -0.37500000
v -0.50000000 0.00000000 -0.50000000
v -0.37500000 0.00000000 -0.37500000
v -0.50000000 0.00000000 -0.37500000
v -0.50000000 0.00000000 -0.37500000
v -0.37500000 0.00000000 -0.37500000
v -0.37500000 0.00000000 -0.25000000
v -0.50000000 0.00000000 -0.37500000
v -0.37500000 0.00000000 -0.25000000
v -0.50000000 0.00000000 -0.25000000
v -0.50000000 0.00000000 -0.25000000
v -0.37500000 0.00000000 -0.25000000
v -0.37500000 0.00000000 -0.12500000
v -0.50000000 0.00000000 -0.25000000
v -0.37500000 0.00000000 -0.12500000
v -0.50000000 0.00000000 -0.12500000
v -0.50000000 0.00000000 -0.12500000
v -0.37500000 0.00000000 -0.12500000
v -0.37500000 0.00000000 0.00000000
v -0.50000000 0.00000000 -0.12500000
v -0.37500000 0.00000000 0.00000000
v -0.50000000 0.00000000 0.00000000
v -0.50000000 0.00000000 0.00000000
v -0.37500000 0.00000000 0.00000000
v -0.37500000 0.00000000 0.12500000
v -0.50000000 0.00000000 0.00000000
v -0.37500000 0.00000000 0.12500000
v -0.50000000 0.00000000 0.12500000
v -0.50000000 0.00000000 0.12500000
v -0.37500000 0.00000000 0.12500000
v -0.37500000 0.00000000 0.25000000
v -0.50000000 0.00000000 0.12500000
v -0.37500000 0.00000000 0.25000000
v -0.50000000 0.00000000 0.25000000
v -0.50000000 0.00000000 0.25000000
v -0.37500000 0.00000000 0.25000000
v -0.37500000 0.00000000 0.37500000
v -0.50000000 0.00000000 0.25000000
v -0.37500000 0.00000000 0.37500000
v -0.50000000 0.00000000 0.37500000
v -0.50000000 0.00000000 0.37500000
v -0.37500000 0.00000000 0.37500000
v -0.37500000 0.00000000 0.50000000
v -0.50000000 0.00000000 0.37500000
v -0.37500000 0.00000000 0.50000000
v -0.50000000 0.00000000 0.50000000
v -0.37500000 0.00000000 -0.50000000
v -0.25000000 0.00000000 -0.50000000
v -0.25000000 0.00000000 -0.37500000
v -0.37500000 0.00000000 -0.50000000
v -0.25000000 0.00000000 -0.37500000
v -0.37500000 0.00000000 -0.37500000
v -0.37500000 0.00000000 -0.37500000
v -0.25000000 0.00000000 -0.37500000
v -0.25000000 0.00000000 -0.25000000
v -0.37500000 0.00000000 -0.37500000
v -0.25000000 0.00000000 -0.25000000
v -0.37500000 0.00000000 -0.25000000
v -0.37500000 0.00000000 -0.25000000
v -0.25000000 0.00000000 -0.25000000
v -0.25000000 0.00000000 -0.12500000
v -0.37500000 0.00000000 -0.25000000
v -0.25000000 0.00000000 -0.12500000
v -0.37500000 0.00000000 -0.12500000
v -0.37500000 0.00000000 -0.12500000
v -0.25000000 0.00000000 -0.12500000
v -0.25000000 0.00000000 0.00000000
v -0.37500000 0.00000000 -0.12500000
v -0.25000000 0.00000000 0.00000000
v -0.37500000 0.00000000 0.00000000
v -0.37500000 0.00000000 0.00000000
v -0.25000000 0.00000000 0.00000000
v -0.25000000 0.00000000 0.12500000
v -0.37500000 0.00000000 0.00000000
v -0.25000000 0.00000000 0.12500000
v -0.37500000 0.00000000 0.12500000
v -0.37500000 0.00000000 0.12500000
v -0.25000000 0.00000000 0.12500000
v -0.25000000 0.00000000 0.25000000
v -0.37500000 0.00000000 0.12500000
v -0.25000000 0.00000000 0.25000000
v -0.37500000 0.00000000 0.25000000
v -0.37500000 0.00000000 0.25000000
v -0.25000000 0.00000000 0.25000000
v -0.25000000 0.00000000 0.37500000
v -0.37500000 0.00000000 0.25000000
v -0.25000000 0.00000000 0.37500000
v -0.37500000 0.00000000 0.37500000
v -0.37500000 0.00000000 0.37500000
v -0.25000000 0.00000000 0.37500000
v -0.25000000 0.00000000 0.50000000
v -0.37500000 0.00000000 0.37500000
v -0.25000000 0.00000000 0.50000000
v -0.37500000 0.00000000 0.50000000
v -0.25000000 0.00000000 -0.50000000
v -0.12500000 0.00000000 -0.50000000
v -0.12500000 0.00000000 -0.37500000
v -0.25000000 0.00000000 -0.50000000
v -0.12500000 0.00000000 -0.37500000
v -0.25000000 0.00000000 -0.37500000
v -0.25000000 0.00000000 -0.37500000
v -0.12500000 0.00000000 -0.37500000
v -0.12500000 0.00000000 -0.25000000
v -0.25000000 0.00000000 -0.37500000
v -0.12500000 0.00000000 -0.25000000
v -0.25000000 0.00000000 -0.25000000
v -0.25000000 0.00000000 -0.25000000
v -0.12500000 0.00000000 -0.25000000
v -0.12500000 0.00000000 -0.12500000
v -0.25000000 0.00000000 -0.25000000
v -0.12500000 0.00000000 -0.12500000
v -0.25000000 0.00000000 -0.12500000
v -0.25000000 0.00000000 -0.12500000
v -0.12500000 0.00000000 -0.12500000
v -0.12500000 0.00000000 0.00000000
v -0.25000000 0.00000000 -0.12500000
v -0.12500000 0.00000000 0.00000000
v -0.25000000 0.00000000 0.00000000
v -0.25000000 0.00000000 0.00000000
v -0.12500000 0.00000000 0.00000000
v -0.12500000 0.00000000 0.12500000
v -0.25000000 0.00000000 0.00000000
v -0.12500000 0.00000000 0.12500000
v -0.25000000 0.00000000 0.12500000
v -0.25000000 0.00000000 0.12500000
v -0.12500000 0.00000000 0.12500000
v -0.12500000 0.00000000 0.25000000
v -0.25000000 0.00000000 0.12500000
v -0.12500000 0.00000000 0.25000000
v -0.25000000 0.00000000 0.25000000
v -0.25000000 0.00000000 0.25000000
v -0.12500000 0.00000000 0.25000000
v -0.12500000 0.00000000 0.37500000
v -0.25000000 0.00000000 0.25000000
v -0.12500000 0.00000000 0.37500000
v -0.25000000 0.00000000 0.37500000
v -0.25000000 0.00000000 0.37500000
v -0.12500000 0.00000000 0.37500000
v -0.12500000 0.00000000 0.50000000
v -0.25000000 0.00000000 0.37500000
v -0.12500000 0.00000000 0.50000000
v -0.25000000 0.00000000 0.50000000
v -0.12500000 0.00000000 -0.50000000
v 0.00000000 0.00000000 -0.50000000
v 0.00000000 0.00000000 -0.37500000
v -0.12500000 0.00000000 -0.50000000
v 0.00000000 0.00000000 -0.37500000
v -0.12500000 0.00000000 -0.37500000
v -0.12500000 0.00000000 -0.37500000
v 0.00000000 0.00000000 -0.37500000
v 0.00000000 0.00000000 -0.25000000
v -0.12500000 0.00000000 -0.37500000
v 0.00000000 0.00000000 -0.25000000
v -0.12500000 0.00000000 -0.25000000
v -0.12500000 0.00000000 -0.25000000
v 0.00000000 0.00000000 -0.25000000
v 0.00000000 0.00000000 -0.12500000
v -0.12500000 0.00000000 -0.25000000
v 0.00000000 0.00000000 -0.12500000
v -0.12500000 0.00000000 -0.12500000
v -0.12500000 0.00000000 -0.12500000
v 0.00000000 0.00000000 -0.12500000
v 0.00000000 0.00000000 0.00000000
v -0.12500000 0.00000000 -0.12500000
v 0.00000000 0.00000000 0.00000000
v -0.12500000 0.00000000 0.00000000
v -0.12500000 0.00000000 0.00000000
v 0.00000000 0.00000000 0.00000000
v 0.00000000 0.00000000 0.12500000
v -0.12500000 0.00000000 0.00000000
v 0.00000000 0.00000000 0.12500000
v -0.12500000 0.00000000 0.12500000
v -0.12500000 0.00000000 0.12500000
v 0.00000000 0.00000000 0.12500000
v 0.00000000 0.00000000 0.25000000
v -0.12500000 0.00000000 0.12500000
v 0.00000000 0.00000000 0.25000000
v -0.12500000 0.00000000 0.25000000
v -0.12500000 0.00000000 0.25000000
v 0.00000000 0.00000000 0.25000000
v 0.00000000 0.00000000 0.37500000
v -0.12500000 0.00000000 0.25000000
v 0.00000000 0.00000000 0.37500000
v -0.12500000 0.00000000 0.37500000
v -0.12500000 0.00000000 0.37500000
v 0.00000000 0.00000000 0.37500000
v 0.00000000 0.00000000 0.50000000
v -0.12500000 0.00000000 0.37500000
v 0.00000000 0.00000000 0.50000000
v -0.12500000 0.00000000 0.50000000
v 0.00000000 0.00000000 -0.50000000
v 0.12500000 0.00000000 -0.50000000
v 0.12500000 0.00000000 -0.37500000
v 0.00000000 0.00000000 -0.50000000
v 0.12500000 0.00000000 -0.37500000
v 0.00000000 0.00000000 -0.37500000
v 0.00000000 0.00000000 -0.37500000
v 0.12500000 0.00000000 -0.37500000
v 0.12500000 0.00000000 -0.25000000
v 0.00000000 0.00000000 -0.37500000
v 0.12500000 0.00000000 -0.25000000
v 0.00000000 0.00000000 -0.25000000
v 0.00000000 0.00000000 -0.25000000
v 0.12500000 0.00000000 -0.25000000
v 0.12500000 0.00000000 -0.12500000
v 0.00000000 0.00000000 -0.25000000
v 0.12500000 0.00000000 -0.12500000
v 0.00000000 0.00000000 -0.12500000
v 0.00000000 0.00000000 -0.12500000
v 0.12500000 0.00000000 -0.12500000
v 0.12500000 0.00000000 0.00000000
v 0.00000000 0.00000000 -0.12500000
v 0.12500000 0.00000000 0.00000000
v 0.00000000 0.00000000 0.00000000
v 0.00000000 0.00000000 0.00000000
v 0.12500000 0.00000000 0.00000000
v 0.12500000 0.00000000 0.12500000
v 0.00000000 0.00000000 0.00000000
v 0.12500000 0.00000000 0.12500000
v 0.00000000 0.00000000 0.12500000
v 0.00000000 0.00000000 0.12500000
v 0.12500000 0.00000000 0.12500000
v 0.12500000 0.00000000 0.25000000
v 0.00000000 0.00000000 0.12500000
v 0.12500000 0.00000000 0.25000000
v 0.00000000 0.00000000 0.25000000
v 0.00000000 0.00000000 0.25000000
v 0.12500000 0.00000000 0.25000000
v 0.12500000 0.00000000 0.37500000
v 0.00000000 0.00000000 0.25000000
v 0.12500000 0.00000000 0.37500000
v 0.00000000 0.00000000 0.37500000
v 0.00000000 0.00000000 0.37500000
v 0.12500000 0.00000000 0.37500000
v 0.12500000 0.00000000 0.50000000
v 0.00000000 0.00000000 0.37500000
v 0.12500000 0.00000000 0.50000000
v 0.00000000 0.00000000 0.50000000
v 0.12500000 0.00000000 -0.50000000
v 0.25000000 0.00000000 -0.50000000
v 0.25000000 0.00000000 -0.37500000
v 0.12500000 0.00000000 -0.50000000
v 0.25000000 0.00000000 -0.37500000
v 0.12500000 0.00000000 -0.37500000
v 0.12500000 0.00000000 -0.37500000
v 0.25000000 0.00000000 -0.37500000
v 0.25000000 0.00000000 -0.25000000
v 0.12500000 0.00000000 -0.37500000
v 0.25000000 0.00000000 -0.25000000
v 0.12500000 0.00000000 -0.25000000
v 0.12500000 0.00000000 -0.25000000
v 0.25000000 0.00000000 -0.25000000
v 0.25000000 0.00000000 -0.12500000
v 0.12500000 0.00000000 -0.25000000
v 0.25000000 0.00000000 -0.12500000
v 0.12500000 0.00000000 -0.12500000
v 0.12500000 0.00000000 -0.12500000
v 0.25000000 0.00000000 -0.12500000
v 0.25000000 0.00000000 0.00000000
v 0.12500000 0.00000000 -0.12500000
v 0.25000000 0.00000000 0.00000000
v 0.12500000 0.00000000 0.00000000
v 0.12500000 0.00000000 0.00000000
v 0.25000000 0.00000000 0.00000000
v 0.25000000 0.00000000 0.12500000
v 0.12500000 0.00000000 0.00000000
v 0.25000000 0.00000000 0.12500000
v 0.12500000 0.00000000 0.12500000
v 0.12500000 0.00000000 0.12500000
v 0.25000000 0.00000000 0.12500000
v 0.25000000 0.00000000 0.25000000
v 0.12500000 0.00000000 0.12500000
v 0.25000000 0.00000000 0.25000000
v 0.12500000 0.00000000 0.25000000
v 0.12500000 0.00000000 0.25000000
v 0.25000000 0.00000000 0.25000000
v 0.25000000 0.00000000 0.37500000
v 0.12500000 0.00000000 0.25000000
v 0.25000000 0.00000000 0.37500000
v 0.12500000 0.00000000 0.37500000
v 0.12500000 0.00000000 0.37500000
v 0.25000000 0.00000000 0.37500000
v 0.25000000 0.00000000 0.50000000
v 0.12500000 0.00000000 0.37500000
v 0.25000000 0.00000000 0.50000000
v 0.12500000 0.00000000 0.50000000
v 0.25000000 0.00000000 -0.50000000
v 0.37500000 0.00000000 -0.50000000
v 0.37500000 0.00000000 -0.37500000
v 0.25000000 0.00000000 -0.50000000
v 0.37500000 0.00000000 -0.37500000
v 0.25000000 0.00000000 -0.37500000
v 0.25000000 0.00000000 -0.37500000
v 0.37500000 0.00000000 -0.37500000
v 0.37500000 0.00000000 -0.25000000
v 0.25000000 0.00000000 -0.37500000
v 0.37500000 0.00000000 -0.25000000
v 0.25000000 0.00000000 -0.25000000
v 0.25000000 0.00000000 -0.25000000
v 0.37500000 0.00000000 -0.25000000
v 0.37500000 0.00000000 -0.12500000
v 0.25000000 0.00000000 -0.25000000
v 0.37500000 0.00000000 -0.12500000
v 0.25000000 0.00000000 -0.12500000
v 0.25000000 0.00000000 -0.12500000
v 0.37500000 0.00000000 -0.12500000
v 0.37500000 0.00000000 0.00000000
v 0.25000000 0.00000000 -0.12500000
v 0.37500000 0.00000000 0.00000000
v 0.25000000 0.00000000 0.00000000
v 0.25000000 0.00000000 0.00000000
v 0.37500000 0.00000000 0.00000000
v 0.37500000 0.00000000 0.12500000
v 0.25000000 0.00000000 0.00000000
v 0.37500000 0.00000000 0.12500000
v 0.25000000 0.00000000 0.12500000
v 0.25000000 0.00000000 0.12500000
v 0.37500000 0.00000000 0.12500000
v 0.37500000 0.00000000 0.25000000
v 0.25000000 0.00000000 0.12500000
v 0.37500000 0.00000000 0.25000000
v 0.25000000 0.00000000 0.25000000
v 0.25000000 0.00000000 0.25000000
v 0.37500000 0.00000000 0.25000000
v 0.37500000 0.00000000 0.37500000
v 0.25000000 0.00000000 0.25000000
v 0.37500000 0.00000000 0.37500000
v 0.25000000 0.00000000 0.37500000
v 0.25000000 0.00000000 0.37500000
v 0.37500000 0.00000000 0.37500000
v 0.37500000 0.00000000 0.50000000
v 0.25000000 0.00000000 0.37500000
v 0.37500000 0.00000000 0.50000000
v 0.25000000 0.00000000 0.50000000
v 0.37500000 0.00000000 -0.50000000
v 0.50000000 0.00000000 -0.50000000
v 0.50000000 0.00000000 -0.37500000
v 0.37500000 0.00000000 -0.50000000
v 0.50000000 0.00000000 -0.37500000
v 0.37500000 0.00000000 -0.37500000
v 0.37500000 0.00000000 -0.37500000
v 0.50000000 0.00000000 -0.37500000
v 0.50000000 0.00000000 -0.25000000
v 0.37500000 0.00000000 -0.37500000
v 0.50000000 0.00000000 -0.25000000
v 0.37500000 0.00000000 -0.25000000
v 0.37500000 0.00000000 -0.25000000
v 0.50000000 0.00000000 -0.25000000
v 0.50000000 0.00000000 -0.12500000
v 0.37500000 0.00000000 -0.25000000
v 0.50000000 0.00000000 -0.12500000
v 0.37500000 0.00000000 -0.12500000
v 0.37500000 0.00000000 -0.12500000
v 0.50000000 0.00000000 -0.12500000
v 0.50000000 0.00000000 0.00000000
v 0.37500000 0.00000000 -0.12500000
v 0.50000000 0.00000000 0.00000000
v 0.37500000 0.00000000 0.00000000
v 0.37500000 0.00000000 0.00000000
v 0.50000000 0.00000000 0.00000000
v 0.50000000 0.00000000 0.12500000
v 0.37500000 0.00000000 0.00000000
v 0.50000000 0.00000000 0.12500000
v 0.37500000 0.00000000 0.12500000
v 0.37500000 0.00000000 0.12500000
v 0.50000000 0.00000000 0.12500000
v 0.50000000 0.00000000 0.25000000
v 0.37500000 0.00000000 0.12500000
v 0.50000000 0.00000000 0.25000000
v 0.37500000 0.00000000 0.25000000
v 0.37500000 0.00000000 0.25000000
v 0.50000000 0.00000000 0.25000000
v 0.50000000 0.00000000 0.37500000
v 0.37500000 0.00000000 0.25000000
v 0.50000000 0.00000000 0.37500000
v 0.37500000 0.00000000 0.37500000
v 0.37500000 0.00000000 0.37500000
v 0.50000000 0.00000000 0.37500000
v 0.50000000 0.00000000 0.50000000
v 0.37500000 0.00000000 0.37500000
v 0.50000000 0.00000000 0.50000000
v 0.37500000 0.00000000 0.50000000
vt 0.00000000 0.00000000
vt 0.12500000 0.00000000
vt 0.12500000 0.12500000
vt 0.00000000 0.00000000
vt 0.12500000 0.12500000
vt 0.00000000 0.12500000
vt 0.00000000 0.12500000
vt 0.12500000 0.12500000
vt 0.12500000 0.25000000
vt 0.00000000 0.12500000
vt 0.12500000 0.25000000
vt 0.00000000 0.25000000
vt 0.00000000 0.25000000
vt 0.12500000 0.25000000
vt 0.12500000 0.37500000
vt 0.00000000 0.25000000
vt 0.12500000 0.37500000
vt 0.00000000 0.37500000
vt 0.00000000 0.37500000
vt 0.12500000 0.37500000
vt 0.12500000 0.50000000
vt 0.00000000 0.37500000
vt 0.12500000 0.50000000
vt 0.00000000 0.50000000
vt 0.00000000 0.50000000
vt 0.12500000 0.50000000
vt 0.12500000 0.62500000
vt 0.00000000 0.50000000
vt 0.12500000 0.62500000
vt 0.00000000 0.62500000
vt 0.00000000 0.62500000
vt 0.12500000 0.62500000
vt 0.12500000 0.75000000
vt 0.00000000 0.62500000
vt 0.12500000 0.75000000
vt 0.00000000 0.75000000
vt 0.00000000 0.75000000
vt 0.12500000 0.75000000
vt 0.12500000 0.87500000
vt 0.00000000 0.75000000
vt 0.12500000 0.87500000
vt 0.00000000 0.87500000
vt 0.00000000 0.87500000
vt 0.12500000 0.87500000
vt 0.12500000 1.00000000
vt 0.00000000 0.87500000
vt 0.12500000 1.00000000
vt 0.00000000 1.00000000
vt 0.12500000 0.00000000
vt 0.25000000 0.00000000
vt 0.25000000 0.12500000
vt 0.12500000 0.00000000
vt 0.25000000 0.12500000
vt 0.12500000 0.12500000
vt 0.12500000 0.12500000
vt 0.25000000 0.12500000
vt 0.25000000 0.25000000
vt 0.12500000 0.12500000
vt 0.25000000 0.25000000
vt 0.12500000 0.25000000
vt 0.12500000 0.25000000
vt 0.25000000 0.25000000
vt 0.25000000 0.37500000
vt 0.12500000 0.25000000
vt 0.25000000 0.37500000
vt 0.12500000 0.37500000
vt 0.12500000 0.37500000
vt 0.25000000 0.37500000
vt 0.25000000 0.50000000
vt 0.12500000 0.37500000
vt 0.25000000 0.50000000
vt 0.12500000 0.50000000
vt 0.12500000 0.50000000
vt 0.25000000 0.50000000
vt 0.25000000 0.62500000
vt 0.12500000 0.50000000
vt 0.25000000 0.62500000
vt 0.12500000 0.62500000
vt 0.12500000 0.62500000
vt 0.25000000 0.62500000
vt 0.25000000 0.75000000
vt 0.12500000 0.62500000
vt 0.25000000 0.75000000
vt 0.12500000 0.75000000
vt 0.12500000 0.75000000
vt 0.25000000 0.75000000
vt 0.25000000 0.87500000
vt 0.12500000 0.75000000
vt 0.25000000 0.87500000
vt 0.12500000 0.87500000
vt 0.12500000 0.87500000
vt 0.25000000 0.87500000
vt 0.25000000 1.00000000
vt 0.12500000 0.87500000
vt 0.25000000 1.00000000
vt 0.12500000 1.00000000
vt 0.25000000 0.00000000
vt 0.37500000 0.00000000
vt 0.37500000 0.12500000
vt 0.25000000 0.00000000
vt 0.37500000 0.12500000
vt 0.25000000 0.12500000
vt 0.25000000 0.12500000
vt 0.37500000 0.12500000
vt 0.37500000 0.25000000
vt 0.25000000 0.12500000
vt 0.37500000 0.25000000
vt 0.25000000 0.25000000
vt 0.25000000 0.25000000
vt 0.37500000 0.25000000
vt 0.37500000 0.37500000
vt 0.25000000 0.25000000
vt 0.37500000 0.37500000
vt 0.25000000 0.37500000
vt 0.25000000 0.37500000
vt 0.37500000 0.37500000
vt 0.37500000 0.50000000
vt 0.25000000 0.37500000
vt 0.37500000 0.50000000
vt 0.25000000 0.50000000
vt 0.25000000 0.50000000
vt 0.37500000 0.50000000
vt 0.37500000 0.62500000
vt 0.25000000 0.50000000
vt 0.37500000 0.62500000
vt 0.25000000 0.62500000
vt 0.25000000 0.62500000
vt 0.37500000 0.62500000
vt 0.37500000 0.75000000
vt 0.25000000 0.62500000
vt 0.37500000 0.75000000
vt 0.25000000 0.75000000
vt 0.25000000 0.75000000
vt 0.37500000 0.75000000
vt 0.37500000 0.87500000
vt 0.25000000 0.75000000
vt 0.37500000 0.87500000
vt 0.25000000 0.87500000
vt 0.25000000 0.87500000
vt 0.37500000 0.87500000
vt 0.37500000 1.00000000
vt 0.25000000 0.87500000
vt 0.37500000 1.00000000
vt 0.25000000 1.00000000
vt 0.37500000 0.00000000
vt 0.50000000 0.00000000
vt 0.50000000 0.12500000
vt 0.37500000 0.00000000
vt 0.50000000 0.12500000
vt 0.37500000 0.12500000
vt 0.37500000 0.12500000
vt 0.50000000 0.12500000
vt 0.50000000 0.25000000
vt 0.37500000 0.12500000
vt 0.50000000 0.25000000
vt 0.37500000 0.25000000
vt 0.37500000 0.25000000
vt 0.50000000 0.25000000
vt 0.50000000 0.37500000
vt 0.37500000 0.25000000
vt 0.50000000 0.37500000
vt 0.37500000 0.37500000
vt 0.37500000 0.37500000
vt 0.50000000 0.37500000
vt 0.50000000 0.50000000
vt 0.37500000 0.37500000
vt 0.50000000 0.50000000
vt 0.37500000 0.50000000
vt 0.37500000 0.50000000
vt 0.50000000 0.50000000
vt 0.50000000 0.62500000
vt 0.37500000 0.50000000
vt 0.50000000 0.62500000
vt 0.37500000 0.62500000
vt 0.37500000 0.62500000
vt 0.50000000 0.62500000
vt 0.50000000 0.75000000
vt 0.37500000 0.62500000
vt 0.50000000 0.75000000
vt 0.37500000 0.75000000
vt 0.37500000 0.75000000
vt 0.50000000 0.75000000
vt 0.50000000 0.87500000
vt 0.37500000 0.75000000
vt 0.50000000 0.87500000
vt 0.37500000 0.87500000
vt 0.37500000 0.87500000
vt 0.50000000 0.87500000
vt 0.50000000 1.00000000
vt 0.37500000 0.87500000
vt 0.50000000 1.00000000
vt 0.37500000 1.00000000
vt 0.50000000 0.00000000
vt 0.62500000 0.00000000
vt 0.62500000 0.12500000
vt 0.50000000 0.00000000
vt 0.62500000 0.12500000
vt 0.50000000 0.12500000
vt 0.50000000 0.12500000
vt 0.62500000 0.12500000
vt 0.62500000 0.25000000
vt 0.50000000 0.12500000
vt 0.62500000 0.25000000
vt 0.50000000 0.25000000
vt 0.50000000 0.25000000
vt 0.62500000 0.25000000
vt 0.62500000 0.37500000
vt 0.50000000 0.25000000
vt 0.62500000 0.37500000
vt 0.50000000 0.37500000
vt 0.50000000 0.37500000
vt 0.62500000 0.37500000
vt 0.62500000 0.50000000
vt 0.50000000 0.37500000
vt 0.62500000 0.50000000
vt 0.50000000 0.50000000
vt 0.50000000 0.50000000
vt 0.62500000 0.50000000
vt 0.62500000 0.62500000
vt 0.50000000 0.50000000
vt 0.62500000 0.62500000
vt 0.50000000 0.62500000
vt 0.50000000 0.62500000
vt 0.62500000 0.62500000
vt 0.62500000 0.75000000
vt 0.50000000 0.62500000
vt 0.62500000 0.75000000
vt 0.50000000 0.75000000
vt 0.50000000 0.75000000
vt 0.62500000 0.75000000
vt 0.62500000 0.87500000
vt 0.50000000 0.75000000
vt 0.62500000 0.87500000
vt 0.50000000 0.87500000
vt 0.50000000 0.87500000
vt 0.62500000 0.87500000
vt 0.62500000 1.00000000
vt 0.50000000 0.87500000
vt 0.62500000 1.00000000
vt 0.50000000 1.00000000
vt 0.62500000 0.00000000
vt 0.75000000 0.00000000
vt 0.75000000 0.12500000
vt 0.62500000 0.00000000
vt 0.75000000 0.12500000
vt 0.62500000 0.12500000
vt 0.62500000 0.12500000
vt 0.75000000 0.12500000
vt 0.75000000 0.25000000
vt 0.62500000 0.12500000
vt 0.75000000 0.25000000
vt 0.62500000 0.25000000
vt 0.62500000 0.25000000
vt 0.75000000 0.25000000
vt 0.75000000 0.37500000
vt 0.62500000 0.25000000
vt 0.75000000 0.37500000
vt 0.62500000 0.37500000
vt 0.62500000 0.37500000
vt 0.75000000 0.37500000
vt 0.75000000 0.50000000
vt 0.62500000 0.37500000
vt 0.75000000 0.50000000
vt 0.62500000 0.50000000
vt 0.62500000 0.50000000
vt 0.75000000 0.50000000
vt 0.75000000 0.62500000
vt 0.62500000 0.50000000
vt 0.75000000 0.62500000
vt 0.62500000 0.62500000
vt 0.62500000 0.62500000
vt 0.75000000 0.62500000
vt 0.75000000 0.75000000
vt 0.62500000 0.62500000
vt 0.75000000 0.75000000
vt 0.62500000 0.75000000
vt 0.62500000 0.75000000
vt 0.75000000 0.75000000
vt 0.75000000 0.87500000
vt 0.62500000 0.75000000
vt 0.75000000 0.87500000
vt 0.62500000 0.87500000
vt 0.62500000 0.87500000
vt 0.75000000 0.87500000
vt 0.75000000 1.00000000
vt 0.62500000 0.87500000
vt 0.75000000 1.00000000
vt 0.62500000 1.00000000
vt 0.75000000 0.00000000
vt 0.87500000 0.00000000
vt 0.87500000 0.12500000
vt 0.75000000 0.00000000
vt 0.87500000 0.12500000
vt 0.75000000 0.12500000
vt 0.75000000 0.12500000
vt 0.87500000 0.12500000
vt 0.87500000 0.25000000
vt 0.75000000 0.12500000
vt 0.87500000 0.25000000
vt 0.75000000 0.25000000
vt 0.75000000 0.25000000
vt 0.87500000 0.25000000
vt 0.87500000 0.37500000
vt 0.75000000 0.25000000
vt 0.87500000 0.37500000
vt 0.75000000 0.37500000
vt 0.75000000 0.37500000
vt 0.87500000 0.37500000
vt 0.87500000 0.50000000
vt 0.75000000 0.37500000
vt 0.87500000 0.50000000
vt 0.75000000 0.50000000
vt 0.75000000 0.50000000
vt 0.87500000 0.50000000
vt 0.87500000 0.62500000
vt 0.75000000 0.50000000
vt 0.87500000 0.62500000
vt 0.75000000 0.62500000
vt 0.75000000 0.62500000
vt 0.87500000 0.62500000
vt 0.87500000 0.75000000
vt 0.75000000 0.62500000
vt 0.87500000 0.75000000
vt 0.75000000 0.75000000
vt 0.75000000 0.75000000
vt 0.87500000 0.75000000
vt 0.87500000 0.87500000
vt 0.75000000 0.75000000
vt 0.87500000 0.87500000
vt 0.75000000 0.87500000
vt 0.75000000 0.87500000
vt 0.87500000 0.87500000
vt 0.87500000 1.00000000
vt 0.75000000 0.87500000
vt 0.87500000 1.00000000
vt 0.75000000 1.00000000
vt 0.87500000 0.00000000
vt 1.00000000 0.00000000
vt 1.00000000 0.12500000
vt 0.87500000 0.00000000
vt 1.00000000 0.12500000
vt 0.87500000 0.12500000
vt 0.87500000 0.12500000
vt 1.00000000 0.12500000
vt 1.00000000 0.25000000
vt 0.87500000 0.12500000
vt 1.00000000 0.25000000
vt 0.87500000 0.25000000
vt 0.87500000 0.25000000
vt 1.00000000 0.25000000
vt 1.00000000 0.37500000
vt 0.87500000 0.25000000
vt 1.00000000 0.37500000
vt 0.87500000 0.37500000
vt 0.87500000 0.37500000
vt 1.00000000 0.37500000
vt 1.00000000 0.50000000
vt 0.87500000 0.37500000
vt 1.00000000 0.50000000
vt 0.87500000 0.50000000
vt 0.87500000 0.50000000
vt 1.00000000 0.50000000
vt 1.00000000 0.62500000
vt 0.87500000 0.50000000
vt 1.00000000 0.62500000
vt 0.87500000 0.62500000
vt 0.87500000 0.62500000
vt 1.00000000 0.62500000
vt 1.00000000 0.75000000
vt 0.87500000 0.62500000
vt 1.00000000 0.75000000
vt 0.87500000 0.75000000
vt 0.87500000 0.75000000
vt 1.00000000 0.75000000
vt 1.00000000 0.87500000
vt 0.87500000 0.75000000
vt 1.00000000 0.87500000
vt 0.87500000 0.87500000
vt 0.87500000 0.87500000
vt 1.00000000 0.87500000
vt 1.00000000 1.00000000
vt 0.87500000 0.87500000
vt 1.00000000 1.00000000
vt 0.87500000 1.00000000
f 35/35 36/36 37/37
f 38/38 39/39 40/40
f 41/41 42/42 43/43
f 44/44 45/45 46/46
f 47/47 48/48 49/49
f 50/50 51/51 52/52
f 53/53 54/54 55/55
f 56/56 57/57 58/58
f 59/59 60/60 61/61
f 62/62 63/63 64/64
f 65/65 66/66 67/67
f 68/68 69/69 70/70
f 71/71 72/72 73/73
f 74/74 75/75 76/76
f 77/77 78/78 79/79
f 80/80 81/81 82/82
f 83/83 84/84 85/85
f 86/86 87/87 88/88
f 89/89 90/90 91/91
f 92/92 93/93 94/94
f 95/95 96/96 97/97
f 98/98 99/99 100/100
f 101/101 102/102 103/103
f 104/104 105/105 106/106
f 107/107 108/108 109/109
f 110/110 111/111 112/112
f 113/113 114/114 115/115
f 116/116 117/117 118/118
f 119/119 120/120 121/121
f 122/122 123/123 124/124
f 125/125 126/126 127/127
f 128/128 129/129 130/130
f 131/131 132/132 133/133
f 134/134 135/135 136/136
f 137/137 138/138 139/139
f 140/140 141/141 142/142
f 143/143 144/144 145/145
f 146/146 147/147 148/148
f 149/149 150/150 151/151
f 152/152 153/153 154/154
f 155/155 156/156 157/157
f 158/158 159/159 160/160
f 161/161 162/162 163/163
f 164/164 165/165 166/166
f 167/167 168/168 169/169
f 170/170 171/171 172/172
f 173/173 174/174 175/175
f 176/176 177/177 178/178
f 179/179 180/180 181/181
f 182/182 183/183 184/184
f 185/185 186/186 187/187
f 188/188 189/189 190/190
f 191/191 192/192 193/193
f 194/194 195/195 196/196
f 197/197 198/198 199/199
f 200/200 201/201 202/202
f 203/203 204/204 205/205
f 206/206 207/207 208/208
f 209/209 210/210 211/211
f 212/212 213/213 214/214
f 215/215 216/216 217/217
f 218/218 219/219 220/220
f 221/221 222/222 223/223
f 224/224 225/225 226/226
f 227/227 228/228 229/229
f 230/230 231/231 232/232
f 233/233 234/234 235/235
f 236/236 237/237 238/238
f 239/239 240/240 241/241
f 242/242 243/243 244/244
f 245/245 246/246 247/247
f 248/248 249/249 250/250
f 251/251 252/252 253/253
f 254/254 255/255 256/256
f 257/257 258/258 259/259
f 260/260 261/261 262/262
f 263/263 264/264 265/265
f 266/266 267/267 268/268
f 269/269 270/270 271/271
f 272/272 273/273 274/274
f 275/275 276/276 277/277
f 278/278 279/279 280/280
f 281/281 282/282 283/283
f 284/284 285/285 286/286
f 287/287 288/288 289/289
f 290/290 291/291 292/292
f 293/293 294/294 295/295
f 296/296 297/297 298/298
f 299/299 300/300 301/301
f 302/302 303/303 304/304
f 305/305 306/306 307/307
f 308/308 309/309 310/310
f 311/311 312/312 313/313
f 314/314 315/315 316/316
f 317/317 318/318 319/319
f 320/320 321/321 322/322
f 323/323 324/324 325/325
f 326/326 327/327 328/328
f 329/329 330/330 331/331
f 332/332 333/333 334/334
f 335/335 336/336 337/337
f 338/338 339/339 340/340
f 341/341 342/342 343/343
f 344/344 345/345 346/346
f 347/347 348/348 349/349
f 350/350 351/351 352/352
f 353/353 354/354 355/355
f 356/356 357/357 358/358
f 359/359 360/360 361/361
f 362/362 363/363 364/364
f 365/365 366/366 367/367
f 368/368 369/369 370/370
f 371/371 372/372 373/373
f 374/374 375/375 376/376
f 377/377 378/378 379/379
f 380/380 381/381 382/382
f 383/383 384/384 385/385
f 386/386 387/387 388/388
f 389/389 390/390 391/391
f 392/392 393/393 394/394
f 395/395 396/396 397/397
f 398/398 399/399 400/400
f 401/401 402/402 403/403
f 404/404 405/405 406/406
f 407/407 408/408 409/409
f 410/410 411/411 412/412
f 413/413 414/414 415/415
f 416/416 417/417 418/418

o geometry_1
usemtl material_2
v -0.50000000 2.00000000 -0.50000000
v -0.37500000 2.00000000 -0.50000000
v -0.37500000 2.01183271 -0.37500000
v -0.50000000 2.00000000 -0.50000000
v -0.37500000 2.01183271 -0.37500000
v -0.50000000 2.00000000 -0.37500000
v -0.50000000 2.00000000 -0.37500000
v -0.37500000 2.01183271 -0.37500000
v -0.37500000 1.99266577 -0.25000000
v -0.50000000 2.00000000 -0.37500000
v -0.37500000 1.99266577 -0.25000000
v -0.50000000 2.00000000 -0.25000000
v -0.50000000 2.00000000 -0.25000000
v -0.37500000 1.99266577 -0.25000000
v -0.37500000 1.97672188 -0.12500000
v -0.50000000 2.00000000 -0.25000000
v -0.37500000 1.97672188 -0.12500000
v -0.50000000 2.00000000 -0.12500000
v -0.50000000 2.00000000 -0.12500000
v -0.37500000 1.97672188 -0.12500000
v -0.37500000 1.97587156 0.00000000
v -0.50000000 2.00000000 -0.12500000
v -0.37500000 1.97587156 0.00000000
v -0.50000000 2.00000000 0.00000000
v -0.50000000 2.00000000 0.00000000
v -0.37500000 1.97587156 0.00000000
v -0.37500000 1.98076105 0.12500000
v -0.50000000 2.00000000 0.00000000
v -0.37500000 1.98076105 0.12500000
v -0.50000000 2.00000000 0.12500000
v -0.50000000 2.00000000 0.12500000
v -0.37500000 1.98076105 0.12500000
v -0.37500000 1.98883927 0.25000000
v -0.50000000 2.00000000 0.12500000
v -0.37500000 1.98883927 0.25000000
v -0.50000000 2.00000000 0.25000000
v -0.50000000 2.00000000 0.25000000
v -0.37500000 1.98883927 0.25000000
v -0.37500000 1.99763346 0.37500000
v -0.50000000 2.00000000 0.25000000
v -0.37500000 1.99763346 0.37500000
v -0.50000000 2.00000000 0.37500000
v -0.50000000 2.00000000 0.37500000
v -0.37500000 1.99763346 0.37500000
v -0.37500000 2.00000000 0.50000000
v -0.50000000 2.00000000 0.37500000
v -0.37500000 2.00000000 0.50000000
v -0.50000000 2.00000000 0.50000000
v -0.37500000 2.00000000 -0.50000000
v -0.25000000 2.00000000 -0.50000000
v -0.25000000 2.01392436 -0.37500000
v -0.37500000 2.00000000 -0.50000000
v -0.25000000 2.01392436 -0.37500000
v -0.37500000 2.01183271 -0.37500000
v -0.37500000 2.01183271 -0.37500000
v -0.25000000 2.01392436 -0.37500000
v -0.25000000 1.99703526 -0.25000000
v -0.37500000 2.01183271 -0.37500000
v -0.25000000 1.99703526 -0.25000000
v -0.37500000 1.99266577 -0.25000000
v -0.37500000 1.99266577 -0.25000000
v -0.25000000 1.99703526 -0.25000000
v -0.25000000 1.98605490 -0.12500000
v -0.37500000 1.99266577 -0.25000000
v -0.25000000 1.98605490 -0.12500000
v -0.37500000 1.97672188 -0.12500000
v -0.37500000 1.97672188 -0.12500000
v -0.25000000 1.98605490 -0.12500000
v -0.25000000 1.99483919 0.00000000
v -0.37500000 1.97672188 -0.12500000
v -0.25000000 1.99483919 0.00000000
v -0.37500000 1.97587156 0.00000000
v -0.37500000 1.97587156 0.00000000
v -0.25000000 1.99483919 0.00000000
v -0.25000000 2.00757647 0.12500000
v -0.37500000 1.97587156 0.00000000
v -0.25000000 2.00757647 0.12500000
v -0.37500000 1.98076105 0.12500000
v -0.37500000 1.98076105 0.12500000
v -0.25000000 2.00757647 0.12500000
v -0.25000000 2.01240778 0.25000000
v -0.37500000 1.98076105 0.12500000
v -0.25000000 2.01240778 0.25000000
v -0.37500000 1.98883927 0.25000000
v -0.37500000 1.98883927 0.25000000
v -0.25000000 2.01240778 0.25000000
v -0.25000000 2.01392436 0.37500000
v -0.37500000 1.98883927 0.25000000
v -0.25000000 2.01392436 0.37500000
v -0.37500000 1.99763346 0.37500000
v -0.37500000 1.99763346 0.37500000
v -0.25000000 2.01392436 0.37500000
v -0.25000000 2.00000000 0.50000000
v -0.37500000 1.99763346 0.37500000
v -0.25000000 2.00000000 0.50000000
v -0.37500000 2.00000000 0.50000000
v -0.25000000 2.00000000 -0.50000000
v -0.12500000 2.00000000 -0.50000000
v -0.12500000 2.01328659 -0.37500000
v -0.25000000 2.00000000 -0.50000000
v -0.12500000 2.01328659 -0.37500000
v -0.25000000 2.01392436 -0.37500000
v -0.25000000 2.01392436 -0.37500000
v -0.12500000 2.01328659 -0.37500000
v -0.12500000 2.00032949 -0.25000000
v -0.25000000 2.01392436 -0.37500000
v -0.12500000 2.00032949 -0.25000000
v -0.25000000 1.99703526 -0.25000000
v -0.25000000 1.99703526 -0.25000000
v -0.12500000 2.00032949 -0.25000000
v -0.12500000 1.99418044 -0.12500000
v -0.25000000 1.99703526 -0.25000000
v -0.12500000 1.99418044 -0.12500000
v -0.25000000 1.98605490 -0.12500000
v -0.25000000 1.98605490 -0.12500000
v -0.12500000 1.99418044 -0.12500000
v -0.12500000 2.00955296 0.00000000
v -0.25000000 1.98605490 -0.12500000
v -0.12500000 2.00955296 0.00000000
v -0.25000000 1.99483919 0.00000000
v -0.25000000 1.99483919 0.00000000
v -0.12500000 2.00955296 0.00000000
v -0.12500000 2.02690196 0.12500000
v -0.25000000 1.99483919 0.00000000
v -0.12500000 2.02690196 0.12500000
v -0.25000000 2.00757647 0.12500000
v -0.25000000 2.00757647 0.12500000
v -0.12500000 2.02690196 0.12500000
v -0.12500000 2.02800012 0.25000000
v -0.25000000 2.00757647 0.12500000
v -0.12500000 2.02800012 0.25000000
v -0.25000000 2.01240778 0.25000000
v -0.25000000 2.01240778 0.25000000
v -0.12500000 2.02800012 0.25000000
v -0.12500000 2.02667952 0.37500000
v -0.25000000 2.01240778 0.25000000
v -0.12500000 2.02667952 0.37500000
v -0.25000000 2.01392436 0.37500000
v -0.25000000 2.01392436 0.37500000
v -0.12500000 2.02667952 0.37500000
v -0.12500000 2.00000000 0.50000000
v -0.25000000 2.01392436 0.37500000
v -0.12500000 2.00000000 0.50000000
v -0.25000000 2.00000000 0.50000000
v -0.12500000 2.00000000 -0.50000000
v 0.00000000 2.00000000 -0.50000000
v 0.00000000 2.00775933 -0.37500000
v -0.12500000 2.00000000 -0.50000000
v 0.00000000 2.00775933 -0.37500000
v -0.12500000 2.01328659 -0.37500000
v -0.12500000 2.01328659 -0.37500000
v 0.00000000 2.00775933 -0.37500000
v 0.00000000 1.99989021 -0.25000000
v -0.12500000 2.01328659 -0.37500000
v 0.00000000 1.99989021 -0.25000000
v -0.12500000 2.00032949 -0.25000000
v -0.12500000 2.00032949 -0.25000000
v 0.00000000 1.99989021 -0.25000000
v 0.00000000 1.99703526 -0.12500000
v -0.12500000 2.00032949 -0.25000000
v 0.00000000 1.99703526 -0.12500000
v -0.12500000 1.99418044 -0.12500000
v -0.12500000 1.99418044 -0.12500000
v 0.00000000 1.99703526 -0.12500000
v 0.00000000 2.00867462 0.00000000
v -0.12500000 1.99418044 -0.12500000
v 0.00000000 2.00867462 0.00000000
v -0.12500000 2.00955296 0.00000000
v -0.12500000 2.00955296 0.00000000
v 0.00000000 2.00867462 0.00000000
v 0.00000000 2.02207065 0.12500000
v -0.12500000 2.00955296 0.00000000
v 0.00000000 2.02207065 0.12500000
v -0.12500000 2.02690196 0.12500000
v -0.12500000 2.02690196 0.12500000
v 0.00000000 2.02207065 0.12500000
v 0.00000000 2.02602363 0.25000000
v -0.12500000 2.02690196 0.12500000
v 0.00000000 2.02602363 0.25000000
v -0.12500000 2.02800012 0.25000000
v -0.12500000 2.02800012 0.25000000
v 0.00000000 2.02602363 0.25000000
v 0.00000000 2.02540398 0.37500000
v -0.12500000 2.02800012 0.25000000
v 0.00000000 2.02540398 0.37500000
v -0.12500000 2.02667952 0.37500000
v -0.12500000 2.02667952 0.37500000
v 0.00000000 2.02540398 0.37500000
v 0.00000000 2.00000000 0.50000000
v -0.12500000 2.02667952 0.37500000
v 0.00000000 2.00000000 0.50000000
v -0.12500000 2.00000000 0.50000000
v 0.00000000 2.00000000 -0.50000000
v 0.12500000 2.00000000 -0.50000000
v 0.12500000 2.00074410 -0.37500000
v 0.00000000 2.00000000 -0.50000000
v 0.12500000 2.00074410 -0.37500000
v 0.00000000 2.00775933 -0.37500000
v 0.00000000 2.00775933 -0.37500000
v 0.12500000 2.00074410 -0.37500000
v 0.12500000 1.99681568 -0.25000000
v 0.00000000 2.00775933 -0.37500000
v 0.12500000 1.99681568 -0.25000000
v 0.00000000 1.99989021 -0.25000000
v 0.00000000 1.99989021 -0.25000000
v 0.12500000 1.99681568 -0.25000000
v 0.12500000 1.99549806 -0.12500000
v 0.00000000 1.99989021 -0.25000000
v 0.12500000 1.99549806 -0.12500000
v 0.00000000 1.99703526 -0.12500000
v 0.00000000 1.99703526 -0.12500000
v 0.12500000 1.99549806 -0.12500000
v 0.12500000 2.00142741 0.00000000
v 0.00000000 1.99703526 -0.12500000
v 0.12500000 2.00142741 0.00000000
v 0.00000000 2.00867462 0.00000000
v 0.00000000 2.00867462 0.00000000
v 0.12500000 2.00142741 0.00000000
v 0.12500000 2.00889421 0.12500000
v 0.00000000 2.00867462 0.00000000
v 0.12500000 2.00889421 0.12500000
v 0.00000000 2.02207065 0.12500000
v 0.00000000 2.02207065 0.12500000
v 0.12500000 2.00889421 0.12500000
v 0.12500000 2.01570201 0.25000000
v 0.00000000 2.02207065 0.12500000
v 0.12500000 2.01570201 0.25000000
v 0.00000000 2.02602363 0.25000000
v 0.00000000 2.02602363 0.25000000
v 0.12500000 2.01570201 0.25000000
v 0.12500000 2.02030182 0.37500000
v 0.00000000 2.02602363 0.25000000
v 0.12500000 2.02030182 0.37500000
v 0.00000000 2.02540398 0.37500000
v 0.00000000 2.02540398 0.37500000
v 0.12500000 2.02030182 0.37500000
v 0.12500000 2.00000000 0.50000000
v 0.00000000 2.02540398 0.37500000
v 0.12500000 2.00000000 0.50000000
v 0.00000000 2.00000000 0.50000000
v 0.12500000 2.00000000 -0.50000000
v 0.25000000 2.00000000 -0.50000000
v 0.25000000 1.99372876 -0.37500000
v 0.12500000 2.00000000 -0.50000000
v 0.25000000 1.99372876 -0.37500000
v 0.12500000 2.00074410 -0.37500000
v 0.12500000 2.00074410 -0.37500000
v 0.25000000 1.99372876 -0.37500000
v 0.25000000 1.98912942 -0.25000000
v 0.12500000 2.00074410 -0.37500000
v 0.25000000 1.98912942 -0.25000000
v 0.12500000 1.99681568 -0.25000000
v 0.12500000 1.99681568 -0.25000000
v 0.25000000 1.98912942 -0.25000000
v 0.25000000 1.98715293 -0.12500000
v 0.12500000 1.99681568 -0.25000000
v 0.25000000 1.98715293 -0.12500000
v 0.12500000 1.99549806 -0.12500000
v 0.12500000 1.99549806 -0.12500000
v 0.25000000 1.98715293 -0.12500000
v 0.25000000 1.99044704 0.00000000
v 0.12500000 1.99549806 -0.12500000
v 0.25000000 1.99044704 0.00000000
v 0.12500000 2.00142741 0.00000000
v 0.12500000 2.00142741 0.00000000
v 0.25000000 1.99044704 0.00000000
v 0.25000000 1.99703526 0.12500000
v 0.12500000 2.00142741 0.00000000
v 0.25000000 1.99703526 0.12500000
v 0.12500000 2.00889421 0.12500000
v 0.12500000 2.00889421 0.12500000
v 0.25000000 1.99703526 0.12500000
v 0.25000000 2.00757647 0.25000000
v 0.12500000 2.00889421 0.12500000
v 0.25000000 2.00757647 0.25000000
v 0.12500000 2.01570201 0.25000000
v 0.12500000 2.01570201 0.25000000
v 0.25000000 2.00757647 0.25000000
v 0.25000000 2.01775074 0.37500000
v 0.12500000 2.01570201 0.25000000
v 0.25000000 2.01775074 0.37500000
v 0.12500000 2.02030182 0.37500000
v 0.12500000 2.02030182 0.37500000
v 0.25000000 2.01775074 0.37500000
v 0.25000000 2.00000000 0.50000000
v 0.12500000 2.02030182 0.37500000
v 0.25000000 2.00000000 0.50000000
v 0.12500000 2.00000000 0.50000000
v 0.25000000 2.00000000 -0.50000000
v 0.37500000 2.00000000 -0.50000000
v 0.37500000 1.98837304 -0.37500000
v 0.25000000 2.00000000 -0.50000000
v 0.37500000 1.98837304 -0.37500000
v 0.25000000 1.99372876 -0.37500000
v 0.25000000 1.99372876 -0.37500000
v 0.37500000 1.98837304 -0.37500000
v 0.37500000 1.98161137 -0.25000000
v 0.25000000 1.99372876 -0.37500000
v 0.37500000 1.98161137 -0.25000000
v 0.25000000 1.98912942 -0.25000000
v 0.25000000 1.98912942 -0.25000000
v 0.37500000 1.98161137 -0.25000000
v 0.37500000 1.97757232 -0.12500000
v 0.25000000 1.98912942 -0.25000000
v 0.37500000 1.97757232 -0.12500000
v 0.25000000 1.98715293 -0.12500000
v 0.25000000 1.98715293 -0.12500000
v 0.37500000 1.97757232 -0.12500000
v 0.37500000 1.97991073 0.00000000
v 0.25000000 1.98715293 -0.12500000
v 0.37500000 1.97991073 0.00000000
v 0.25000000 1.99044704 0.00000000
v 0.25000000 1.99044704 0.00000000
v 0.37500000 1.97991073 0.00000000
v 0.37500000 1.98671341 0.12500000
v 0.25000000 1.99044704 0.00000000
v 0.37500000 1.98671341 0.12500000
v 0.25000000 1.99703526 0.12500000
v 0.25000000 1.99703526 0.12500000
v 0.37500000 1.98671341 0.12500000
v 0.37500000 2.00053144 0.25000000
v 0.25000000 1.99703526 0.12500000
v 0.37500000 2.00053144 0.25000000
v 0.25000000 2.00757647 0.25000000
v 0.25000000 2.00757647 0.25000000
v 0.37500000 2.00053144 0.25000000
v 0.37500000 2.01491952 0.37500000
v 0.25000000 2.00757647 0.25000000
v 0.37500000 2.01491952 0.37500000
v 0.25000000 2.01775074 0.37500000
v 0.25000000 2.01775074 0.37500000
v 0.37500000 2.01491952 0.37500000
v 0.37500000 2.00000000 0.50000000
v 0.25000000 2.01775074 0.37500000
v 0.37500000 2.00000000 0.50000000
v 0.25000000 2.00000000 0.50000000
v 0.37500000 2.00000000 -0.50000000
v 0.50000000 2.00000000 -0.50000000
v 0.50000000 2.00000000 -0.37500000
v 0.37500000 2.00000000 -0.50000000
v 0.50000000 2.00000000 -0.37500000
v 0.37500000 1.98837304 -0.37500000
v 0.37500000 1.98837304 -0.37500000
v 0.50000000 2.00000000 -0.37500000
v 0.50000000 2.00000000 -0.25000000
v 0.37500000 1.98837304 -0.37500000
v 0.50000000 2.00000000 -0.25000000
v 0.37500000 1.98161137 -0.25000000
v 0.37500000 1.98161137 -0.25000000
v 0.50000000 2.00000000 -0.25000000
v 0.50000000 2.00000000 -0.12500000
v 0.37500000 1.98161137 -0.25000000
v 0.50000000 2.00000000 -0.12500000
v 0.37500000 1.97757232 -0.12500000
v 0.37500000 1.97757232 -0.12500000
v 0.50000000 2.00000000 -0.12500000
v 0.50000000 2.00000000 0.00000000
v 0.37500000 1.97757232 -0.12500000
v 0.50000000 2.00000000 0.00000000
v 0.37500000 1.97991073 0.00000000
v 0.37500000 1.97991073 0.00000000
v 0.50000000 2.00000000 0.00000000
v 0.50000000 2.00000000 0.12500000
v 0.37500000 1.97991073 0.00000000
v 0.50000000 2.00000000 0.12500000
v 0.37500000 1.98671341 0.12500000
v 0.37500000 1.98671341 0.12500000
v 0.50000000 2.00000000 0.12500000
v 0.50000000 2.00000000 0.25000000
v 0.37500000 1.98671341 0.12500000
v 0.50000000 2.00000000 0.25000000
v 0.37500000 2.00053144 0.25000000
v 0.37500000 2.00053144 0.25000000
v 0.50000000 2.00000000 0.25000000
v 0.50000000 2.00000000 0.37500000
v 0.37500000 2.00053144 0.25000000
v 0.50000000 2.00000000 0.37500000
v 0.37500000 2.01491952 0.37500000
v 0.37500000 2.01491952 0.37500000
v 0.50000000 2.00000000 0.37500000
v 0.50000000 2.00000000 0.50000000
v 0.37500000 2.01491952 0.37500000
v 0.50000000 2.00000000 0.50000000
v 0.37500000 2.00000000 0.50000000
vt 0.00000000 0.00000000
vt 0.12500000 0.00000000
vt 0.12500000 0.12500000
vt 0.00000000 0.00000000
vt 0.12500000 0.12500000
vt 0.00000000 0.12500000
vt 0.00000000 0.12500000
vt 0.12500000 0.12500000
vt 0.12500000 0.25000000
vt 0.00000000 0.12500000
vt 0.12500000 0.25000000
vt 0.00000000 0.25000000
vt 0.00000000 0.25000000
vt 0.12500000 0.25000000
vt 0.12500000 0.37500000
vt 0.00000000 0.25000000
vt 0.12500000 0.37500000
vt 0.00000000 0.37500000
vt 0.00000000 0.37500000
vt 0.12500000 0.37500000
vt 0.12500000 0.50000000
vt 0.00000000 0.37500000
vt 0.12500000 0.50000000
vt 0.00000000 0.50000000
vt 0.00000000 0.50000000
vt 0.12500000 0.50000000
vt 0.12500000 0.62500000
vt 0.00000000 0.50000000
vt 0.12500000 0.62500000
vt 0.00000000 0.62500000
vt 0.00000000 0.62500000
vt 0.12500000 0.62500000
vt 0.12500000 0.75000000
vt 0.00000000 0.62500000
vt 0.12500000 0.75000000
vt 0.00000000 0.75000000
vt 0.00000000 0.75000000
vt 0.12500000 0.75000000
vt 0.12500000 0.87500000
vt 0.00000000 0.75000000
vt 0.12500000 0.87500000
vt 0.00000000 0.87500000
vt 0.00000000 0.87500000
vt 0.12500000 0.87500000
vt 0.12500000 1.00000000
vt 0.00000000 0.87500000
vt 0.12500000 1.00000000
vt 0.00000000 1.00000000
vt 0.12500000 0.00000000
vt 0.25000000 0.00000000
vt 0.25000000 0.12500000
vt 0.12500000 0.00000000
vt 0.25000000 0.12500000
vt 0.12500000 0.12500000
vt 0.12500000 0.12500000
vt 0.25000000 0.12500000
vt 0.25000000 0.25000000
vt 0.12500000 0.12500000
vt 0.25000000 0.25000000
vt 0.12500000 0.25000000
vt 0.12500000 0.25000000
vt 0.25000000 0.25000000
vt 0.25000000 0.37500000
vt 0.12500000 0.25000000
vt 0.25000000 0.37500000
vt 0.12500000 0.37500000
vt 0.12500000 0.37500000
vt 0.25000000 0.37500000
vt 0.25000000 0.50000000
vt 0.12500000 0.37500000
vt 0.25000000 0.50000000
vt 0.12500000 0.50000000
vt 0.12500000 0.50000000
vt 0.25000000 0.50000000
vt 0.25000000 0.62500000
vt 0.12500000 0.50000000
vt 0.25000000 0.62500000
vt 0.12500000 0.62500000
vt 0.12500000 0.62500000
vt 0.25000000 0.62500000
vt 0.25000000 0.75000000
vt 0.12500000 0.62500000
vt 0.25000000 0.75000000
vt 0.12500000 0.75000000
vt 0.12500000 0.75000000
vt 0.25000000 0.75000000
vt 0.25000000 0.87500000
vt 0.12500000 0.75000000
vt 0.25000000 0.87500000
vt 0.12500000 0.87500000
vt 0.12500000 0.87500000
vt 0.25000000 0.87500000
vt 0.25000000 1.00000000
vt 0.12500000 0.87500000
vt 0.25000000 1.00000000
vt 0.12500000 1.00000000
vt 0.25000000 0.00000000
vt 0.37500000 0.00000000
vt 0.37500000 0.12500000
vt 0.25000000 0.00000000
vt 0.37500000 0.12500000
vt 0.25000000 0.12500000
vt 0.25000000 0.12500000
vt 0.37500000 0.12500000
vt 0.37500000 0.25000000
vt 0.25000000 0.12500000
vt 0.37500000 0.25000000
vt 0.25000000 0.25000000
vt 0.25000000 0.25000000
vt 0.37500000 0.25000000
vt 0.37500000 0.37500000
vt 0.25000000 0.25000000
vt 0.37500000 0.37500000
vt 0.25000000 0.37500000
vt 0.25000000 0.37500000
vt 0.37500000 0.37500000
vt 0.37500000 0.50000000
vt 0.25000000 0.37500000
vt 0.37500000 0.50000000
vt 0.25000000 0.50000000
vt 0.25000000 0.50000000
vt 0.37500000 0.50000000
vt 0.37500000 0.62500000
vt 0.25000000 0.50000000
vt 0.37500000 0.62500000
vt 0.25000000 0.62500000
vt 0.25000000 0.62500000
vt 0.37500000 0.62500000
vt 0.37500000 0.75000000
vt 0.25000000 0.62500000
vt 0.37500000 0.75000000
vt 0.25000000 0.75000000
vt 0.25000000 0.75000000
vt 0.37500000 0.75000000
vt 0.37500000 0.87500000
vt 0.25000000 0.75000000
vt 0.37500000 0.87500000
vt 0.25000000 0.87500000
vt 0.25000000 0.87500000
vt 0.37500000 0.87500000
vt 0.37500000 1.00000000
vt 0.25000000 0.87500000
vt 0.37500000 1.00000000
vt 0.25000000 1.00000000
vt 0.37500000 0.00000000
vt 0.50000000 0.00000000
vt 0.50000000 0.12500000
vt 0.37500000 0.00000000
vt 0.50000000 0.12500000
vt 0.37500000 0.12500000
vt 0.37500000 0.12500000
vt 0.50000000 0.12500000
vt 0.50000000 0.25000000
vt 0.37500000 0.12500000
vt 0.50000000 0.25000000
vt 0.37500000 0.25000000
vt 0.37500000 0.25000000
vt 0.50000000 0.25000000
vt 0.50000000 0.37500000
vt 0.37500000 0.25000000
vt 0.50000000 0.37500000
vt 0.37500000 0.37500000
vt 0.37500000 0.37500000
vt 0.50000000 0.37500000
vt 0.50000000 0.50000000
vt 0.37500000 0.37500000
vt 0.50000000 0.50000000
vt 0.37500000 0.50000000
vt 0.37500000 0.50000000
vt 0.50000000 0.50000000
vt 0.50000000 0.62500000
vt 0.37500000 0.50000000
vt 0.50000000 0.62500000
vt 0.37500000 0.62500000
vt 0.37500000 0.62500000
vt 0.50000000 0.62500000
vt 0.50000000 0.75000000
vt 0.37500000 0.62500000
vt 0.50000000 0.75000000
vt 0.37500000 0.75000000
vt 0.37500000 0.75000000
vt 0.50000000 0.75000000
vt 0.50000000 0.87500000
vt 0.37500000 0.75000000
vt 0.50000000 0.87500000
vt 0.37500000 0.87500000
vt 0.37500000 0.87500000
vt 0.50000000 0.87500000
vt 0.50000000 1.00000000
vt 0.37500000 0.87500000
vt 0.50000000 1.00000000
vt 0.37500000 1.00000000
vt 0.50000000 0.00000000
vt 0.62500000 0.00000000
vt 0.62500000 0.12500000
vt 0.50000000 0.00000000
vt 0.62500000 0.12500000
vt 0.50000000 0.12500000
vt 0.50000000 0.12500000
vt 0.62500000 0.12500000
vt 0.62500000 0.25000000
vt 0.50000000 0.12500000
vt 0.62500000 0.25000000
vt 0.50000000 0.25000000
vt 0.50000000 0.25000000
vt 0.62500000 0.25000000
vt 0.62500000 0.37500000
vt 0.50000000 0.25000000
vt 0.62500000 0.37500000
vt 0.50000000 0.37500000
vt 0.50000000 0.37500000
vt 0.62500000 0.37500000
vt 0.62500000 0.50000000
vt 0.50000000 0.37500000
vt 0.62500000 0.50000000
vt 0.50000000 0.50000000
vt 0.50000000 0.50000000
vt 0.62500000 0.50000000
vt 0.62500000 0.62500000
vt 0.50000000 0.50000000
vt 0.62500000 0.62500000
vt 0.50000000 0.62500000
vt 0.50000000 0.62500000
vt 0.62500000 0.62500000
vt 0.62500000 0.75000000
vt 0.50000000 0.62500000
vt 0.62500000 0.75000000
vt 0.50000000 0.75000000
vt 0.50000000 0.75000000
vt 0.62500000 0.75000000
vt 0.62500000 0.87500000
vt 0.50000000 0.75000000
vt 0.62500000 0.87500000
vt 0.50000000 0.87500000
vt 0.50000000 0.87500000
vt 0.62500000 0.87500000
vt 0.62500000 1.00000000
vt 0.50000000 0.87500000
vt 0.62500000 1.00000000
vt 0.50000000 1.00000000
vt 0.62500000 0.00000000
vt 0.75000000 0.00000000
vt 0.75000000 0.12500000
vt 0.62500000 0.00000000
vt 0.75000000 0.12500000
vt 0.62500000 0.12500000
vt 0.62500000 0.12500000
vt 0.75000000 0.12500000
vt 0.75000000 0.25000000
vt 0.62500000 0.12500000
vt 0.75000000 0.25000000
vt 0.62500000 0.25000000
vt 0.62500000 0.25000000
vt 0.75000000 0.25000000
vt 0.75000000 0.37500000
vt 0.62500000 0.25000000
vt 0.75000000 0.37500000
vt 0.62500000 0.37500000
vt 0.62500000 0.37500000
vt 0.75000000 0.37500000
vt 0.75000000 0.50000000
vt 0.62500000 0.37500000
vt 0.75000000 0.50000000
vt 0.62500000 0.50000000
vt 0.62500000 0.50000000
vt 0.75000000 0.50000000
vt 0.75000000 0.62500000
vt 0.62500000 0.50000000
vt 0.75000000 0.62500000
vt 0.62500000 0.62500000
vt 0.62500000 0.62500000
vt 0.75000000 0.62500000
vt 0.75000000 0.75000000
vt 0.62500000 0.62500000
vt 0.75000000 0.75000000
vt 0.62500000 0.75000000
vt 0.62500000 0.75000000
vt 0.75000000 0.75000000
vt 0.75000000 0.87500000
vt 0.62500000 0.75000000
vt 0.75000000 0.87500000
vt 0.62500000 0.87500000
vt 0.62500000 0.87500000
vt 0.75000000 0.87500000
vt 0.75000000 1.00000000
vt 0.62500000 0.87500000
vt 0.75000000 1.00000000
vt 0.62500000 1.00000000
vt 0.75000000 0.00000000
vt 0.87500000 0.00000000
vt 0.87500000 0.12500000
vt 0.75000000 0.00000000
vt 0.87500000 0.12500000
vt 0.75000000 0.12500000
vt 0.75000000 0.12500000
vt 0.87500000 0.12500000
vt 0.87500000 0.25000000
vt 0.75000000 0.12500000
vt 0.87500000 0.25000000
vt 0.75000000 0.25000000
vt 0.75000000 0.25000000
vt 0.87500000 0.25000000
vt 0.87500000 0.37500000
vt 0.75000000 0.25000000
vt 0.87500000 0.37500000
vt 0.75000000 0.37500000
vt 0.75000000 0.37500000
vt 0.87500000 0.37500000
vt 0.87500000 0.50000000
vt 0.75000000 0.37500000
vt 0.87500000 0.50000000
vt 0.75000000 0.50000000
vt 0.75000000 0.50000000
vt 0.87500000 0.50000000
vt 0.87500000 0.62500000
vt 0.75000000 0.50000000
vt 0.87500000 0.62500000
vt 0.75000000 0.62500000
vt 0.75000000 0.62500000
vt 0.87500000 0.62500000
vt 0.87500000 0.75000000
vt 0.75000000 0.62500000
vt 0.87500000 0.75000000
vt 0.75000000 0.75000000
vt 0.75000000 0.75000000
vt 0.87500000 0.75000000
vt 0.87500000 0.87500000
vt 0.75000000 0.75000000
vt 0.87500000 0.87500000
vt 0.75000000 0.87500000
vt 0.75000000 0.87500000
vt 0.87500000 0.87500000
vt 0.87500000 1.00000000
vt 0.75000000 0.87500000
vt 0.87500000 1.00000000
vt 0.75000000 1.00000000
vt 0.87500000 0.00000000
vt 1.00000000 0.00000000
vt 1.00000000 0.12500000
vt 0.87500000 0.00000000
vt 1.00000000 0.12500000
vt 0.87500000 0.12500000
vt 0.87500000 0.12500000
vt 1.00000000 0.12500000
vt 1.00000000 0.25000000
vt 0.87500000 0.12500000
vt 1.00000000 0.25000000
vt 0.87500000 0.25000000
vt 0.87500000 0.25000000
vt 1.00000000 0.25000000
vt 1.00000000 0.37500000
vt 0.87500000 0.25000000
vt 1.00000000 0.37500000
vt 0.87500000 0.37500000
vt 0.87500000 0.37500000
vt 1.00000000 0.37500000
vt 1.00000000 0.50000000
vt 0.87500000 0.37500000
vt 1.00000000 0.50000000
vt 0.87500000 0.50000000
vt 0.87500000 0.50000000
vt 1.00000000 0.50000000
vt 1.00000000 0.62500000
vt 0.87500000 0.50000000
vt 1.00000000 0.62500000
vt 0.87500000 0.62500000
vt 0.87500000 0.62500000
vt 1.00000000 0.62500000
vt 1.00000000 0.75000000
vt 0.87500000 0.62500000
vt 1.00000000 0.75000000
vt 0.87500000 0.75000000
vt 0.87500000 0.75000000
vt 1.00000000 0.75000000
vt 1.00000000 0.87500000
vt 0.87500000 0.75000000
vt 1.00000000 0.87500000
vt 0.87500000 0.87500000
vt 0.87500000 0.87500000
vt 1.00000000 0.87500000
vt 1.00000000 1.00000000
vt 0.87500000 0.87500000
vt 1.00000000 1.00000000
vt 0.87500000 1.00000000
f 419/419 420/420 421/421
f 422/422 423/423 424/424
f 425/425 426/426 427/427
f 428/428 429/429 430/430
f 431/431 432/432 433/433
f 434/434 435/435 436/436
f 437/437 438/438 439/439
f 440/440 441/441 442/442
f 443/443 444/444 445/445
f 446/446 447/447 448/448
f 449/449 450/450 451/451
f 452/452 453/453 454/454
f 455/455 456/456 457/457
f 458/458 459/459 460/460
f 461/461 462/462 463/463
f 464/464 465/465 466/466
f 467/467 468/468 469/469
f 470/470 471/471 472/472
f 473/473 474/474 475/475
f 476/476 477/477 478/478
f 479/479 480/480 481/481
f 482/482 483/483 484/484
f 485/485 486/486 487/487
f 488/488 489/489 490/490
f 491/491 492/492 493/493
f 494/494 495/495 496/496
f 497/497 498/498 499/499
f 500/500 501/501 502/502
f 503/503 504/504 505/505
f 506/506 507/507 508/508
f 509/509 510/510 511/511
f 512/512 513/513 514/514
f 515/515 516/516 517/517
f 518/518 519/519 520/520
f 521/521 522/522 523/523
f 524/524 525/525 526/526
f 527/527 528/528 529/529
f 530/530 531/531 532/532
f 533/533 534/534 535/535
f 536/536 537/537 538/538
f 539/539 540/540 541/541
f 542/542 543/543 544/544
f 545/545 546/546 547/547
f 548/548 549/549 550/550
f 551/551 552/552 553/553
f 554/554 555/555 556/556
f 557/557 558/558 559/559
f 560/560 561/561 562/562
f 563/563 564/564 565/565
f 566/566 567/567 568/568
f 569/569 570/570 571/571
f 572/572 573/573 574/574
f 575/575 576/576 577/577
f 578/578 579/579 580/580
f 581/581 582/582 583/583
f 584/584 585/585 586/586
f 587/587 588/588 589/589
f 590/590 591/591 592/592
f 593/593 594/594 595/595
f 596/596 597/597 598/598
f 599/599 600/600 601/601
f 602/602 603/603 604/604
f 605/605 606/606 607/607
f 608/608 609/609 610/610
f 611/611 612/612 613/613
f 614/614 615/615 616/616
f 617/617 618/618 619/619
f 620/620 621/621 622/622
f 623/623 624/624 625/625
f 626/626 627/627 628/628
f 629/629 630/630 631/631
f 632/632 633/633 634/634
f 635/635 636/636 637/637
f 638/638 639/639 640/640
f 641/641 642/642 643/643
f 644/644 645/645 646/646
f 647/647 648/648 649/649
f 650/650 651/651 652/652
f 653/653 654/654 655/655
f 656/656 657/657 658/658
f 659/659 660/660 661/661
f 662/662 663/663 664/664
f 665/665 666/666 667/667
f 668/668 669/669 670/670
f 671/671 672/672 673/673
f 674/674 675/675 676/676
f 677/677 678/678 679/679
f 680/680 681/681 682/682
f 683/683 684/684 685/685
f 686/686 687/687 688/688
f 689/689 690/690 691/691
f 692/692 693/693 694/694
f 695/695 696/696 697/697
f 698/698 699/699 700/700
f 701/701 702/702 703/703
f 704/704 705/705 706/706
f 707/707 708/708 709/709
f 710/710 711/711 712/712
f 713/713 714/714 715/715
f 716/716 717/717 718/718
f 719/719 720/720 721/721
f 722/722 723/723 724/724
f 725/725 726/726 727/727
f 728/728 729/729 730/730
f 731/731 732/732 733/733
f 734/734 735/735 736/736
f 737/737 738/738 739/739
f 740/740 741/741 742/742
f 743/743 744/744 745/745
f 746/746 747/747 748/748
f 749/749 750/750 751/751
f 752/752 753/753 754/754
f 755/755 756/756 757/757
f 758/758 759/759 760/760
f 761/761 762/762 763/763
f 764/764 765/765 766/766
f 767/767 768/768 769/769
f 770/770 771/771 772/772
f 773/773 774/774 775/775
f 776/776 777/777 778/778
f 779/779 780/780 781/781
f 782/782 783/783 784/784
f 785/785 786/786 787/787
f 788/788 789/789 790/790
f 791/791 792/792 793/793
f 794/794 795/795 796/796
f 797/797 798/798 799/799
f 800/800 801/801 802/802

o geometry_0
usemtl material_1
v -0.50000000 0.00000000 -0.50000000
v -0.37500000 0.00000000 -0.50000000
v -0.37500000 0.25000000 -0.50195497
v -0.50000000 0.00000000 -0.50000000
v -0.37500000 0.25000000 -0.50195497
v -0.50000000 0.25000000 -0.50000000
v -0.50000000 0.25000000 -0.50000000
v -0.37500000 0.25000000 -0.50195497
v -0.37500000 0.50000000 -0.49479166
v -0.50000000 0.25000000 -0.50000000
v -0.37500000 0.50000000 -0.49479166
v -0.50000000 0.50000000 -0.50000000
v -0.50000000 0.50000000 -0.50000000
v -0.37500000 0.50000000 -0.49479166
v -0.37500000 0.75000000 -0.49011481
v -0.50000000 0.50000000 -0.50000000
v -0.37500000 0.75000000 -0.49011481
v -0.50000000 0.75000000 -0.50000000
v -0.50000000 0.75000000 -0.50000000
v -0.37500000 0.75000000 -0.49011481
v -0.37500000 1.00000000 -0.49415392
v -0.50000000 0.75000000 -0.50000000
v -0.37500000 1.00000000 -0.49415392
v -0.50000000 1.00000000 -0.50000000
v -0.50000000 1.00000000 -0.50000000
v -0.37500000 1.00000000 -0.49415392
v -0.37500000 1.25000000 -0.49883080
v -0.50000000 1.00000000 -0.50000000
v -0.37500000 1.25000000 -0.49883080
v -0.50000000 1.25000000 -0.50000000
v -0.50000000 1.25000000 -0.50000000
v -0.37500000 1.25000000 -0.49883080
v -0.37500000 1.50000000 -0.49776787
v -0.50000000 1.25000000 -0.50000000
v -0.37500000 1.50000000 -0.49776787
v -0.50000000 1.50000000 -0.50000000
v -0.50000000 1.50000000 -0.50000000
v -0.37500000 1.50000000 -0.49776787
v -0.37500000 1.75000000 -0.49475244
v -0.50000000 1.50000000 -0.50000000
v -0.37500000 1.75000000 -0.49475244
v -0.50000000 1.75000000 -0.50000000
v -0.50000000 1.75000000 -0.50000000
v -0.37500000 1.75000000 -0.49475244
v -0.37500000 2.00000000 -0.50000000
v -0.50000000 1.75000000 -0.50000000
v -0.37500000 2.00000000 -0.50000000
v -0.50000000 2.00000000 -0.50000000
v -0.37500000 0.00000000 -0.50000000
v -0.25000000 0.00000000 -0.50000000
v -0.25000000 0.25000000 -0.51519984
v -0.37500000 0.00000000 -0.50000000
v -0.25000000 0.25000000 -0.51519984
v -0.37500000 0.25000000 -0.50195497
v -0.37500000 0.25000000 -0.50195497
v -0.25000000 0.25000000 -0.51519984
v -0.25000000 0.50000000 -0.50274509
v -0.37500000 0.25000000 -0.50195497
v -0.25000000 0.50000000 -0.50274509
v -0.37500000 0.50000000 -0.49479166
v -0.37500000 0.50000000 -0.49479166
v -0.25000000 0.50000000 -0.50274509
v -0.25000000 0.75000000 -0.49044704
v -0.37500000 0.50000000 -0.49479166
v -0.25000000 0.75000000 -0.49044704
v -0.37500000 0.75000000 -0.49011481
v -0.37500000 0.75000000 -0.49011481
v -0.25000000 0.75000000 -0.49044704
v -0.25000000 1.00000000 -0.48341960
v -0.37500000 0.75000000 -0.49011481
v -0.25000000 1.00000000 -0.48341960
v -0.37500000 1.00000000 -0.49415392
v -0.37500000 1.00000000 -0.49415392
v -0.25000000 1.00000000 -0.48341960
v -0.25000000 1.25000000 -0.48166275
v -0.37500000 1.00000000 -0.49415392
v -0.25000000 1.25000000 -0.48166275
v -0.37500000 1.25000000 -0.49883080
v -0.37500000 1.25000000 -0.49883080
v -0.25000000 1.25000000 -0.48166275
v -0.25000000 1.50000000 -0.49154511
v -0.37500000 1.25000000 -0.49883080
v -0.25000000 1.50000000 -0.49154511
v -0.37500000 1.50000000 -0.49776787
v -0.37500000 1.50000000 -0.49776787
v -0.25000000 1.50000000 -0.49154511
v -0.25000000 1.75000000 -0.50478315
v -0.37500000 1.50000000 -0.49776787
v -0.25000000 1.75000000 -0.50478315
v -0.37500000 1.75000000 -0.49475244
v -0.37500000 1.75000000 -0.49475244
v -0.25000000 1.75000000 -0.50478315
v -0.25000000 2.00000000 -0.50000000
v -0.37500000 1.75000000 -0.49475244
v -0.25000000 2.00000000 -0.50000000
v -0.37500000 2.00000000 -0.50000000
v -0.25000000 0.00000000 -0.50000000
v -0.12500000 0.00000000 -0.50000000
v -0.12500000 0.25000000 -0.52072704
v -0.25000000 0.00000000 -0.50000000
v -0.12500000 0.25000000 -0.52072704
v -0.25000000 0.25000000 -0.51519984
v -0.25000000 0.25000000 -0.51519984
v -0.12500000 0.25000000 -0.52072704
v -0.12500000 0.50000000 -0.50889415
v -0.25000000 0.25000000 -0.51519984
v -0.12500000 0.50000000 -0.50889415
v -0.25000000 0.50000000 -0.50274509
v -0.25000000 0.50000000 -0.50274509
v -0.12500000 0.50000000 -0.50889415
v -0.12500000 0.75000000 -0.49483922
v -0.25000000 0.50000000 -0.50274509
v -0.12500000 0.75000000 -0.49483922
v -0.25000000 0.75000000 -0.49044704
v -0.25000000 0.75000000 -0.49044704
v -0.12500000 0.75000000 -0.49483922
v -0.12500000 1.00000000 -0.48100391
v -0.25000000 0.75000000 -0.49044704
v -0.12500000 1.00000000 -0.48100391
v -0.25000000 1.00000000 -0.48341960
v -0.25000000 1.00000000 -0.48341960
v -0.12500000 1.00000000 -0.48100391
v -0.12500000 1.25000000 -0.47375685
v -0.25000000 1.00000000 -0.48341960
v -0.12500000 1.25000000 -0.47375685
v -0.25000000 1.25000000 -0.48166275
v -0.25000000 1.25000000 -0.48166275
v -0.12500000 1.25000000 -0.47375685
v -0.12500000 1.50000000 -0.48890981
v -0.25000000 1.25000000 -0.48166275
v -0.12500000 1.50000000 -0.48890981
v -0.25000000 1.50000000 -0.49154511
v -0.25000000 1.50000000 -0.49154511
v -0.12500000 1.50000000 -0.48890981
v -0.12500000 1.75000000 -0.51052296
v -0.25000000 1.50000000 -0.49154511
v -0.12500000 1.75000000 -0.51052296
v -0.25000000 1.75000000 -0.50478315
v -0.25000000 1.75000000 -0.50478315
v -0.12500000 1.75000000 -0.51052296
v -0.12500000 2.00000000 -0.50000000
v -0.25000000 1.75000000 -0.50478315
v -0.12500000 2.00000000 -0.50000000
v -0.25000000 2.00000000 -0.50000000
v -0.12500000 0.00000000 -0.50000000
v 0.00000000 0.00000000 -0.50000000
v 0.00000000 0.25000000 -0.50223213
v -0.12500000 0.00000000 -0.50000000
v 0.00000000 0.25000000 -0.50223213
v -0.12500000 0.25000000 -0.52072704
v -0.12500000 0.25000000 -0.52072704
v 0.00000000 0.25000000 -0.50223213
v 0.00000000 0.50000000 -0.50691766
v -0.12500000 0.25000000 -0.52072704
v 0.00000000 0.50000000 -0.50691766
v -0.12500000 0.50000000 -0.50889415
v -0.12500000 0.50000000 -0.50889415
v 0.00000000 0.50000000 -0.50691766
v 0.00000000 0.75000000 -0.50823528
v -0.12500000 0.50000000 -0.50889415
v 0.00000000 0.75000000 -0.50823528
v -0.12500000 0.75000000 -0.49483922
v -0.12500000 0.75000000 -0.49483922
v 0.00000000 0.75000000 -0.50823528
v 0.00000000 1.00000000 -0.50054902
v -0.12500000 0.75000000 -0.49483922
v 0.00000000 1.00000000 -0.50054902
v -0.12500000 1.00000000 -0.48100391
v -0.12500000 1.00000000 -0.48100391
v 0.00000000 1.00000000 -0.50054902
v 0.00000000 1.25000000 -0.49308234
v -0.12500000 1.00000000 -0.48100391
v 0.00000000 1.25000000 -0.49308234
v -0.12500000 1.25000000 -0.47375685
v -0.12500000 1.25000000 -0.47375685
v 0.00000000 1.25000000 -0.49308234
v 0.00000000 1.50000000 -0.49593726
v -0.12500000 1.25000000 -0.47375685
v 0.00000000 1.50000000 -0.49593726
v -0.12500000 1.50000000 -0.48890981
v -0.12500000 1.50000000 -0.48890981
v 0.00000000 1.50000000 -0.49593726
v 0.00000000 1.75000000 -0.50223213
v -0.12500000 1.50000000 -0.48890981
v 0.00000000 1.75000000 -0.50223213
v -0.12500000 1.75000000 -0.51052296
v -0.12500000 1.75000000 -0.51052296
v 0.00000000 1.75000000 -0.50223213
v 0.00000000 2.00000000 -0.50000000
v -0.12500000 1.75000000 -0.51052296
v 0.00000000 2.00000000 -0.50000000
v -0.12500000 2.00000000 -0.50000000
v 0.00000000 0.00000000 -0.50000000
v 0.12500000 0.00000000 -0.50000000
v 0.12500000 0.25000000 -0.48522535
v 0.00000000 0.00000000 -0.50000000
v 0.12500000 0.25000000 -0.48522535
v 0.00000000 0.25000000 -0.50223213
v 0.00000000 0.25000000 -0.50223213
v 0.12500000 0.25000000 -0.48522535
v 0.12500000 0.50000000 -0.50362355
v 0.00000000 0.25000000 -0.50223213
v 0.12500000 0.50000000 -0.50362355
v 0.00000000 0.50000000 -0.50691766
v 0.00000000 0.50000000 -0.50691766
v 0.12500000 0.50000000 -0.50362355
v 0.12500000 0.75000000 -0.51899606
v 0.00000000 0.50000000 -0.50691766
v 0.12500000 0.75000000 -0.51899606
v 0.00000000 0.75000000 -0.50823528
v 0.00000000 0.75000000 -0.50823528
v 0.12500000 0.75000000 -0.51899606
v 0.12500000 1.00000000 -0.51943529
v 0.00000000 0.75000000 -0.50823528
v 0.12500000 1.00000000 -0.51943529
v 0.00000000 1.00000000 -0.50054902
v 0.00000000 1.00000000 -0.50054902
v 0.12500000 1.00000000 -0.51943529
v 0.12500000 1.25000000 -0.51394510
v 0.00000000 1.00000000 -0.50054902
v 0.12500000 1.25000000 -0.51394510
v 0.00000000 1.25000000 -0.49308234
v 0.00000000 1.25000000 -0.49308234
v 0.12500000 1.25000000 -0.51394510
v 0.12500000 1.50000000 -0.50362355
v 0.00000000 1.25000000 -0.49308234
v 0.12500000 1.50000000 -0.50362355
v 0.00000000 1.50000000 -0.49593726
v 0.00000000 1.50000000 -0.49593726
v 0.12500000 1.50000000 -0.50362355
v 0.12500000 1.75000000 -0.49245322
v 0.00000000 1.50000000 -0.49593726
v 0.12500000 1.75000000 -0.49245322
v 0.00000000 1.75000000 -0.50223213
v 0.00000000 1.75000000 -0.50223213
v 0.12500000 1.75000000 -0.49245322
v 0.12500000 2.00000000 -0.50000000
v 0.00000000 1.75000000 -0.50223213
v 0.12500000 2.00000000 -0.50000000
v 0.00000000 2.00000000 -0.50000000
v 0.12500000 0.00000000 -0.50000000
v 0.25000000 0.00000000 -0.50000000
v 0.25000000 0.25000000 -0.49627978
v 0.12500000 0.00000000 -0.50000000
v 0.25000000 0.25000000 -0.49627978
v 0.12500000 0.25000000 -0.48522535
v 0.12500000 0.25000000 -0.48522535
v 0.25000000 0.25000000 -0.49627978
v 0.25000000 0.50000000 -0.50428236
v 0.12500000 0.25000000 -0.48522535
v 0.25000000 0.50000000 -0.50428236
v 0.12500000 0.50000000 -0.50362355
v 0.12500000 0.50000000 -0.50362355
v 0.25000000 0.50000000 -0.50428236
v 0.25000000 0.75000000 -0.51109022
v 0.12500000 0.50000000 -0.50362355
v 0.25000000 0.75000000 -0.51109022
v 0.12500000 0.75000000 -0.51899606
v 0.12500000 0.75000000 -0.51899606
v 0.25000000 0.75000000 -0.51109022
v 0.25000000 1.00000000 -0.51372552
v 0.12500000 0.75000000 -0.51899606
v 0.25000000 1.00000000 -0.51372552
v 0.12500000 1.00000000 -0.51943529
v 0.12500000 1.00000000 -0.51943529
v 0.25000000 1.00000000 -0.51372552
v 0.25000000 1.25000000 -0.51262748
v 0.12500000 1.00000000 -0.51943529
v 0.25000000 1.25000000 -0.51262748
v 0.12500000 1.25000000 -0.51394510
v 0.12500000 1.25000000 -0.51394510
v 0.25000000 1.25000000 -0.51262748
v 0.25000000 1.50000000 -0.50362355
v 0.12500000 1.25000000 -0.51394510
v 0.25000000 1.50000000 -0.50362355
v 0.12500000 1.50000000 -0.50362355
v 0.12500000 1.50000000 -0.50362355
v 0.25000000 1.50000000 -0.50362355
v 0.25000000 1.75000000 -0.49287841
v 0.12500000 1.50000000 -0.50362355
v 0.25000000 1.75000000 -0.49287841
v 0.12500000 1.75000000 -0.49245322
v 0.12500000 1.75000000 -0.49245322
v 0.25000000 1.75000000 -0.49287841
v 0.25000000 2.00000000 -0.50000000
v 0.12500000 1.75000000 -0.49245322
v 0.25000000 2.00000000 -0.50000000
v 0.12500000 2.00000000 -0.50000000
v 0.25000000 0.00000000 -0.50000000
v 0.37500000 0.00000000 -0.50000000
v 0.37500000 0.25000000 -0.51574272
v 0.25000000 0.00000000 -0.50000000
v 0.37500000 0.25000000 -0.51574272
v 0.25000000 0.25000000 -0.49627978
v 0.25000000 0.25000000 -0.49627978
v 0.37500000 0.25000000 -0.51574272
v 0.37500000 0.50000000 -0.50542092
v 0.25000000 0.25000000 -0.49627978
v 0.37500000 0.50000000 -0.50542092
v 0.25000000 0.50000000 -0.50428236
v 0.25000000 0.50000000 -0.50428236
v 0.37500000 0.50000000 -0.50542092
v 0.37500000 0.75000000 -0.49755529
v 0.25000000 0.50000000 -0.50428236
v 0.37500000 0.75000000 -0.49755529
v 0.25000000 0.75000000 -0.51109022
v 0.25000000 0.75000000 -0.51109022
v 0.37500000 0.75000000 -0.49755529
v 0.37500000 1.00000000 -0.49989370
v 0.25000000 0.75000000 -0.51109022
v 0.37500000 1.00000000 -0.49989370
v 0.25000000 1.00000000 -0.51372552
v 0.25000000 1.00000000 -0.51372552
v 0.37500000 1.00000000 -0.49989370
v 0.37500000 1.25000000 -0.50372022
v 0.25000000 1.00000000 -0.51372552
v 0.37500000 1.25000000 -0.50372022
v 0.25000000 1.25000000 -0.51262748
v 0.25000000 1.25000000 -0.51262748
v 0.37500000 1.25000000 -0.50372022
v 0.37500000 1.50000000 -0.50116920
v 0.25000000 1.25000000 -0.51262748
v 0.37500000 1.50000000 -0.50116920
v 0.25000000 1.50000000 -0.50362355
v 0.25000000 1.50000000 -0.50362355
v 0.37500000 1.50000000 -0.50116920
v 0.37500000 1.75000000 -0.49701610
v 0.25000000 1.50000000 -0.50362355
v 0.37500000 1.75000000 -0.49701610
v 0.25000000 1.75000000 -0.49287841
v 0.25000000 1.75000000 -0.49287841
v 0.37500000 1.75000000 -0.49701610
v 0.37500000 2.00000000 -0.50000000
v 0.25000000 1.75000000 -0.49287841
v 0.37500000 2.00000000 -0.50000000
v 0.25000000 2.00000000 -0.50000000
v 0.37500000 0.00000000 -0.50000000
v 0.50000000 0.00000000 -0.50000000
v 0.50000000 0.25000000 -0.50000000
v 0.37500000 0.00000000 -0.50000000
v 0.50000000 0.25000000 -0.50000000
v 0.37500000 0.25000000 -0.51574272
v 0.37500000 0.25000000 -0.51574272
v 0.50000000 0.25000000 -0.50000000
v 0.50000000 0.50000000 -0.50000000
v 0.37500000 0.25000000 -0.51574272
v 0.50000000 0.50000000 -0.50000000
v 0.37500000 0.50000000 -0.50542092
v 0.37500000 0.50000000 -0.50542092
v 0.50000000 0.50000000 -0.50000000
v 0.50000000 0.75000000 -0.50000000
v 0.37500000 0.50000000 -0.50542092
v 0.50000000 0.75000000 -0.50000000
v 0.37500000 0.75000000 -0.49755529
v 0.37500000 0.75000000 -0.49755529
v 0.50000000 0.75000000 -0.50000000
v 0.50000000 1.00000000 -0.50000000
v 0.37500000 0.75000000 -0.49755529
v 0.50000000 1.00000000 -0.50000000
v 0.37500000 1.00000000 -0.49989370
v 0.37500000 1.00000000 -0.49989370
v 0.50000000 1.00000000 -0.50000000
v 0.50000000 1.25000000 -0.50000000
v 0.37500000 1.00000000 -0.49989370
v 0.50000000 1.25000000 -0.50000000
v 0.37500000 1.25000000 -0.50372022
v 0.37500000 1.25000000 -0.50372022
v 0.50000000 1.25000000 -0.50000000
v 0.50000000 1.50000000 -0.50000000
v 0.37500000 1.25000000 -0.50372022
v 0.50000000 1.50000000 -0.50000000
v 0.37500000 1.50000000 -0.50116920
v 0.37500000 1.50000000 -0.50116920
v 0.50000000 1.50000000 -0.50000000
v 0.50000000 1.75000000 -0.50000000
v 0.37500000 1.50000000 -0.50116920
v 0.50000000 1.75000000 -0.50000000
v 0.37500000 1.75000000 -0.49701610
v 0.37500000 1.75000000 -0.49701610
v 0.50000000 1.75000000 -0.50000000
v 0.50000000 2.00000000 -0.50000000
v 0.37500000 1.75000000 -0.49701610
v 0.50000000 2.00000000 -0.50000000
v 0.37500000 2.00000000 -0.50000000
v 0.50000000 0.00000000 -0.50000000
v 0.50000000 0.00000000 -0.37500000
v 0.48960778 0.25000000 -0.37500000
v 0.50000000 0.00000000 -0.50000000
v 0.48960778 0.25000000 -0.37500000
v 0.50000000 0.25000000 -0.50000000
v 0.50000000 0.25000000 -0.50000000
v 0.48960778 0.25000000 -0.37500000
v 0.49989370 0.50000000 -0.37500000
v 0.50000000 0.25000000 -0.50000000
v 0.49989370 0.50000000 -0.37500000
v 0.50000000 0.50000000 -0.50000000
v 0.50000000 0.50000000 -0.50000000
v 0.49989370 0.50000000 -0.37500000
v 0.50648385 0.75000000 -0.37500000
v 0.50000000 0.50000000 -0.50000000
v 0.50648385 0.75000000 -0.37500000
v 0.50000000 0.75000000 -0.50000000
v 0.50000000 0.75000000 -0.50000000
v 0.50648385 0.75000000 -0.37500000
v 0.49904338 1.00000000 -0.37500000
v 0.50000000 0.75000000 -0.50000000
v 0.49904338 1.00000000 -0.37500000
v 0.50000000 1.00000000 -0.50000000
v 0.50000000 1.00000000 -0.50000000
v 0.49904338 1.00000000 -0.37500000
v 0.49053997 1.25000000 -0.37500000
v 0.50000000 1.00000000 -0.50000000
v 0.49053997 1.25000000 -0.37500000
v 0.50000000 1.25000000 -0.50000000
v 0.50000000 1.25000000 -0.50000000
v 0.49053997 1.25000000 -0.37500000
v 0.49202806 1.50000000 -0.37500000
v 0.50000000 1.25000000 -0.50000000
v 0.49202806 1.50000000 -0.37500000
v 0.50000000 1.50000000 -0.50000000
v 0.50000000 1.50000000 -0.50000000
v 0.49202806 1.50000000 -0.37500000
v 0.49701610 1.75000000 -0.37500000
v 0.50000000 1.50000000 -0.50000000
v 0.49701610 1.75000000 -0.37500000
v 0.50000000 1.75000000 -0.50000000
v 0.50000000 1.75000000 -0.50000000
v 0.49701610 1.75000000 -0.37500000
v 0.50000000 2.00000000 -0.37500000
v 0.50000000 1.75000000 -0.50000000
v 0.50000000 2.00000000 -0.37500000
v 0.50000000 2.00000000 -0.50000000
v 0.50000000 0.00000000 -0.37500000
v 0.50000000 0.00000000 -0.25000000
v 0.48926446 0.25000000 -0.25000000
v 0.50000000 0.00000000 -0.37500000
v 0.48926446 0.25000000 -0.25000000
v 0.48960778 0.25000000 -0.37500000
v 0.48960778 0.25000000 -0.37500000
v 0.48926446 0.25000000 -0.25000000
v 0.50252551 0.50000000 -0.25000000
v 0.48960778 0.25000000 -0.37500000
v 0.50252551 0.50000000 -0.25000000
v 0.49989370 0.50000000 -0.37500000
v 0.49989370 0.50000000 -0.37500000
v 0.50252551 0.50000000 -0.25000000
v 0.51218826 0.75000000 -0.25000000
v 0.49989370 0.50000000 -0.37500000
v 0.51218826 0.75000000 -0.25000000
v 0.50648385 0.75000000 -0.37500000
v 0.50648385 0.75000000 -0.37500000
v 0.51218826 0.75000000 -0.25000000
v 0.50779611 1.00000000 -0.25000000
v 0.50648385 0.75000000 -0.37500000
v 0.50779611 1.00000000 -0.25000000
v 0.49904338 1.00000000 -0.37500000
v 0.49904338 1.00000000 -0.37500000
v 0.50779611 1.00000000 -0.25000000
v 0.50098825 1.25000000 -0.25000000
v 0.49904338 1.00000000 -0.37500000
v 0.50098825 1.25000000 -0.25000000
v 0.49053997 1.25000000 -0.37500000
v 0.49053997 1.25000000 -0.37500000
v 0.50098825 1.25000000 -0.25000000
v 0.50164706 1.50000000 -0.25000000
v 0.49053997 1.25000000 -0.37500000
v 0.50164706 1.50000000 -0.25000000
v 0.49202806 1.50000000 -0.37500000
v 0.49202806 1.50000000 -0.37500000
v 0.50164706 1.50000000 -0.25000000
v 0.50435799 1.75000000 -0.25000000
v 0.49202806 1.50000000 -0.37500000
v 0.50435799 1.75000000 -0.25000000
v 0.49701610 1.75000000 -0.37500000
v 0.49701610 1.75000000 -0.37500000
v 0.50435799 1.75000000 -0.25000000
v 0.50000000 2.00000000 -0.25000000
v 0.49701610 1.75000000 -0.37500000
v 0.50000000 2.00000000 -0.25000000
v 0.50000000 2.00000000 -0.37500000
v 0.50000000 0.00000000 -0.25000000
v 0.50000000 0.00000000 -0.12500000
v 0.49266583 0.25000000 -0.12500000
v 0.50000000 0.00000000 -0.25000000
v 0.49266583 0.25000000 -0.12500000
v 0.48926446 0.25000000 -0.25000000
v 0.48926446 0.25000000 -0.25000000
v 0.49266583 0.25000000 -0.12500000
v 0.50340390 0.50000000 -0.12500000
v 0.48926446 0.25000000 -0.25000000
v 0.50340390 0.50000000 -0.12500000
v 0.50252551 0.50000000 -0.25000000
v 0.50252551 0.50000000 -0.25000000
v 0.50340390 0.50000000 -0.12500000
v 0.51218826 0.75000000 -0.12500000
v 0.50252551 0.50000000 -0.25000000
v 0.51218826 0.75000000 -0.12500000
v 0.51218826 0.75000000 -0.25000000
v 0.51218826 0.75000000 -0.25000000
v 0.51218826 0.75000000 -0.12500000
v 0.51174903 1.00000000 -0.12500000
v 0.51218826 0.75000000 -0.25000000
v 0.51174903 1.00000000 -0.12500000
v 0.50779611 1.00000000 -0.25000000
v 0.50779611 1.00000000 -0.25000000
v 0.51174903 1.00000000 -0.12500000
v 0.50933331 1.25000000 -0.12500000
v 0.50779611 1.00000000 -0.25000000
v 0.50933331 1.25000000 -0.12500000
v 0.50098825 1.25000000 -0.25000000
v 0.50098825 1.25000000 -0.25000000
v 0.50933331 1.25000000 -0.12500000
v 0.50889415 1.50000000 -0.12500000
v 0.50098825 1.25000000 -0.25000000
v 0.50889415 1.50000000 -0.12500000
v 0.50164706 1.50000000 -0.25000000
v 0.50164706 1.50000000 -0.25000000
v 0.50889415 1.50000000 -0.12500000
v 0.50882226 1.75000000 -0.12500000
v 0.50164706 1.50000000 -0.25000000
v 0.50882226 1.75000000 -0.12500000
v 0.50435799 1.75000000 -0.25000000
v 0.50435799 1.75000000 -0.25000000
v 0.50882226 1.75000000 -0.12500000
v 0.50000000 2.00000000 -0.12500000
v 0.50435799 1.75000000 -0.25000000
v 0.50000000 2.00000000 -0.12500000
v 0.50000000 2.00000000 -0.25000000
v 0.50000000 0.00000000 -0.12500000
v 0.50000000 0.00000000 0.00000000
v 0.50478315 0.25000000 0.00000000
v 0.50000000 0.00000000 -0.12500000
v 0.50478315 0.25000000 0.00000000
v 0.49266583 0.25000000 -0.12500000
v 0.49266583 0.25000000 -0.12500000
v 0.50478315 0.25000000 0.00000000
v 0.50054902 0.50000000 0.00000000
v 0.49266583 0.25000000 -0.12500000
v 0.50054902 0.50000000 0.00000000
v 0.50340390 0.50000000 -0.12500000
v 0.50340390 0.50000000 -0.12500000
v 0.50054902 0.50000000 0.00000000
v 0.49857256 0.75000000 0.00000000
v 0.50340390 0.50000000 -0.12500000
v 0.49857256 0.75000000 0.00000000
v 0.51218826 0.75000000 -0.12500000
v 0.51218826 0.75000000 -0.12500000
v 0.49857256 0.75000000 0.00000000
v 0.50362355 1.00000000 0.00000000
v 0.51218826 0.75000000 -0.12500000
v 0.50362355 1.00000000 0.00000000
v 0.51174903 1.00000000 -0.12500000
v 0.51174903 1.00000000 -0.12500000
v 0.50362355 1.00000000 0.00000000
v 0.50867450 1.25000000 0.00000000
v 0.51174903 1.00000000 -0.12500000
v 0.50867450 1.25000000 0.00000000
v 0.50933331 1.25000000 -0.12500000
v 0.50933331 1.25000000 -0.12500000
v 0.50867450 1.25000000 0.00000000
v 0.50713724 1.50000000 0.00000000
v 0.50933331 1.25000000 -0.12500000
v 0.50713724 1.50000000 0.00000000
v 0.50889415 1.50000000 -0.12500000
v 0.50889415 1.50000000 -0.12500000
v 0.50713724 1.50000000 0.00000000
v 0.50329506 1.75000000 0.00000000
v 0.50889415 1.50000000 -0.12500000
v 0.50329506 1.75000000 0.00000000
v 0.50882226 1.75000000 -0.12500000
v 0.50882226 1.75000000 -0.12500000
v 0.50329506 1.75000000 0.00000000
v 0.50000000 2.00000000 0.00000000
v 0.50882226 1.75000000 -0.12500000
v 0.50000000 2.00000000 0.00000000
v 0.50000000 2.00000000 -0.12500000
v 0.50000000 0.00000000 0.00000000
v 0.50000000 0.00000000 0.12500000
v 0.51286137 0.25000000 0.12500000
v 0.50000000 0.00000000 0.00000000
v 0.51286137 0.25000000 0.12500000
v 0.50478315 0.25000000 0.00000000
v 0.50478315 0.25000000 0.00000000
v 0.51286137 0.25000000 0.12500000
v 0.49527842 0.50000000 0.12500000
v 0.50478315 0.25000000 0.00000000
v 0.49527842 0.50000000 0.12500000
v 0.50054902 0.50000000 0.00000000
v 0.50054902 0.50000000 0.00000000
v 0.49527842 0.50000000 0.12500000
v 0.48320001 0.75000000 0.12500000
v 0.50054902 0.50000000 0.00000000
v 0.48320001 0.75000000 0.12500000
v 0.49857256 0.75000000 0.00000000
v 0.49857256 0.75000000 0.00000000
v 0.48320001 0.75000000 0.12500000
v 0.49220392 1.00000000 0.12500000
v 0.49857256 0.75000000 0.00000000
v 0.49220392 1.00000000 0.12500000
v 0.50362355 1.00000000 0.00000000
v 0.50362355 1.00000000 0.00000000
v 0.49220392 1.00000000 0.12500000
v 0.50384313 1.25000000 0.12500000
v 0.50362355 1.00000000 0.00000000
v 0.50384313 1.25000000 0.12500000
v 0.50867450 1.25000000 0.00000000
v 0.50867450 1.25000000 0.00000000
v 0.50384313 1.25000000 0.12500000
v 0.50230587 1.50000000 0.12500000
v 0.50867450 1.25000000 0.00000000
v 0.50230587 1.50000000 0.12500000
v 0.50713724 1.50000000 0.00000000
v 0.50713724 1.50000000 0.00000000
v 0.50230587 1.50000000 0.12500000
v 0.49691752 1.75000000 0.12500000
v 0.50713724 1.50000000 0.00000000
v 0.49691752 1.75000000 0.12500000
v 0.50329506 1.75000000 0.00000000
v 0.50329506 1.75000000 0.00000000
v 0.49691752 1.75000000 0.12500000
v 0.50000000 2.00000000 0.12500000
v 0.50329506 1.75000000 0.00000000
v 0.50000000 2.00000000 0.12500000
v 0.50000000 2.00000000 0.00000000
v 0.50000000 0.00000000 0.12500000
v 0.50000000 0.00000000 0.25000000
v 0.50053144 0.25000000 0.25000000
v 0.50000000 0.00000000 0.12500000
v 0.50053144 0.25000000 0.25000000
v 0.51286137 0.25000000 0.12500000
v 0.51286137 0.25000000 0.12500000
v 0.50053144 0.25000000 0.25000000
v 0.48649412 0.50000000 0.25000000
v 0.51286137 0.25000000 0.12500000
v 0.48649412 0.50000000 0.25000000
v 0.49527842 0.50000000 0.12500000
v 0.49527842 0.50000000 0.12500000
v 0.48649412 0.50000000 0.25000000
v 0.47727057 0.75000000 0.25000000
v 0.49527842 0.50000000 0.12500000
v 0.47727057 0.75000000 0.25000000
v 0.48320001 0.75000000 0.12500000
v 0.48320001 0.75000000 0.12500000
v 0.47727057 0.75000000 0.25000000
v 0.48385882 1.00000000 0.25000000
v 0.48320001 0.75000000 0.12500000
v 0.48385882 1.00000000 0.25000000
v 0.49220392 1.00000000 0.12500000
v 0.49220392 1.00000000 0.12500000
v 0.48385882 1.00000000 0.25000000
v 0.49330196 1.25000000 0.25000000
v 0.49220392 1.00000000 0.12500000
v 0.49330196 1.25000000 0.25000000
v 0.50384313 1.25000000 0.12500000
v 0.50384313 1.25000000 0.12500000
v 0.49330196 1.25000000 0.25000000
v 0.49725491 1.50000000 0.25000000
v 0.50384313 1.25000000 0.12500000
v 0.49725491 1.50000000 0.25000000
v 0.50230587 1.50000000 0.12500000
v 0.50230587 1.50000000 0.12500000
v 0.49725491 1.50000000 0.25000000
v 0.49883080 1.75000000 0.25000000
v 0.50230587 1.50000000 0.12500000
v 0.49883080 1.75000000 0.25000000
v 0.49691752 1.75000000 0.12500000
v 0.49691752 1.75000000 0.12500000
v 0.49883080 1.75000000 0.25000000
v 0.50000000 2.00000000 0.25000000
v 0.49691752 1.75000000 0.12500000
v 0.50000000 2.00000000 0.25000000
v 0.50000000 2.00000000 0.12500000
v 0.50000000 0.00000000 0.25000000
v 0.50000000 0.00000000 0.37500000
v 0.48219943 0.25000000 0.37500000
v 0.50000000 0.00000000 0.25000000
v 0.48219943 0.25000000 0.37500000
v 0.50053144 0.25000000 0.25000000
v 0.50053144 0.25000000 0.25000000
v 0.48219943 0.25000000 0.37500000
v 0.47821003 0.50000000 0.37500000
v 0.50053144 0.25000000 0.25000000
v 0.47821003 0.50000000 0.37500000
v 0.48649412 0.50000000 0.25000000
v 0.48649412 0.50000000 0.25000000
v 0.47821003 0.50000000 0.37500000
v 0.47629678 0.75000000 0.37500000
v 0.48649412 0.50000000 0.25000000
v 0.47629678 0.75000000 0.37500000
v 0.47727057 0.75000000 0.25000000
v 0.47727057 0.75000000 0.25000000
v 0.47629678 0.75000000 0.37500000
v 0.47821003 1.00000000 0.37500000
v 0.47727057 0.75000000 0.25000000
v 0.47821003 1.00000000 0.37500000
v 0.48385882 1.00000000 0.25000000
v 0.48385882 1.00000000 0.25000000
v 0.47821003 1.00000000 0.37500000
v 0.48267433 1.25000000 0.37500000
v 0.48385882 1.00000000 0.25000000
v 0.48267433 1.25000000 0.37500000
v 0.49330196 1.25000000 0.25000000
v 0.49330196 1.25000000 0.25000000
v 0.48267433 1.25000000 0.37500000
v 0.49266583 1.50000000 0.37500000
v 0.49330196 1.25000000 0.25000000
v 0.49266583 1.50000000 0.37500000
v 0.49725491 1.50000000 0.25000000
v 0.49725491 1.50000000 0.25000000
v 0.49266583 1.50000000 0.37500000
v 0.50318968 1.75000000 0.37500000
v 0.49725491 1.50000000 0.25000000
v 0.50318968 1.75000000 0.37500000
v 0.49883080 1.75000000 0.25000000
v 0.49883080 1.75000000 0.25000000
v 0.50318968 1.75000000 0.37500000
v 0.50000000 2.00000000 0.37500000
v 0.49883080 1.75000000 0.25000000
v 0.50000000 2.00000000 0.37500000
v 0.50000000 2.00000000 0.25000000
v 0.50000000 0.00000000 0.37500000
v 0.50000000 0.00000000 0.50000000
v 0.50000000 0.25000000 0.50000000
v 0.50000000 0.00000000 0.37500000
v 0.50000000 0.25000000 0.50000000
v 0.48219943 0.25000000 0.37500000
v 0.48219943 0.25000000 0.37500000
v 0.50000000 0.25000000 0.50000000
v 0.50000000 0.50000000 0.50000000
v 0.48219943 0.25000000 0.37500000
v 0.50000000 0.50000000 0.50000000
v 0.47821003 0.50000000 0.37500000
v 0.47821003 0.50000000 0.37500000
v 0.50000000 0.50000000 0.50000000
v 0.50000000 0.75000000 0.50000000
v 0.47821003 0.50000000 0.37500000
v 0.50000000 0.75000000 0.50000000
v 0.47629678 0.75000000 0.37500000
v 0.47629678 0.75000000 0.37500000
v 0.50000000 0.75000000 0.50000000
v 0.50000000 1.00000000 0.50000000
v 0.47629678 0.75000000 0.37500000
v 0.50000000 1.00000000 0.50000000
v 0.47821003 1.00000000 0.37500000
v 0.47821003 1.00000000 0.37500000
v 0.50000000 1.00000000 0.50000000
v 0.50000000 1.25000000 0.50000000
v 0.47821003 1.00000000 0.37500000
v 0.50000000 1.25000000 0.50000000
v 0.48267433 1.25000000 0.37500000
v 0.48267433 1.25000000 0.37500000
v 0.50000000 1.25000000 0.50000000
v 0.50000000 1.50000000 0.50000000
v 0.48267433 1.25000000 0.37500000
v 0.50000000 1.50000000 0.50000000
v 0.49266583 1.50000000 0.37500000
v 0.49266583 1.50000000 0.37500000
v 0.50000000 1.50000000 0.50000000
v 0.50000000 1.75000000 0.50000000
v 0.49266583 1.50000000 0.37500000
v 0.50000000 1.75000000 0.50000000
v 0.50318968 1.75000000 0.37500000
v 0.50318968 1.75000000 0.37500000
v 0.50000000 1.75000000 0.50000000
v 0.50000000 2.00000000 0.50000000
v 0.50318968 1.75000000 0.37500000
v 0.50000000 2.00000000 0.50000000
v 0.50000000 2.00000000 0.37500000
v 0.50000000 0.00000000 0.50000000
v 0.37500000 0.00000000 0.50000000
v 0.37500000 0.25000000 0.47870106
v 0.50000000 0.00000000 0.50000000
v 0.37500000 0.25000000 0.47870106
v 0.50000000 0.25000000 0.50000000
v 0.50000000 0.25000000 0.50000000
v 0.37500000 0.25000000 0.47870106
v 0.37500000 0.50000000 0.47735968
v 0.50000000 0.25000000 0.50000000
v 0.37500000 0.50000000 0.47735968
v 0.50000000 0.50000000 0.50000000
v 0.50000000 0.50000000 0.50000000
v 0.37500000 0.50000000 0.47735968
v 0.37500000 0.75000000 0.48118621
v 0.50000000 0.50000000 0.50000000
v 0.37500000 0.75000000 0.48118621
v 0.50000000 0.75000000 0.50000000
v 0.50000000 0.75000000 0.50000000
v 0.37500000 0.75000000 0.48118621
v 0.37500000 1.00000000 0.49521685
v 0.50000000 0.75000000 0.50000000
v 0.37500000 1.00000000 0.49521685
v 0.50000000 1.00000000 0.50000000
v 0.50000000 1.00000000 0.50000000
v 0.37500000 1.00000000 0.49521685
v 0.37500000 1.25000000 0.50797194
v 0.50000000 1.00000000 0.50000000
v 0.37500000 1.25000000 0.50797194
v 0.50000000 1.25000000 0.50000000
v 0.50000000 1.25000000 0.50000000
v 0.37500000 1.25000000 0.50797194
v 0.37500000 1.50000000 0.50605869
v 0.50000000 1.25000000 0.50000000
v 0.37500000 1.50000000 0.50605869
v 0.50000000 1.50000000 0.50000000
v 0.50000000 1.50000000 0.50000000
v 0.37500000 1.50000000 0.50605869
v 0.37500000 1.75000000 0.49866238
v 0.50000000 1.50000000 0.50000000
v 0.37500000 1.75000000 0.49866238
v 0.50000000 1.75000000 0.50000000
v 0.50000000 1.75000000 0.50000000
v 0.37500000 1.75000000 0.49866238
v 0.37500000 2.00000000 0.50000000
v 0.50000000 1.75000000 0.50000000
v 0.37500000 2.00000000 0.50000000
v 0.50000000 2.00000000 0.50000000
v 0.37500000 0.00000000 0.50000000
v 0.25000000 0.00000000 0.50000000
v 0.25000000 0.25000000 0.48139882
v 0.37500000 0.00000000 0.50000000
v 0.25000000 0.25000000 0.48139882
v 0.37500000 0.25000000 0.47870106
v 0.37500000 0.25000000 0.47870106
v 0.25000000 0.25000000 0.48139882
v 0.25000000 0.50000000 0.48495686
v 0.37500000 0.25000000 0.47870106
v 0.25000000 0.50000000 0.48495686
v 0.37500000 0.50000000 0.47735968
v 0.37500000 0.50000000 0.47735968
v 0.25000000 0.50000000 0.48495686
v 0.25000000 0.75000000 0.48890981
v 0.37500000 0.50000000 0.47735968
v 0.25000000 0.75000000 0.48890981
v 0.37500000 0.75000000 0.48118621
v 0.37500000 0.75000000 0.48118621
v 0.25000000 0.75000000 0.48890981
v 0.25000000 1.00000000 0.48956862
v 0.37500000 0.75000000 0.48118621
v 0.25000000 1.00000000 0.48956862
v 0.37500000 1.00000000 0.49521685
v 0.37500000 1.00000000 0.49521685
v 0.25000000 1.00000000 0.48956862
v 0.25000000 1.25000000 0.49044704
v 0.37500000 1.00000000 0.49521685
v 0.25000000 1.25000000 0.49044704
v 0.37500000 1.25000000 0.50797194
v 0.37500000 1.25000000 0.50797194
v 0.25000000 1.25000000 0.49044704
v 0.25000000 1.50000000 0.49483922
v 0.37500000 1.25000000 0.50797194
v 0.25000000 1.50000000 0.49483922
v 0.37500000 1.50000000 0.50605869
v 0.37500000 1.50000000 0.50605869
v 0.25000000 1.50000000 0.49483922
v 0.25000000 1.75000000 0.49968112
v 0.37500000 1.50000000 0.50605869
v 0.25000000 1.75000000 0.49968112
v 0.37500000 1.75000000 0.49866238
v 0.37500000 1.75000000 0.49866238
v 0.25000000 1.75000000 0.49968112
v 0.25000000 2.00000000 0.50000000
v 0.37500000 1.75000000 0.49866238
v 0.25000000 2.00000000 0.50000000
v 0.37500000 2.00000000 0.50000000
v 0.25000000 0.00000000 0.50000000
v 0.12500000 0.00000000 0.50000000
v 0.12500000 0.25000000 0.48820153
v 0.25000000 0.00000000 0.50000000
v 0.12500000 0.25000000 0.48820153
v 0.25000000 0.25000000 0.48139882
v 0.25000000 0.25000000 0.48139882
v 0.12500000 0.25000000 0.48820153
v 0.12500000 0.50000000 0.49418038
v 0.25000000 0.25000000 0.48139882
v 0.12500000 0.50000000 0.49418038
v 0.25000000 0.50000000 0.48495686
v 0.25000000 0.50000000 0.48495686
v 0.12500000 0.50000000 0.49418038
v 0.12500000 0.75000000 0.49637648
v 0.25000000 0.50000000 0.48495686
v 0.12500000 0.75000000 0.49637648
v 0.25000000 0.75000000 0.48890981
v 0.25000000 0.75000000 0.48890981
v 0.12500000 0.75000000 0.49637648
v 0.12500000 1.00000000 0.48627451
v 0.25000000 0.75000000 0.48890981
v 0.12500000 1.00000000 0.48627451
v 0.25000000 1.00000000 0.48956862
v 0.25000000 1.00000000 0.48956862
v 0.12500000 1.00000000 0.48627451
v 0.12500000 1.25000000 0.47770980
v 0.25000000 1.00000000 0.48956862
v 0.12500000 1.25000000 0.47770980
v 0.25000000 1.25000000 0.49044704
v 0.25000000 1.25000000 0.49044704
v 0.12500000 1.25000000 0.47770980
v 0.12500000 1.50000000 0.48715293
v 0.25000000 1.25000000 0.49044704
v 0.12500000 1.50000000 0.48715293
v 0.25000000 1.50000000 0.49483922
v 0.25000000 1.50000000 0.49483922
v 0.12500000 1.50000000 0.48715293
v 0.12500000 1.75000000 0.50180697
v 0.25000000 1.50000000 0.49483922
v 0.12500000 1.75000000 0.50180697
v 0.25000000 1.75000000 0.49968112
v 0.25000000 1.75000000 0.49968112
v 0.12500000 1.75000000 0.50180697
v 0.12500000 2.00000000 0.50000000
v 0.25000000 1.75000000 0.49968112
v 0.12500000 2.00000000 0.50000000
v 0.25000000 2.00000000 0.50000000
v 0.12500000 0.00000000 0.50000000
v 0.00000000 0.00000000 0.50000000
v 0.00000000 0.25000000 0.50223213
v 0.12500000 0.00000000 0.50000000
v 0.00000000 0.25000000 0.50223213
v 0.12500000 0.25000000 0.48820153
v 0.12500000 0.25000000 0.48820153
v 0.00000000 0.25000000 0.50223213
v 0.00000000 0.50000000 0.50208628
v 0.12500000 0.25000000 0.48820153
v 0.00000000 0.50000000 0.50208628
v 0.12500000 0.50000000 0.49418038
v 0.12500000 0.50000000 0.49418038
v 0.00000000 0.50000000 0.50208628
v 0.00000000 0.75000000 0.49923137
v 0.12500000 0.50000000 0.49418038
v 0.00000000 0.75000000 0.49923137
v 0.12500000 0.75000000 0.49637648
v 0.12500000 0.75000000 0.49637648
v 0.00000000 0.75000000 0.49923137
v 0.00000000 1.00000000 0.49000785
v 0.12500000 0.75000000 0.49637648
v 0.00000000 1.00000000 0.49000785
v 0.12500000 1.00000000 0.48627451
v 0.12500000 1.00000000 0.48627451
v 0.00000000 1.00000000 0.49000785
v 0.00000000 1.25000000 0.48341960
v 0.12500000 1.00000000 0.48627451
v 0.00000000 1.25000000 0.48341960
v 0.12500000 1.25000000 0.47770980
v 0.12500000 1.25000000 0.47770980
v 0.00000000 1.25000000 0.48341960
v 0.00000000 1.50000000 0.49220392
v 0.12500000 1.25000000 0.47770980
v 0.00000000 1.50000000 0.49220392
v 0.12500000 1.50000000 0.48715293
v 0.12500000 1.50000000 0.48715293
v 0.00000000 1.50000000 0.49220392
v 0.00000000 1.75000000 0.50563353
v 0.12500000 1.50000000 0.48715293
v 0.00000000 1.75000000 0.50563353
v 0.12500000 1.75000000 0.50180697
v 0.12500000 1.75000000 0.50180697
v 0.00000000 1.75000000 0.50563353
v 0.00000000 2.00000000 0.50000000
v 0.12500000 1.75000000 0.50180697
v 0.00000000 2.00000000 0.50000000
v 0.12500000 2.00000000 0.50000000
v 0.00000000 0.00000000 0.50000000
v -0.12500000 0.00000000 0.50000000
v -0.12500000 0.25000000 0.51392430
v 0.00000000 0.00000000 0.50000000
v -0.12500000 0.25000000 0.51392430
v 0.00000000 0.25000000 0.50223213
v 0.00000000 0.25000000 0.50223213
v -0.12500000 0.25000000 0.51392430
v -0.12500000 0.50000000 0.50625885
v 0.00000000 0.25000000 0.50223213
v -0.12500000 0.50000000 0.50625885
v 0.00000000 0.50000000 0.50208628
v 0.00000000 0.50000000 0.50208628
v -0.12500000 0.50000000 0.50625885
v -0.12500000 0.75000000 0.49857256
v 0.00000000 0.50000000 0.50208628
v -0.12500000 0.75000000 0.49857256
v 0.00000000 0.75000000 0.49923137
v 0.00000000 0.75000000 0.49923137
v -0.12500000 0.75000000 0.49857256
v -0.12500000 1.00000000 0.49396080
v 0.00000000 0.75000000 0.49923137
v -0.12500000 1.00000000 0.49396080
v 0.00000000 1.00000000 0.49000785
v 0.00000000 1.00000000 0.49000785
v -0.12500000 1.00000000 0.49396080
v -0.12500000 1.25000000 0.49286273
v 0.00000000 1.00000000 0.49000785
v -0.12500000 1.25000000 0.49286273
v 0.00000000 1.25000000 0.48341960
v 0.00000000 1.25000000 0.48341960
v -0.12500000 1.25000000 0.49286273
v -0.12500000 1.50000000 0.50032943
v 0.00000000 1.25000000 0.48341960
v -0.12500000 1.50000000 0.50032943
v 0.00000000 1.50000000 0.49220392
v 0.00000000 1.50000000 0.49220392
v -0.12500000 1.50000000 0.50032943
v -0.12500000 1.75000000 0.51009780
v 0.00000000 1.50000000 0.49220392
v -0.12500000 1.75000000 0.51009780
v 0.00000000 1.75000000 0.50563353
v 0.00000000 1.75000000 0.50563353
v -0.12500000 1.75000000 0.51009780
v -0.12500000 2.00000000 0.50000000
v 0.00000000 1.75000000 0.50563353
v -0.12500000 2.00000000 0.50000000
v 0.00000000 2.00000000 0.50000000
v -0.12500000 0.00000000 0.50000000
v -0.25000000 0.00000000 0.50000000
v -0.25000000 0.25000000 0.51116073
v -0.12500000 0.00000000 0.50000000
v -0.25000000 0.25000000 0.51116073
v -0.12500000 0.25000000 0.51392430
v -0.12500000 0.25000000 0.51392430
v -0.25000000 0.25000000 0.51116073
v -0.25000000 0.50000000 0.50032943
v -0.12500000 0.25000000 0.51392430
v -0.25000000 0.50000000 0.50032943
v -0.12500000 0.50000000 0.50625885
v -0.12500000 0.50000000 0.50625885
v -0.25000000 0.50000000 0.50032943
v -0.25000000 0.75000000 0.49154511
v -0.12500000 0.50000000 0.50625885
v -0.25000000 0.75000000 0.49154511
v -0.12500000 0.75000000 0.49857256
v -0.12500000 0.75000000 0.49857256
v -0.25000000 0.75000000 0.49154511
v -0.25000000 1.00000000 0.49198431
v -0.12500000 0.75000000 0.49857256
v -0.25000000 1.00000000 0.49198431
v -0.12500000 1.00000000 0.49396080
v -0.12500000 1.00000000 0.49396080
v -0.25000000 1.00000000 0.49198431
v -0.25000000 1.25000000 0.49681568
v -0.12500000 1.00000000 0.49396080
v -0.25000000 1.25000000 0.49681568
v -0.12500000 1.25000000 0.49286273
v -0.12500000 1.25000000 0.49286273
v -0.25000000 1.25000000 0.49681568
v -0.25000000 1.50000000 0.50603920
v -0.12500000 1.25000000 0.49286273
v -0.25000000 1.50000000 0.50603920
v -0.12500000 1.50000000 0.50032943
v -0.12500000 1.50000000 0.50032943
v -0.25000000 1.50000000 0.50603920
v -0.25000000 1.75000000 0.51562500
v -0.12500000 1.50000000 0.50032943
v -0.25000000 1.75000000 0.51562500
v -0.12500000 1.75000000 0.51009780
v -0.12500000 1.75000000 0.51009780
v -0.25000000 1.75000000 0.51562500
v -0.25000000 2.00000000 0.50000000
v -0.12500000 1.75000000 0.51009780
v -0.25000000 2.00000000 0.50000000
v -0.12500000 2.00000000 0.50000000
v -0.25000000 0.00000000 0.50000000
v -0.37500000 0.00000000 0.50000000
v -0.37500000 0.25000000 0.50318968
v -0.25000000 0.00000000 0.50000000
v -0.37500000 0.25000000 0.50318968
v -0.25000000 0.25000000 0.51116073
v -0.25000000 0.25000000 0.51116073
v -0.37500000 0.25000000 0.50318968
v -0.37500000 0.50000000 0.49096513
v -0.25000000 0.25000000 0.51116073
v -0.37500000 0.50000000 0.49096513
v -0.25000000 0.50000000 0.50032943
v -0.25000000 0.50000000 0.50032943
v -0.37500000 0.50000000 0.49096513
v -0.37500000 0.75000000 0.48331207
v -0.25000000 0.50000000 0.50032943
v -0.37500000 0.75000000 0.48331207
v -0.25000000 0.75000000 0.49154511
v -0.25000000 0.75000000 0.49154511
v -0.37500000 0.75000000 0.48331207
v -0.37500000 1.00000000 0.48883930
v -0.25000000 0.75000000 0.49154511
v -0.37500000 1.00000000 0.48883930
v -0.25000000 1.00000000 0.49198431
v -0.25000000 1.00000000 0.49198431
v -0.37500000 1.00000000 0.48883930
v -0.37500000 1.25000000 0.49904338
v -0.25000000 1.00000000 0.49198431
v -0.37500000 1.25000000 0.49904338
v -0.25000000 1.25000000 0.49681568
v -0.25000000 1.25000000 0.49681568
v -0.37500000 1.25000000 0.49904338
v -0.37500000 1.50000000 0.51031035
v -0.25000000 1.25000000 0.49681568
v -0.37500000 1.50000000 0.51031035
v -0.25000000 1.50000000 0.50603920
v -0.25000000 1.50000000 0.50603920
v -0.37500000 1.50000000 0.51031035
v -0.37500000 1.75000000 0.52006423
v -0.25000000 1.50000000 0.50603920
v -0.37500000 1.75000000 0.52006423
v -0.25000000 1.75000000 0.51562500
v -0.25000000 1.75000000 0.51562500
v -0.37500000 1.75000000 0.52006423
v -0.37500000 2.00000000 0.50000000
v -0.25000000 1.75000000 0.51562500
v -0.37500000 2.00000000 0.50000000
v -0.25000000 2.00000000 0.50000000
v -0.37500000 0.00000000 0.50000000
v -0.50000000 0.00000000 0.50000000
v -0.50000000 0.25000000 0.50000000
v -0.37500000 0.00000000 0.50000000
v -0.50000000 0.25000000 0.50000000
v -0.37500000 0.25000000 0.50318968
v -0.37500000 0.25000000 0.50318968
v -0.50000000 0.25000000 0.50000000
v -0.50000000 0.50000000 0.50000000
v -0.37500000 0.25000000 0.50318968
v -0.50000000 0.50000000 0.50000000
v -0.37500000 0.50000000 0.49096513
v -0.37500000 0.50000000 0.49096513
v -0.50000000 0.50000000 0.50000000
v -0.50000000 0.75000000 0.50000000
v -0.37500000 0.50000000 0.49096513
v -0.50000000 0.75000000 0.50000000
v -0.37500000 0.75000000 0.48331207
v -0.37500000 0.75000000 0.48331207
v -0.50000000 0.75000000 0.50000000
v -0.50000000 1.00000000 0.50000000
v -0.37500000 0.75000000 0.48331207
v -0.50000000 1.00000000 0.50000000
v -0.37500000 1.00000000 0.48883930
v -0.37500000 1.00000000 0.48883930
v -0.50000000 1.00000000 0.50000000
v -0.50000000 1.25000000 0.50000000
v -0.37500000 1.00000000 0.48883930
v -0.50000000 1.25000000 0.50000000
v -0.37500000 1.25000000 0.49904338
v -0.37500000 1.25000000 0.49904338
v -0.50000000 1.25000000 0.50000000
v -0.50000000 1.50000000 0.50000000
v -0.37500000 1.25000000 0.49904338
v -0.50000000 1.50000000 0.50000000
v -0.37500000 1.50000000 0.51031035
v -0.37500000 1.50000000 0.51031035
v -0.50000000 1.50000000 0.50000000
v -0.50000000 1.75000000 0.50000000
v -0.37500000 1.50000000 0.51031035
v -0.50000000 1.75000000 0.50000000
v -0.37500000 1.75000000 0.52006423
v -0.37500000 1.75000000 0.52006423
v -0.50000000 1.75000000 0.50000000
v -0.50000000 2.00000000 0.50000000
v -0.37500000 1.75000000 0.52006423
v -0.50000000 2.00000000 0.50000000
v -0.37500000 2.00000000 0.50000000
v -0.50000000 0.00000000 0.50000000
v -0.50000000 0.00000000 0.37500000
v -0.51821214 0.25000000 0.37500000
v -0.50000000 0.00000000 0.50000000
v -0.51821214 0.25000000 0.37500000
v -0.50000000 0.25000000 0.50000000
v -0.50000000 0.25000000 0.50000000
v -0.51821214 0.25000000 0.37500000
v -0.50967264 0.50000000 0.37500000
v -0.50000000 0.25000000 0.50000000
v -0.50967264 0.50000000 0.37500000
v -0.50000000 0.50000000 0.50000000
v -0.50000000 0.50000000 0.50000000
v -0.50967264 0.50000000 0.37500000
v -0.50393283 0.75000000 0.37500000
v -0.50000000 0.50000000 0.50000000
v -0.50393283 0.75000000 0.37500000
v -0.50000000 0.75000000 0.50000000
v -0.50000000 0.75000000 0.50000000
v -0.50393283 0.75000000 0.37500000
v -0.51094812 1.00000000 0.37500000
v -0.50000000 0.75000000 0.50000000
v -0.51094812 1.00000000 0.37500000
v -0.50000000 1.00000000 0.50000000
v -0.50000000 1.00000000 0.50000000
v -0.51094812 1.00000000 0.37500000
v -0.51775086 1.25000000 0.37500000
v -0.50000000 1.00000000 0.50000000
v -0.51775086 1.25000000 0.37500000
v -0.50000000 1.25000000 0.50000000
v -0.50000000 1.25000000 0.50000000
v -0.51775086 1.25000000 0.37500000
v -0.51116073 1.50000000 0.37500000
v -0.50000000 1.25000000 0.50000000
v -0.51116073 1.50000000 0.37500000
v -0.50000000 1.50000000 0.50000000
v -0.50000000 1.50000000 0.50000000
v -0.51116073 1.50000000 0.37500000
v -0.50051445 1.75000000 0.37500000
v -0.50000000 1.50000000 0.50000000
v -0.50051445 1.75000000 0.37500000
v -0.50000000 1.75000000 0.50000000
v -0.50000000 1.75000000 0.50000000
v -0.50051445 1.75000000 0.37500000
v -0.50000000 2.00000000 0.37500000
v -0.50000000 1.75000000 0.50000000
v -0.50000000 2.00000000 0.37500000
v -0.50000000 2.00000000 0.50000000
v -0.50000000 0.00000000 0.37500000
v -0.50000000 0.00000000 0.25000000
v -0.50648385 0.25000000 0.25000000
v -0.50000000 0.00000000 0.37500000
v -0.50648385 0.25000000 0.25000000
v -0.51821214 0.25000000 0.37500000
v -0.51821214 0.25000000 0.37500000
v -0.50648385 0.25000000 0.25000000
v -0.50010979 0.50000000 0.25000000
v -0.51821214 0.25000000 0.37500000
v -0.50010979 0.50000000 0.25000000
v -0.50967264 0.50000000 0.37500000
v -0.50967264 0.50000000 0.37500000
v -0.50010979 0.50000000 0.25000000
v -0.49637648 0.75000000 0.25000000
v -0.50967264 0.50000000 0.37500000
v -0.49637648 0.75000000 0.25000000
v -0.50393283 0.75000000 0.37500000
v -0.50393283 0.75000000 0.37500000
v -0.49637648 0.75000000 0.25000000
v -0.50142747 1.00000000 0.25000000
v -0.50393283 0.75000000 0.37500000
v -0.50142747 1.00000000 0.25000000
v -0.51094812 1.00000000 0.37500000
v -0.51094812 1.00000000 0.37500000
v -0.50142747 1.00000000 0.25000000
v -0.50757647 1.25000000 0.25000000
v -0.51094812 1.00000000 0.37500000
v -0.50757647 1.25000000 0.25000000
v -0.51775086 1.25000000 0.37500000
v -0.51775086 1.25000000 0.37500000
v -0.50757647 1.25000000 0.25000000
v -0.50867450 1.50000000 0.25000000
v -0.51775086 1.25000000 0.37500000
v -0.50867450 1.50000000 0.25000000
v -0.51116073 1.50000000 0.37500000
v -0.51116073 1.50000000 0.37500000
v -0.50867450 1.50000000 0.25000000
v -0.50754678 1.75000000 0.25000000
v -0.51116073 1.50000000 0.37500000
v -0.50754678 1.75000000 0.25000000
v -0.50051445 1.75000000 0.37500000
v -0.50051445 1.75000000 0.37500000
v -0.50754678 1.75000000 0.25000000
v -0.50000000 2.00000000 0.25000000
v -0.50051445 1.75000000 0.37500000
v -0.50000000 2.00000000 0.25000000
v -0.50000000 2.00000000 0.37500000
v -0.50000000 0.00000000 0.25000000
v -0.50000000 0.00000000 0.12500000
v -0.49989370 0.25000000 0.12500000
v -0.50000000 0.00000000 0.25000000
v -0.49989370 0.25000000 0.12500000
v -0.50648385 0.25000000 0.25000000
v -0.50648385 0.25000000 0.25000000
v -0.49989370 0.25000000 0.12500000
v -0.49571764 0.50000000 0.12500000
v -0.50648385 0.25000000 0.25000000
v -0.49571764 0.50000000 0.12500000
v -0.50010979 0.50000000 0.25000000
v -0.50010979 0.50000000 0.25000000
v -0.49571764 0.50000000 0.12500000
v -0.49352157 0.75000000 0.12500000
v -0.50010979 0.50000000 0.25000000
v -0.49352157 0.75000000 0.12500000
v -0.49637648 0.75000000 0.25000000
v -0.49637648 0.75000000 0.25000000
v -0.49352157 0.75000000 0.12500000
v -0.49659607 1.00000000 0.12500000
v -0.49637648 0.75000000 0.25000000
v -0.49659607 1.00000000 0.12500000
v -0.50142747 1.00000000 0.25000000
v -0.50142747 1.00000000 0.25000000
v -0.49659607 1.00000000 0.12500000
v -0.50186664 1.25000000 0.12500000
v -0.50142747 1.00000000 0.25000000
v -0.50186664 1.25000000 0.12500000
v -0.50757647 1.25000000 0.25000000
v -0.50757647 1.25000000 0.25000000
v -0.50186664 1.25000000 0.12500000
v -0.50889415 1.50000000 0.12500000
v -0.50757647 1.25000000 0.25000000
v -0.50889415 1.50000000 0.12500000
v -0.50867450 1.50000000 0.25000000
v -0.50867450 1.50000000 0.25000000
v -0.50889415 1.50000000 0.12500000
v -0.51498723 1.75000000 0.12500000
v -0.50867450 1.50000000 0.25000000
v -0.51498723 1.75000000 0.12500000
v -0.50754678 1.75000000 0.25000000
v -0.50754678 1.75000000 0.25000000
v -0.51498723 1.75000000 0.12500000
v -0.50000000 2.00000000 0.12500000
v -0.50754678 1.75000000 0.25000000
v -0.50000000 2.00000000 0.12500000
v -0.50000000 2.00000000 0.25000000
v -0.50000000 0.00000000 0.12500000
v -0.50000000 0.00000000 0.00000000
v -0.51349914 0.25000000 0.00000000
v -0.50000000 0.00000000 0.12500000
v -0.51349914 0.25000000 0.00000000
v -0.49989370 0.25000000 0.12500000
v -0.49989370 0.25000000 0.12500000
v -0.51349914 0.25000000 0.00000000
v -0.50933331 0.50000000 0.00000000
v -0.49989370 0.25000000 0.12500000
v -0.50933331 0.50000000 0.00000000
v -0.49571764 0.50000000 0.12500000
v -0.49571764 0.50000000 0.12500000
v -0.50933331 0.50000000 0.00000000
v -0.50625885 0.75000000 0.00000000
v -0.49571764 0.50000000 0.12500000
v -0.50625885 0.75000000 0.00000000
v -0.49352157 0.75000000 0.12500000
v -0.49352157 0.75000000 0.12500000
v -0.50625885 0.75000000 0.00000000
v -0.50823528 1.00000000 0.00000000
v -0.49352157 0.75000000 0.12500000
v -0.50823528 1.00000000 0.00000000
v -0.49659607 1.00000000 0.12500000
v -0.49659607 1.00000000 0.12500000
v -0.50823528 1.00000000 0.00000000
v -0.51240784 1.25000000 0.00000000
v -0.49659607 1.00000000 0.12500000
v -0.51240784 1.25000000 0.00000000
v -0.50186664 1.25000000 0.12500000
v -0.50186664 1.25000000 0.12500000
v -0.51240784 1.25000000 0.00000000
v -0.51811767 1.50000000 0.00000000
v -0.50186664 1.25000000 0.12500000
v -0.51811767 1.50000000 0.00000000
v -0.50889415 1.50000000 0.12500000
v -0.50889415 1.50000000 0.12500000
v -0.51811767 1.50000000 0.00000000
v -0.52285290 1.75000000 0.00000000
v -0.50889415 1.50000000 0.12500000
v -0.52285290 1.75000000 0.00000000
v -0.51498723 1.75000000 0.12500000
v -0.51498723 1.75000000 0.12500000
v -0.52285290 1.75000000 0.00000000
v -0.50000000 2.00000000 0.00000000
v -0.51498723 1.75000000 0.12500000
v -0.50000000 2.00000000 0.00000000
v -0.50000000 2.00000000 0.12500000
v -0.50000000 0.00000000 0.00000000
v -0.50000000 0.00000000 -0.12500000
v -0.52476615 0.25000000 -0.12500000
v -0.50000000 0.00000000 0.00000000
v -0.52476615 0.25000000 -0.12500000
v -0.51349914 0.25000000 0.00000000
v -0.51349914 0.25000000 0.00000000
v -0.52476615 0.25000000 -0.12500000
v -0.52031374 0.50000000 -0.12500000
v -0.51349914 0.25000000 0.00000000
v -0.52031374 0.50000000 -0.12500000
v -0.50933331 0.50000000 0.00000000
v -0.50933331 0.50000000 0.00000000
v -0.52031374 0.50000000 -0.12500000
v -0.51679999 0.75000000 -0.12500000
v -0.50933331 0.50000000 0.00000000
v -0.51679999 0.75000000 -0.12500000
v -0.50625885 0.75000000 0.00000000
v -0.50625885 0.75000000 0.00000000
v -0.51679999 0.75000000 -0.12500000
v -0.51877648 1.00000000 -0.12500000
v -0.50625885 0.75000000 0.00000000
v -0.51877648 1.00000000 -0.12500000
v -0.50823528 1.00000000 0.00000000
v -0.50823528 1.00000000 0.00000000
v -0.51877648 1.00000000 -0.12500000
v -0.52229017 1.25000000 -0.12500000
v -0.50823528 1.00000000 0.00000000
v -0.52229017 1.25000000 -0.12500000
v -0.51240784 1.25000000 0.00000000
v -0.51240784 1.25000000 0.00000000
v -0.52229017 1.25000000 -0.12500000
v -0.52470589 1.50000000 -0.12500000
v -0.51240784 1.25000000 0.00000000
v -0.52470589 1.50000000 -0.12500000
v -0.51811767 1.50000000 0.00000000
v -0.51811767 1.50000000 0.00000000
v -0.52470589 1.50000000 -0.12500000
v -0.52604169 1.75000000 -0.12500000
v -0.51811767 1.50000000 0.00000000
v -0.52604169 1.75000000 -0.12500000
v -0.52285290 1.75000000 0.00000000
v -0.52285290 1.75000000 0.00000000
v -0.52604169 1.75000000 -0.12500000
v -0.50000000 2.00000000 -0.12500000
v -0.52285290 1.75000000 0.00000000
v -0.50000000 2.00000000 -0.12500000
v -0.50000000 2.00000000 0.00000000
v -0.50000000 0.00000000 -0.12500000
v -0.50000000 0.00000000 -0.25000000
v -0.50775933 0.25000000 -0.25000000
v -0.50000000 0.00000000 -0.12500000
v -0.50775933 0.25000000 -0.25000000
v -0.52476615 0.25000000 -0.12500000
v -0.52476615 0.25000000 -0.12500000
v -0.50775933 0.25000000 -0.25000000
v -0.50559998 0.50000000 -0.25000000
v -0.52476615 0.25000000 -0.12500000
v -0.50559998 0.50000000 -0.25000000
v -0.52031374 0.50000000 -0.12500000
v -0.52031374 0.50000000 -0.12500000
v -0.50559998 0.50000000 -0.25000000
v -0.50494117 0.75000000 -0.25000000
v -0.52031374 0.50000000 -0.12500000
v -0.50494117 0.75000000 -0.25000000
v -0.51679999 0.75000000 -0.12500000
v -0.51679999 0.75000000 -0.12500000
v -0.50494117 0.75000000 -0.25000000
v -0.50955296 1.00000000 -0.25000000
v -0.51679999 0.75000000 -0.12500000
v -0.50955296 1.00000000 -0.25000000
v -0.51877648 1.00000000 -0.12500000
v -0.51877648 1.00000000 -0.12500000
v -0.50955296 1.00000000 -0.25000000
v -0.51438433 1.25000000 -0.25000000
v -0.51877648 1.00000000 -0.12500000
v -0.51438433 1.25000000 -0.25000000
v -0.52229017 1.25000000 -0.12500000
v -0.52229017 1.25000000 -0.12500000
v -0.51438433 1.25000000 -0.25000000
v -0.51504314 1.50000000 -0.25000000
v -0.52229017 1.25000000 -0.12500000
v -0.51504314 1.50000000 -0.25000000
v -0.52470589 1.50000000 -0.12500000
v -0.52470589 1.50000000 -0.12500000
v -0.51504314 1.50000000 -0.25000000
v -0.51392430 1.75000000 -0.25000000
v -0.52470589 1.50000000 -0.12500000
v -0.51392430 1.75000000 -0.25000000
v -0.52604169 1.75000000 -0.12500000
v -0.52604169 1.75000000 -0.12500000
v -0.51392430 1.75000000 -0.25000000
v -0.50000000 2.00000000 -0.25000000
v -0.52604169 1.75000000 -0.12500000
v -0.50000000 2.00000000 -0.25000000
v -0.50000000 2.00000000 -0.12500000
v -0.50000000 0.00000000 -0.25000000
v -0.50000000 0.00000000 -0.37500000
v -0.48363996 0.25000000 -0.37500000
v -0.50000000 0.00000000 -0.25000000
v -0.48363996 0.25000000 -0.37500000
v -0.50775933 0.25000000 -0.25000000
v -0.50775933 0.25000000 -0.25000000
v -0.48363996 0.25000000 -0.37500000
v -0.48394984 0.50000000 -0.37500000
v -0.50775933 0.25000000 -0.25000000
v -0.48394984 0.50000000 -0.37500000
v -0.50559998 0.50000000 -0.25000000
v -0.50559998 0.50000000 -0.25000000
v -0.48394984 0.50000000 -0.37500000
v -0.48692602 0.75000000 -0.37500000
v -0.50559998 0.50000000 -0.25000000
v -0.48692602 0.75000000 -0.37500000
v -0.50494117 0.75000000 -0.25000000
v -0.50494117 0.75000000 -0.25000000
v -0.48692602 0.75000000 -0.37500000
v -0.49436650 1.00000000 -0.37500000
v -0.50494117 0.75000000 -0.25000000
v -0.49436650 1.00000000 -0.37500000
v -0.50955296 1.00000000 -0.25000000
v -0.50955296 1.00000000 -0.25000000
v -0.49436650 1.00000000 -0.37500000
v -0.50095665 1.25000000 -0.37500000
v -0.50955296 1.00000000 -0.25000000
v -0.50095665 1.25000000 -0.37500000
v -0.51438433 1.25000000 -0.25000000
v -0.51438433 1.25000000 -0.25000000
v -0.50095665 1.25000000 -0.37500000
v -0.50053144 1.50000000 -0.37500000
v -0.51438433 1.25000000 -0.25000000
v -0.50053144 1.50000000 -0.37500000
v -0.51504314 1.50000000 -0.25000000
v -0.51504314 1.50000000 -0.25000000
v -0.50053144 1.50000000 -0.37500000
v -0.49742767 1.75000000 -0.37500000
v -0.51504314 1.50000000 -0.25000000
v -0.49742767 1.75000000 -0.37500000
v -0.51392430 1.75000000 -0.25000000
v -0.51392430 1.75000000 -0.25000000
v -0.49742767 1.75000000 -0.37500000
v -0.50000000 2.00000000 -0.37500000
v -0.51392430 1.75000000 -0.25000000
v -0.50000000 2.00000000 -0.37500000
v -0.50000000 2.00000000 -0.25000000
v -0.50000000 0.00000000 -0.37500000
v -0.50000000 0.00000000 -0.50000000
v -0.50000000 0.25000000 -0.50000000
v -0.50000000 0.00000000 -0.37500000
v -0.50000000 0.25000000 -0.50000000
v -0.48363996 0.25000000 -0.37500000
v -0.48363996 0.25000000 -0.37500000
v -0.50000000 0.25000000 -0.50000000
v -0.50000000 0.50000000 -0.50000000
v -0.48363996 0.25000000 -0.37500000
v -0.50000000 0.50000000 -0.50000000
v -0.48394984 0.50000000 -0.37500000
v -0.48394984 0.50000000 -0.37500000
v -0.50000000 0.50000000 -0.50000000
v -0.50000000 0.75000000 -0.50000000
v -0.48394984 0.50000000 -0.37500000
v -0.50000000 0.75000000 -0.50000000
v -0.48692602 0.75000000 -0.37500000
v -0.48692602 0.75000000 -0.37500000
v -0.50000000 0.75000000 -0.50000000
v -0.50000000 1.00000000 -0.50000000
v -0.48692602 0.75000000 -0.37500000
v -0.50000000 1.00000000 -0.50000000
v -0.49436650 1.00000000 -0.37500000
v -0.49436650 1.00000000 -0.37500000
v -0.50000000 1.00000000 -0.50000000
v -0.50000000 1.25000000 -0.50000000
v -0.49436650 1.00000000 -0.37500000
v -0.50000000 1.25000000 -0.50000000
v -0.50095665 1.25000000 -0.37500000
v -0.50095665 1.25000000 -0.37500000
v -0.50000000 1.25000000 -0.50000000
v -0.50000000 1.50000000 -0.50000000
v -0.50095665 1.25000000 -0.37500000
v -0.50000000 1.50000000 -0.50000000
v -0.50053144 1.50000000 -0.37500000
v -0.50053144 1.50000000 -0.37500000
v -0.50000000 1.50000000 -0.50000000
v -0.50000000 1.75000000 -0.50000000
v -0.50053144 1.50000000 -0.37500000
v -0.50000000 1.75000000 -0.50000000
v -0.49742767 1.75000000 -0.37500000
v -0.49742767 1.75000000 -0.37500000
v -0.50000000 1.75000000 -0.50000000
v -0.50000000 2.00000000 -0.50000000
v -0.49742767 1.75000000 -0.37500000
v -0.50000000 2.00000000 -0.50000000
v -0.50000000 2.00000000 -0.37500000
vt 0.00000000 0.00000000
vt 0.12500000 0.00000000
vt 0.12500000 0.25000000
vt 0.00000000 0.00000000
vt 0.12500000 0.25000000
vt 0.00000000 0.25000000
vt 0.00000000 0.25000000
vt 0.12500000 0.25000000
vt 0.12500000 0.50000000
vt 0.00000000 0.25000000
vt 0.12500000 0.50000000
vt 0.00000000 0.50000000
vt 0.00000000 0.50000000
vt 0.12500000 0.50000000
vt 0.12500000 0.75000000
vt 0.00000000 0.50000000
vt 0.12500000 0.75000000
vt 0.00000000 0.75000000
vt 0.00000000 0.75000000
vt 0.12500000 0.75000000
vt 0.12500000 1.00000000
vt 0.00000000 0.75000000
vt 0.12500000 1.00000000
vt 0.00000000 1.00000000
vt 0.00000000 1.00000000
vt 0.12500000 1.00000000
vt 0.12500000 1.25000000
vt 0.00000000 1.00000000
vt 0.12500000 1.25000000
vt 0.00000000 1.25000000
vt 0.00000000 1.25000000
vt 0.12500000 1.25000000
vt 0.12500000 1.50000000
vt 0.00000000 1.25000000
vt 0.12500000 1.50000000
vt 0.00000000 1.50000000
vt 0.00000000 1.50000000
vt 0.12500000 1.50000000
vt 0.12500000 1.75000000
vt 0.00000000 1.50000000
vt 0.12500000 1.75000000
vt 0.00000000 1.75000000
vt 0.00000000 1.75000000
vt 0.12500000 1.75000000
vt 0.12500000 2.00000000
vt 0.00000000 1.75000000
vt 0.12500000 2.00000000
vt 0.00000000 2.00000000
vt 0.12500000 0.00000000
vt 0.25000000 0.00000000
vt 0.25000000 0.25000000
vt 0.12500000 0.00000000
vt 0.25000000 0.25000000
vt 0.12500000 0.25000000
vt 0.12500000 0.25000000
vt 0.25000000 0.25000000
vt 0.25000000 0.50000000
vt 0.12500000 0.25000000
vt 0.25000000 0.50000000
vt 0.12500000 0.50000000
vt 0.12500000 0.50000000
vt 0.25000000 0.50000000
vt 0.25000000 0.75000000
vt 0.12500000 0.50000000
vt 0.25000000 0.75000000
vt 0.12500000 0.75000000
vt 0.12500000 0.75000000
vt 0.25000000 0.75000000
vt 0.25000000 1.00000000
vt 0.12500000 0.75000000
vt 0.25000000 1.00000000
vt 0.12500000 1.00000000
vt 0.12500000 1.00000000
vt 0.25000000 1.00000000
vt 0.25000000 1.25000000
vt 0.12500000 1.00000000
vt 0.25000000 1.25000000
vt 0.12500000 1.25000000
vt 0.12500000 1.25000000
vt 0.25000000 1.25000000
vt 0.25000000 1.50000000
vt 0.12500000 1.25000000
vt 0.25000000 1.50000000
vt 0.12500000 1.50000000
vt 0.12500000 1.50000000
vt 0.25000000 1.50000000
vt 0.25000000 1.75000000
vt 0.12500000 1.50000000
vt 0.25000000 1.75000000
vt 0.12500000 1.75000000
vt 0.12500000 1.75000000
vt 0.25000000 1.75000000
vt 0.25000000 2.00000000
vt 0.12500000 1.75000000
vt 0.25000000 2.00000000
vt 0.12500000 2.00000000
vt 0.25000000 0.00000000
vt 0.37500000 0.00000000
vt 0.37500000 0.25000000
vt 0.25000000 0.00000000
vt 0.37500000 0.25000000
vt 0.25000000 0.25000000
vt 0.25000000 0.25000000
vt 0.37500000 0.25000000
vt 0.37500000 0.50000000
vt 0.25000000 0.25000000
vt 0.37500000 0.50000000
vt 0.25000000 0.50000000
vt 0.25000000 0.50000000
vt 0.37500000 0.50000000
vt 0.37500000 0.75000000
vt 0.25000000 0.50000000
vt 0.37500000 0.75000000
vt 0.25000000 0.75000000
vt 0.25000000 0.75000000
vt 0.37500000 0.75000000
vt 0.37500000 1.00000000
vt 0.25000000 0.75000000
vt 0.37500000 1.00000000
vt 0.25000000 1.00000000
vt 0.25000000 1.00000000
vt 0.37500000 1.00000000
vt 0.37500000 1.25000000
vt 0.25000000 1.00000000
vt 0.37500000 1.25000000
vt 0.25000000 1.25000000
vt 0.25000000 1.25000000
vt 0.37500000 1.25000000
vt 0.37500000 1.50000000
vt 0.25000000 1.25000000
vt 0.37500000 1.50000000
vt 0.25000000 1.50000000
vt 0.25000000 1.50000000
vt 0.37500000 1.50000000
vt 0.37500000 1.75000000
vt 0.25000000 1.50000000
vt 0.37500000 1.75000000
vt 0.25000000 1.75000000
vt 0.25000000 1.75000000
vt 0.37500000 1.75000000
vt 0.37500000 2.00000000
vt 0.25000000 1.75000000
vt 0.37500000 2.00000000
vt 0.25000000 2.00000000
vt 0.37500000 0.00000000
vt 0.50000000 0.00000000
vt 0.50000000 0.25000000
vt 0.37500000 0.00000000
vt 0.50000000 0.25000000
vt 0.37500000 0.25000000
vt 0.37500000 0.25000000
vt 0.50000000 0.25000000
vt 0.50000000 0.50000000
vt 0.37500000 0.25000000
vt 0.50000000 0.50000000
vt 0.37500000 0.50000000
vt 0.37500000 0.50000000
vt 0.50000000 0.50000000
vt 0.50000000 0.75000000
vt 0.37500000 0.50000000
vt 0.50000000 0.75000000
vt 0.37500000 0.75000000
vt 0.37500000 0.75000000
vt 0.50000000 0.75000000
vt 0.50000000 1.00000000
vt 0.37500000 0.75000000
vt 0.50000000 1.00000000
vt 0.37500000 1.00000000
vt 0.37500000 1.00000000
vt 0.50000000 1.00000000
vt 0.50000000 1.25000000
vt 0.37500000 1.00000000
vt 0.50000000 1.25000000
vt 0.37500000 1.25000000
vt 0.37500000 1.25000000
vt 0.50000000 1.25000000
vt 0.50000000 1.50000000
vt 0.37500000 1.25000000
vt 0.50000000 1.50000000
vt 0.37500000 1.50000000
vt 0.37500000 1.50000000
vt 0.50000000 1.50000000
vt 0.50000000 1.75000000
vt 0.37500000 1.50000000
vt 0.50000000 1.75000000
vt 0.37500000 1.75000000
vt 0.37500000 1.75000000
vt 0.50000000 1.75000000
vt 0.50000000 2.00000000
vt 0.37500000 1.75000000
vt 0.50000000 2.00000000
vt 0.37500000 2.00000000
vt 0.50000000 0.00000000
vt 0.62500000 0.00000000
vt 0.62500000 0.25000000
vt 0.50000000 0.00000000
vt 0.62500000 0.25000000
vt 0.50000000 0.25000000
vt 0.50000000 0.25000000
vt 0.62500000 0.25000000
vt 0.62500000 0.50000000
vt 0.50000000 0.25000000
vt 0.62500000 0.50000000
vt 0.50000000 0.50000000
vt 0.50000000 0.50000000
vt 0.62500000 0.50000000
vt 0.62500000 0.75000000
vt 0.50000000 0.50000000
vt 0.62500000 0.75000000
vt 0.50000000 0.75000000
vt 0.50000000 0.75000000
vt 0.62500000 0.75000000
vt 0.62500000 1.00000000
vt 0.50000000 0.75000000
vt 0.62500000 1.00000000
vt 0.50000000 1.00000000
vt 0.50000000 1.00000000
vt 0.62500000 1.00000000
vt 0.62500000 1.25000000
vt 0.50000000 1.00000000
vt 0.62500000 1.25000000
vt 0.50000000 1.25000000
vt 0.50000000 1.25000000
vt 0.62500000 1.25000000
vt 0.62500000 1.50000000
vt 0.50000000 1.25000000
vt 0.62500000 1.50000000
vt 0.50000000 1.50000000
vt 0.50000000 1.50000000
vt 0.62500000 1.50000000
vt 0.62500000 1.75000000
vt 0.50000000 1.50000000
vt 0.62500000 1.75000000
vt 0.50000000 1.75000000
vt 0.50000000 1.75000000
vt 0.62500000 1.75000000
vt 0.62500000 2.00000000
vt 0.50000000 1.75000000
vt 0.62500000 2.00000000
vt 0.50000000 2.00000000
vt 0.62500000 0.00000000
vt 0.75000000 0.00000000
vt 0.75000000 0.25000000
vt 0.62500000 0.00000000
vt 0.75000000 0.25000000
vt 0.62500000 0.25000000
vt 0.62500000 0.25000000
vt 0.75000000 0.25000000
vt 0.75000000 0.50000000
vt 0.62500000 0.25000000
vt 0.75000000 0.50000000
vt 0.62500000 0.50000000
vt 0.62500000 0.50000000
vt 0.75000000 0.50000000
vt 0.75000000 0.75000000
vt 0.62500000 0.50000000
vt 0.75000000 0.75000000
vt 0.62500000 0.75000000
vt 0.62500000 0.75000000
vt 0.75000000 0.75000000
vt 0.75000000 1.00000000
vt 0.62500000 0.75000000
vt 0.75000000 1.00000000
vt 0.62500000 1.00000000
vt 0.62500000 1.00000000
vt 0.75000000 1.00000000
vt 0.75000000 1.25000000
vt 0.62500000 1.00000000
vt 0.75000000 1.25000000
vt 0.62500000 1.25000000
vt 0.62500000 1.25000000
vt 0.75000000 1.25000000
vt 0.75000000 1.50000000
vt 0.62500000 1.25000000
vt 0.75000000 1.50000000
vt 0.62500000 1.50000000
vt 0.62500000 1.50000000
vt 0.75000000 1.50000000
vt 0.75000000 1.75000000
vt 0.62500000 1.50000000
vt 0.75000000 1.75000000
vt 0.62500000 1.75000000
vt 0.62500000 1.75000000
vt 0.75000000 1.75000000
vt 0.75000000 2.00000000
vt 0.62500000 1.75000000
vt 0.75000000 2.00000000
vt 0.62500000 2.00000000
vt 0.75000000 0.00000000
vt 0.87500000 0.00000000
vt 0.87500000 0.25000000
vt 0.75000000 0.00000000
vt 0.87500000 0.25000000
vt 0.75000000 0.25000000
vt 0.75000000 0.25000000
vt 0.87500000 0.25000000
vt 0.87500000 0.50000000
vt 0.75000000 0.25000000
vt 0.87500000 0.50000000
vt 0.75000000 0.50000000
vt 0.75000000 0.50000000
vt 0.87500000 0.50000000
vt 0.87500000 0.75000000
vt 0.75000000 0.50000000
vt 0.87500000 0.75000000
vt 0.75000000 0.75000000
vt 0.75000000 0.75000000
vt 0.87500000 0.75000000
vt 0.87500000 1.00000000
vt 0.75000000 0.75000000
vt 0.87500000 1.00000000
vt 0.75000000 1.00000000
vt 0.75000000 1.00000000
vt 0.87500000 1.00000000
vt 0.87500000 1.25000000
vt 0.75000000 1.00000000
vt 0.87500000 1.25000000
vt 0.75000000 1.25000000
vt 0.75000000 1.25000000
vt 0.87500000 1.25000000
vt 0.87500000 1.50000000
vt 0.75000000 1.25000000
vt 0.87500000 1.50000000
vt 0.75000000 1.50000000
vt 0.75000000 1.50000000
vt 0.87500000 1.50000000
vt 0.87500000 1.75000000
vt 0.75000000 1.50000000
vt 0.87500000 1.75000000
vt 0.75000000 1.75000000
vt 0.75000000 1.75000000
vt 0.87500000 1.75000000
vt 0.87500000 2.00000000
vt 0.75000000 1.75000000
vt 0.87500000 2.00000000
vt 0.75000000 2.00000000
vt 0.87500000 0.00000000
vt 1.00000000 0.00000000
vt 1.00000000 0.25000000
vt 0.87500000 0.00000000
vt 1.00000000 0.25000000
vt 0.87500000 0.25000000
vt 0.87500000 0.25000000
vt 1.00000000 0.25000000
vt 1.00000000 0.50000000
vt 0.87500000 0.25000000
vt 1.00000000 0.50000000
vt 0.87500000 0.50000000
vt 0.87500000 0.50000000
vt 1.00000000 0.50000000
vt 1.00000000 0.75000000
vt 0.87500000 0.50000000
vt 1.00000000 0.75000000
vt 0.87500000 0.75000000
vt 0.87500000 0.75000000
vt 1.00000000 0.75000000
vt 1.00000000 1.00000000
vt 0.87500000 0.75000000
vt 1.00000000 1.00000000
vt 0.87500000 1.00000000
vt 0.87500000 1.00000000
vt 1.00000000 1.00000000
vt 1.00000000 1.25000000
vt 0.87500000 1.00000000
vt 1.00000000 1.25000000
vt 0.87500000 1.25000000
vt 0.87500000 1.25000000
vt 1.00000000 1.25000000
vt 1.00000000 1.50000000
vt 0.87500000 1.25000000
vt 1.00000000 1.50000000
vt 0.87500000 1.50000000
vt 0.87500000 1.50000000
vt 1.00000000 1.50000000
vt 1.00000000 1.75000000
vt 0.87500000 1.50000000
vt 1.00000000 1.75000000
vt 0.87500000 1.75000000
vt 0.87500000 1.75000000
vt 1.00000000 1.75000000
vt 1.00000000 2.00000000
vt 0.87500000 1.75000000
vt 1.00000000 2.00000000
vt 0.87500000 2.00000000
vt 0.00000000 0.00000000
vt 0.12500000 0.00000000
vt 0.12500000 0.25000000
vt 0.00000000 0.00000000
vt 0.12500000 0.25000000
vt 0.00000000 0.25000000
vt 0.00000000 0.25000000
vt 0.12500000 0.25000000
vt 0.12500000 0.50000000
vt 0.00000000 0.25000000
vt 0.12500000 0.50000000
vt 0.00000000 0.50000000
vt 0.00000000 0.50000000
vt 0.12500000 0.50000000
vt 0.12500000 0.75000000
vt 0.00000000 0.50000000
vt 0.12500000 0.75000000
vt 0.00000000 0.75000000
vt 0.00000000 0.75000000
vt 0.12500000 0.75000000
vt 0.12500000 1.00000000
vt 0.00000000 0.75000000
vt 0.12500000 1.00000000
vt 0.00000000 1.00000000
vt 0.00000000 1.00000000
vt 0.12500000 1.00000000
vt 0.12500000 1.25000000
vt 0.00000000 1.00000000
vt 0.12500000 1.25000000
vt 0.00000000 1.25000000
vt 0.00000000 1.25000000
vt 0.12500000 1.25000000
vt 0.12500000 1.50000000
vt 0.00000000 1.25000000
vt 0.12500000 1.50000000
vt 0.00000000 1.50000000
vt 0.00000000 1.50000000
vt 0.12500000 1.50000000
vt 0.12500000 1.75000000
vt 0.00000000 1.50000000
vt 0.12500000 1.75000000
vt 0.00000000 1.75000000
vt 0.00000000 1.75000000
vt 0.12500000 1.75000000
vt 0.12500000 2.00000000
vt 0.00000000 1.75000000
vt 0.12500000 2.00000000
vt 0.00000000 2.00000000
vt 0.12500000 0.00000000
vt 0.25000000 0.00000000
vt 0.25000000 0.25000000
vt 0.12500000 0.00000000
vt 0.25000000 0.25000000
vt 0.12500000 0.25000000
vt 0.12500000 0.25000000
vt 0.25000000 0.25000000
vt 0.25000000 0.50000000
vt 0.12500000 0.25000000
vt 0.25000000 0.50000000
vt 0.12500000 0.50000000
vt 0.12500000 0.50000000
vt 0.25000000 0.50000000
vt 0.25000000 0.75000000
vt 0.12500000 0.50000000
vt 0.25000000 0.75000000
vt 0.12500000 0.75000000
vt 0.12500000 0.75000000
vt 0.25000000 0.75000000
vt 0.25000000 1.00000000
vt 0.12500000 0.75000000
vt 0.25000000 1.00000000
vt 0.12500000 1.00000000
vt 0.12500000 1.00000000
vt 0.25000000 1.00000000
vt 0.25000000 1.25000000
vt 0.12500000 1.00000000
vt 0.25000000 1.25000000
vt 0.12500000 1.25000000
vt 0.12500000 1.25000000
vt 0.25000000 1.25000000
vt 0.25000000 1.50000000
vt 0.12500000 1.25000000
vt 0.25000000 1.50000000
vt 0.12500000 1.50000000
vt 0.12500000 1.50000000
vt 0.25000000 1.50000000
vt 0.25000000 1.75000000
vt 0.12500000 1.50000000
vt 0.25000000 1.75000000
vt 0.12500000 1.75000000
vt 0.12500000 1.75000000
vt 0.25000000 1.75000000
vt 0.25000000 2.00000000
vt 0.12500000 1.75000000
vt 0.25000000 2.00000000
vt 0.12500000 2.00000000
vt 0.25000000 0.00000000
vt 0.37500000 0.00000000
vt 0.37500000 0.25000000
vt 0.25000000 0.00000000
vt 0.37500000 0.25000000
vt 0.25000000 0.25000000
vt 0.25000000 0.25000000
vt 0.37500000 0.25000000
vt 0.37500000 0.50000000
vt 0.25000000 0.25000000
vt 0.37500000 0.50000000
vt 0.25000000 0.50000000
vt 0.25000000 0.50000000
vt 0.37500000 0.50000000
vt 0.37500000 0.75000000
vt 0.25000000 0.50000000
vt 0.37500000 0.75000000
vt 0.25000000 0.75000000
vt 0.25000000 0.75000000
vt 0.37500000 0.75000000
vt 0.37500000 1.00000000
vt 0.25000000 0.75000000
vt 0.37500000 1.00000000
vt 0.25000000 1.00000000
vt 0.25000000 1.00000000
vt 0.37500000 1.00000000
vt 0.37500000 1.25000000
vt 0.25000000 1.00000000
vt 0.37500000 1.25000000
vt 0.25000000 1.25000000
vt 0.25000000 1.25000000
vt 0.37500000 1.25000000
vt 0.37500000 1.50000000
vt 0.25000000 1.25000000
vt 0.37500000 1.50000000
vt 0.25000000 1.50000000
vt 0.25000000 1.50000000
vt 0.37500000 1.50000000
vt 0.37500000 1.75000000
vt 0.25000000 1.50000000
vt 0.37500000 1.75000000
vt 0.25000000 1.75000000
vt 0.25000000 1.75000000
vt 0.37500000 1.75000000
vt 0.37500000 2.00000000
vt 0.25000000 1.75000000
vt 0.37500000 2.00000000
vt 0.25000000 2.00000000
vt 0.37500000 0.00000000
vt 0.50000000 0.00000000
vt 0.50000000 0.25000000
vt 0.37500000 0.00000000
vt 0.50000000 0.25000000
vt 0.37500000 0.25000000
vt 0.37500000 0.25000000
vt 0.50000000 0.25000000
vt 0.50000000 0.50000000
vt 0.37500000 0.25000000
vt 0.50000000 0.50000000
vt 0.37500000 0.50000000
vt 0.37500000 0.50000000
vt 0.50000000 0.50000000
vt 0.50000000 0.75000000
vt 0.37500000 0.50000000
vt 0.50000000 0.75000000
vt 0.37500000 0.75000000
vt 0.37500000 0.75000000
vt 0.50000000 0.75000000
vt 0.50000000 1.00000000
vt 0.37500000 0.75000000
vt 0.50000000 1.00000000
vt 0.37500000 1.00000000
vt 0.37500000 1.00000000
vt 0.50000000 1.00000000
vt 0.50000000 1.25000000
vt 0.37500000 1.00000000
vt 0.50000000 1.25000000
vt 0.37500000 1.25000000
vt 0.37500000 1.25000000
vt 0.50000000 1.25000000
vt 0.50000000 1.50000000
vt 0.37500000 1.25000000
vt 0.50000000 1.50000000
vt 0.37500000 1.50000000
vt 0.37500000 1.50000000
vt 0.50000000 1.50000000
vt 0.50000000 1.75000000
vt 0.37500000 1.50000000
vt 0.50000000 1.75000000
vt 0.37500000 1.75000000
vt 0.37500000 1.75000000
vt 0.50000000 1.75000000
vt 0.50000000 2.00000000
vt 0.37500000 1.75000000
vt 0.50000000 2.00000000
vt 0.37500000 2.00000000
vt 0.50000000 0.00000000
vt 0.62500000 0.00000000
vt 0.62500000 0.25000000
vt 0.50000000 0.00000000
vt 0.62500000 0.25000000
vt 0.50000000 0.25000000
vt 0.50000000 0.25000000
vt 0.62500000 0.25000000
vt 0.62500000 0.50000000
vt 0.50000000 0.25000000
vt 0.62500000 0.50000000
vt 0.50000000 0.50000000
vt 0.50000000 0.50000000
vt 0.62500000 0.50000000
vt 0.62500000 0.75000000
vt 0.50000000 0.50000000
vt 0.62500000 0.75000000
vt 0.50000000 0.75000000
vt 0.50000000 0.75000000
vt 0.62500000 0.75000000
vt 0.62500000 1.00000000
vt 0.50000000 0.75000000
vt 0.62500000 1.00000000
vt 0.50000000 1.00000000
vt 0.50000000 1.00000000
vt 0.62500000 1.00000000
vt 0.62500000 1.25000000
vt 0.50000000 1.00000000
vt 0.62500000 1.25000000
vt 0.50000000 1.25000000
vt 0.50000000 1.25000000
vt 0.62500000 1.25000000
vt 0.62500000 1.50000000
vt 0.50000000 1.25000000
vt 0.62500000 1.50000000
vt 0.50000000 1.50000000
vt 0.50000000 1.50000000
vt 0.62500000 1.50000000
vt 0.62500000 1.75000000
vt 0.50000000 1.50000000
vt 0.62500000 1.75000000
vt 0.50000000 1.75000000
vt 0.50000000 1.75000000
vt 0.62500000 1.75000000
vt 0.62500000 2.00000000
vt 0.50000000 1.75000000
vt 0.62500000 2.00000000
vt 0.50000000 2.00000000
vt 0.62500000 0.00000000
vt 0.75000000 0.00000000
vt 0.75000000 0.25000000
vt 0.62500000 0.00000000
vt 0.75000000 0.25000000
vt 0.62500000 0.25000000
vt 0.62500000 0.25000000
vt 0.75000000 0.25000000
vt 0.75000000 0.50000000
vt 0.62500000 0.25000000
vt 0.75000000 0.50000000
vt 0.62500000 0.50000000
vt 0.62500000 0.50000000
vt 0.75000000 0.50000000
vt 0.75000000 0.75000000
vt 0.62500000 0.50000000
vt 0.75000000 0.75000000
vt 0.62500000 0.75000000
vt 0.62500000 0.75000000
vt 0.75000000 0.75000000
vt 0.75000000 1.00000000
vt 0.62500000 0.75000000
vt 0.75000000 1.00000000
vt 0.62500000 1.00000000
vt 0.62500000 1.00000000
vt 0.75000000 1.00000000
vt 0.75000000 1.25000000
vt 0.62500000 1.00000000
vt 0.75000000 1.25000000
vt 0.62500000 1.25000000
vt 0.62500000 1.25000000
vt 0.75000000 1.25000000
vt 0.75000000 1.50000000
vt 0.62500000 1.25000000
vt 0.75000000 1.50000000
vt 0.62500000 1.50000000
vt 0.62500000 1.50000000
vt 0.75000000 1.50000000
vt 0.75000000 1.75000000
vt 0.62500000 1.50000000
vt 0.75000000 1.75000000
vt 0.62500000 1.75000000
vt 0.62500000 1.75000000
vt 0.75000000 1.75000000
vt 0.75000000 2.00000000
vt 0.62500000 1.75000000
vt 0.75000000 2.00000000
vt 0.62500000 2.00000000
vt 0.75000000 0.00000000
vt 0.87500000 0.00000000
vt 0.87500000 0.25000000
vt 0.75000000 0.00000000
vt 0.87500000 0.25000000
vt 0.75000000 0.25000000
vt 0.75000000 0.25000000
vt 0.87500000 0.25000000
vt 0.87500000 0.50000000
vt 0.75000000 0.25000000
vt 0.87500000 0.50000000
vt 0.75000000 0.50000000
vt 0.75000000 0.50000000
vt 0.87500000 0.50000000
vt 0.87500000 0.75000000
vt 0.75000000 0.50000000
vt 0.87500000 0.75000000
vt 0.75000000 0.75000000
vt 0.75000000 0.75000000
vt 0.87500000 0.75000000
vt 0.87500000 1.00000000
vt 0.75000000 0.75000000
vt 0.87500000 1.00000000
vt 0.75000000 1.00000000
vt 0.75000000 1.00000000
vt 0.87500000 1.00000000
vt 0.87500000 1.25000000
vt 0.75000000 1.00000000
vt 0.87500000 1.25000000
vt 0.75000000 1.25000000
vt 0.75000000 1.25000000
vt 0.87500000 1.25000000
vt 0.87500000 1.50000000
vt 0.75000000 1.25000000
vt 0.87500000 1.50000000
vt 0.75000000 1.50000000
vt 0.75000000 1.50000000
vt 0.87500000 1.50000000
vt 0.87500000 1.75000000
vt 0.75000000 1.50000000
vt 0.87500000 1.75000000
vt 0.75000000 1.75000000
vt 0.75000000 1.75000000
vt 0.87500000 1.75000000
vt 0.87500000 2.00000000
vt 0.75000000 1.75000000
vt 0.87500000 2.00000000
vt 0.75000000 2.00000000
vt 0.87500000 0.00000000
vt 1.00000000 0.00000000
vt 1.00000000 0.25000000
vt 0.87500000 0.00000000
vt 1.00000000 0.25000000
vt 0.87500000 0.25000000
vt 0.87500000 0.25000000
vt 1.00000000 0.25000000
vt 1.00000000 0.50000000
vt 0.87500000 0.25000000
vt 1.00000000 0.50000000
vt 0.87500000 0.50000000
vt 0.87500000 0.50000000
vt 1.00000000 0.50000000
vt 1.00000000 0.75000000
vt 0.87500000 0.50000000
vt 1.00000000 0.75000000
vt 0.87500000 0.75000000
vt 0.87500000 0.75000000
vt 1.00000000 0.75000000
vt 1.00000000 1.00000000
vt 0.87500000 0.75000000
vt 1.00000000 1.00000000
vt 0.87500000 1.00000000
vt 0.87500000 1.00000000
vt 1.00000000 1.00000000
vt 1.00000000 1.25000000
vt 0.87500000 1.00000000
vt 1.00000000 1.25000000
vt 0.87500000 1.25000000
vt 0.87500000 1.25000000
vt 1.00000000 1.25000000
vt 1.00000000 1.50000000
vt 0.87500000 1.25000000
vt 1.00000000 1.50000000
vt 0.87500000 1.50000000
vt 0.87500000 1.50000000
vt 1.00000000 1.50000000
vt 1.00000000 1.75000000
vt 0.87500000 1.50000000
vt 1.00000000 1.75000000
vt 0.87500000 1.75000000
vt 0.87500000 1.75000000
vt 1.00000000 1.75000000
vt 1.00000000 2.00000000
vt 0.87500000 1.75000000
vt 1.00000000 2.00000000
vt 0.87500000 2.00000000
vt 0.00000000 0.00000000
vt 0.12500000 0.00000000
vt 0.12500000 0.25000000
vt 0.00000000 0.00000000
vt 0.12500000 0.25000000
vt 0.00000000 0.25000000
vt 0.00000000 0.25000000
vt 0.12500000 0.25000000
vt 0.12500000 0.50000000
vt 0.00000000 0.25000000
vt 0.12500000 0.50000000
vt 0.00000000 0.50000000
vt 0.00000000 0.50000000
vt 0.12500000 0.50000000
vt 0.12500000 0.75000000
vt 0.00000000 0.50000000
vt 0.12500000 0.75000000
vt 0.00000000 0.75000000
vt 0.00000000 0.75000000
vt 0.12500000 0.75000000
vt 0.12500000 1.00000000
vt 0.00000000 0.75000000
vt 0.12500000 1.00000000
vt 0.00000000 1.00000000
vt 0.00000000 1.00000000
vt 0.12500000 1.00000000
vt 0.12500000 1.25000000
vt 0.00000000 1.00000000
vt 0.12500000 1.25000000
vt 0.00000000 1.25000000
vt 0.00000000 1.25000000
vt 0.12500000 1.25000000
vt 0.12500000 1.50000000
vt 0.00000000 1.25000000
vt 0.12500000 1.50000000
vt 0.00000000 1.50000000
vt 0.00000000 1.50000000
vt 0.12500000 1.50000000
vt 0.12500000 1.75000000
vt 0.00000000 1.50000000
vt 0.12500000 1.75000000
vt 0.00000000 1.75000000
vt 0.00000000 1.75000000
vt 0.12500000 1.75000000
vt 0.12500000 2.00000000
vt 0.00000000 1.75000000
vt 0.12500000 2.00000000
vt 0.00000000 2.00000000
vt 0.12500000 0.00000000
vt 0.25000000 0.00000000
vt 0.25000000 0.25000000
vt 0.12500000 0.00000000
vt 0.25000000 0.25000000
vt 0.12500000 0.25000000
vt 0.12500000 0.25000000
vt 0.25000000 0.25000000
vt 0.25000000 0.50000000
vt 0.12500000 0.25000000
vt 0.25000000 0.50000000
vt 0.12500000 0.50000000
vt 0.12500000 0.50000000
vt 0.25000000 0.50000000
vt 0.25000000 0.75000000
vt 0.12500000 0.50000000
vt 0.25000000 0.75000000
vt 0.12500000 0.75000000
vt 0.12500000 0.75000000
vt 0.25000000 0.75000000
vt 0.25000000 1.00000000
vt 0.12500000 0.75000000
vt 0.25000000 1.00000000
vt 0.12500000 1.00000000
vt 0.12500000 1.00000000
vt 0.25000000 1.00000000
vt 0.25000000 1.25000000
vt 0.12500000 1.00000000
vt 0.25000000 1.25000000
vt 0.12500000 1.25000000
vt 0.12500000 1.25000000
vt 0.25000000 1.25000000
vt 0.25000000 1.50000000
vt 0.12500000 1.25000000
vt 0.25000000 1.50000000
vt 0.12500000 1.50000000
vt 0.12500000 1.50000000
vt 0.25000000 1.50000000
vt 0.25000000 1.75000000
vt 0.12500000 1.50000000
vt 0.25000000 1.75000000
vt 0.12500000 1.75000000
vt 0.12500000 1.75000000
vt 0.25000000 1.75000000
vt 0.25000000 2.00000000
vt 0.12500000 1.75000000
vt 0.25000000 2.00000000
vt 0.12500000 2.00000000
vt 0.25000000 0.00000000
vt 0.37500000 0.00000000
vt 0.37500000 0.25000000
vt 0.25000000 0.00000000
vt 0.37500000 0.25000000
vt 0.25000000 0.25000000
vt 0.25000000 0.25000000
vt 0.37500000 0.25000000
vt 0.37500000 0.50000000
vt 0.25000000 0.25000000
vt 0.37500000 0.50000000
vt 0.25000000 0.50000000
vt 0.25000000 0.50000000
vt 0.37500000 0.50000000
vt 0.37500000 0.75000000
vt 0.25000000 0.50000000
vt 0.37500000 0.75000000
vt 0.25000000 0.75000000
vt 0.25000000 0.75000000
vt 0.37500000 0.75000000
vt 0.37500000 1.00000000
vt 0.25000000 0.75000000
vt 0.37500000 1.00000000
vt 0.25000000 1.00000000
vt 0.25000000 1.00000000
vt 0.37500000 1.00000000
vt 0.37500000 1.25000000
vt 0.25000000 1.00000000
vt 0.37500000 1.25000000
vt 0.25000000 1.25000000
vt 0.25000000 1.25000000
vt 0.37500000 1.25000000
vt 0.37500000 1.50000000
vt 0.25000000 1.25000000
vt 0.37500000 1.50000000
vt 0.25000000 1.50000000
vt 0.25000000 1.50000000
vt 0.37500000 1.50000000
vt 0.37500000 1.75000000
vt 0.25000000 1.50000000
vt 0.37500000 1.75000000
vt 0.25000000 1.75000000
vt 0.25000000 1.75000000
vt 0.37500000 1.75000000
vt 0.37500000 2.00000000
vt 0.25000000 1.75000000
vt 0.37500000 2.00000000
vt 0.25000000 2.00000000
vt 0.37500000 0.00000000
vt 0.50000000 0.00000000
vt 0.50000000 0.25000000
vt 0.37500000 0.00000000
vt 0.50000000 0.25000000
vt 0.37500000 0.25000000
vt 0.37500000 0.25000000
vt 0.50000000 0.25000000
vt 0.50000000 0.50000000
vt 0.37500000 0.25000000
vt 0.50000000 0.50000000
vt 0.37500000 0.50000000
vt 0.37500000 0.50000000
vt 0.50000000 0.50000000
vt 0.50000000 0.75000000
vt 0.37500000 0.50000000
vt 0.50000000 0.75000000
vt 0.37500000 0.75000000
vt 0.37500000 0.75000000
vt 0.50000000 0.75000000
vt 0.50000000 1.00000000
vt 0.37500000 0.75000000
vt 0.50000000 1.00000000
vt 0.37500000 1.00000000
vt 0.37500000 1.00000000
vt 0.50000000 1.00000000
vt 0.50000000 1.25000000
vt 0.37500000 1.00000000
vt 0.50000000 1.25000000
vt 0.37500000 1.25000000
vt 0.37500000 1.25000000
vt 0.50000000 1.25000000
vt 0.50000000 1.50000000
vt 0.37500000 1.25000000
vt 0.50000000 1.50000000
vt 0.37500000 1.50000000
vt 0.37500000 1.50000000
vt 0.50000000 1.50000000
vt 0.50000000 1.75000000
vt 0.37500000 1.50000000
vt 0.50000000 1.75000000
vt 0.37500000 1.75000000
vt 0.37500000 1.75000000
vt 0.50000000 1.75000000
vt 0.50000000 2.00000000
vt 0.37500000 1.75000000
vt 0.50000000 2.00000000
vt 0.37500000 2.00000000
vt 0.50000000 0.00000000
vt 0.62500000 0.00000000
vt 0.62500000 0.25000000
vt 0.50000000 0.00000000
vt 0.62500000 0.25000000
vt 0.50000000 0.25000000
vt 0.50000000 0.25000000
vt 0.62500000 0.25000000
vt 0.62500000 0.50000000
vt 0.50000000 0.25000000
vt 0.62500000 0.50000000
vt 0.50000000 0.50000000
vt 0.50000000 0.50000000
vt 0.62500000 0.50000000
vt 0.62500000 0.75000000
vt 0.50000000 0.50000000
vt 0.62500000 0.75000000
vt 0.50000000 0.75000000
vt 0.50000000 0.75000000
vt 0.62500000 0.75000000
vt 0.62500000 1.00000000
vt 0.50000000 0.75000000
vt 0.62500000 1.00000000
vt 0.50000000 1.00000000
vt 0.50000000 1.00000000
vt 0.62500000 1.00000000
vt 0.62500000 1.25000000
vt 0.50000000 1.00000000
vt 0.62500000 1.25000000
vt 0.50000000 1.25000000
vt 0.50000000 1.25000000
vt 0.62500000 1.25000000
vt 0.62500000 1.50000000
vt 0.50000000 1.25000000
vt 0.62500000 1.50000000
vt 0.50000000 1.50000000
vt 0.50000000 1.50000000
vt 0.62500000 1.50000000
vt 0.62500000 1.75000000
vt 0.50000000 1.50000000
vt 0.62500000 1.75000000
vt 0.50000000 1.75000000
vt 0.50000000 1.75000000
vt 0.62500000 1.75000000
vt 0.62500000 2.00000000
vt 0.50000000 1.75000000
vt 0.62500000 2.00000000
vt 0.50000000 2.00000000
vt 0.62500000 0.00000000
vt 0.75000000 0.00000000
vt 0.75000000 0.25000000
vt 0.62500000 0.00000000
vt 0.75000000 0.25000000
vt 0.62500000 0.25000000
vt 0.62500000 0.25000000
vt 0.75000000 0.25000000
vt 0.75000000 0.50000000
vt 0.62500000 0.25000000
vt 0.75000000 0.50000000
vt 0.62500000 0.50000000
vt 0.62500000 0.50000000
vt 0.75000000 0.50000000
vt 0.75000000 0.75000000
vt 0.62500000 0.50000000
vt 0.75000000 0.75000000
vt 0.62500000 0.75000000
vt 0.62500000 0.75000000
vt 0.75000000 0.75000000
vt 0.75000000 1.00000000
vt 0.62500000 0.75000000
vt 0.75000000 1.00000000
vt 0.62500000 1.00000000
vt 0.62500000 1.00000000
vt 0.75000000 1.00000000
vt 0.75000000 1.25000000
vt 0.62500000 1.00000000
vt 0.75000000 1.25000000
vt 0.62500000 1.25000000
vt 0.62500000 1.25000000
vt 0.75000000 1.25000000
vt 0.75000000 1.50000000
vt 0.62500000 1.25000000
vt 0.75000000 1.50000000
vt 0.62500000 1.50000000
vt 0.62500000 1.50000000
vt 0.75000000 1.50000000
vt 0.75000000 1.75000000
vt 0.62500000 1.50000000
vt 0.75000000 1.75000000
vt 0.62500000 1.75000000
vt 0.62500000 1.75000000
vt 0.75000000 1.75000000
vt 0.75000000 2.00000000
vt 0.62500000 1.75000000
vt 0.75000000 2.00000000
vt 0.62500000 2.00000000
vt 0.75000000 0.00000000
vt 0.87500000 0.00000000
vt 0.87500000 0.25000000
vt 0.75000000 0.00000000
vt 0.87500000 0.25000000
vt 0.75000000 0.25000000
vt 0.75000000 0.25000000
vt 0.87500000 0.25000000
vt 0.87500000 0.50000000
vt 0.75000000 0.25000000
vt 0.87500000 0.50000000
vt 0.75000000 0.50000000
vt 0.75000000 0.50000000
vt 0.87500000 0.50000000
vt 0.87500000 0.75000000
vt 0.75000000 0.50000000
vt 0.87500000 0.75000000
vt 0.75000000 0.75000000
vt 0.75000000 0.75000000
vt 0.87500000 0.75000000
vt 0.87500000 1.00000000
vt 0.75000000 0.75000000
vt 0.87500000 1.00000000
vt 0.75000000 1.00000000
vt 0.75000000 1.00000000
vt 0.87500000 1.00000000
vt 0.87500000 1.25000000
vt 0.75000000 1.00000000
vt 0.87500000 1.25000000
vt 0.75000000 1.25000000
vt 0.75000000 1.25000000
vt 0.87500000 1.25000000
vt 0.87500000 1.50000000
vt 0.75000000 1.25000000
vt 0.87500000 1.50000000
vt 0.75000000 1.50000000
vt 0.75000000 1.50000000
vt 0.87500000 1.50000000
vt 0.87500000 1.75000000
vt 0.75000000 1.50000000
vt 0.87500000 1.75000000
vt 0.75000000 1.75000000
vt 0.75000000 1.75000000
vt 0.87500000 1.75000000
vt 0.87500000 2.00000000
vt 0.75000000 1.75000000
vt 0.87500000 2.00000000
vt 0.75000000 2.00000000
vt 0.87500000 0.00000000
vt 1.00000000 0.00000000
vt 1.00000000 0.25000000
vt 0.87500000 0.00000000
vt 1.00000000 0.25000000
vt 0.87500000 0.25000000
vt 0.87500000 0.25000000
vt 1.00000000 0.25000000
vt 1.00000000 0.50000000
vt 0.87500000 0.25000000
vt 1.00000000 0.50000000
vt 0.87500000 0.50000000
vt 0.87500000 0.50000000
vt 1.00000000 0.50000000
vt 1.00000000 0.75000000
vt 0.87500000 0.50000000
vt 1.00000000 0.75000000
vt 0.87500000 0.75000000
vt 0.87500000 0.75000000
vt 1.00000000 0.75000000
vt 1.00000000 1.00000000
vt 0.87500000 0.75000000
vt 1.00000000 1.00000000
vt 0.87500000 1.00000000
vt 0.87500000 1.00000000
vt 1.00000000 1.00000000
vt 1.00000000 1.25000000
vt 0.87500000 1.00000000
vt 1.00000000 1.25000000
vt 0.87500000 1.25000000
vt 0.87500000 1.25000000
vt 1.00000000 1.25000000
vt 1.00000000 1.50000000
vt 0.87500000 1.25000000
vt 1.00000000 1.50000000
vt 0.87500000 1.50000000
vt 0.87500000 1.50000000
vt 1.00000000 1.50000000
vt 1.00000000 1.75000000
vt 0.87500000 1.50000000
vt 1.00000000 1.75000000
vt 0.87500000 1.75000000
vt 0.87500000 1.75000000
vt 1.00000000 1.75000000
vt 1.00000000 2.00000000
vt 0.87500000 1.75000000
vt 1.00000000 2.00000000
vt 0.87500000 2.00000000
vt 0.00000000 0.00000000
vt 0.12500000 0.00000000
vt 0.12500000 0.25000000
vt 0.00000000 0.00000000
vt 0.12500000 0.25000000
vt 0.00000000 0.25000000
vt 0.00000000 0.25000000
vt 0.12500000 0.25000000
vt 0.12500000 0.50000000
vt 0.00000000 0.25000000
vt 0.12500000 0.50000000
vt 0.00000000 0.50000000
vt 0.00000000 0.50000000
vt 0.12500000 0.50000000
vt 0.12500000 0.75000000
vt 0.00000000 0.50000000
vt 0.12500000 0.75000000
vt 0.00000000 0.75000000
vt 0.00000000 0.75000000
vt 0.12500000 0.75000000
vt 0.12500000 1.00000000
vt 0.00000000 0.75000000
vt 0.12500000 1.00000000
vt 0.00000000 1.00000000
vt 0.00000000 1.00000000
vt 0.12500000 1.00000000
vt 0.12500000 1.25000000
vt 0.00000000 1.00000000
vt 0.12500000 1.25000000
vt 0.00000000 1.25000000
vt 0.00000000 1.25000000
vt 0.12500000 1.25000000
vt 0.12500000 1.50000000
vt 0.00000000 1.25000000
vt 0.12500000 1.50000000
vt 0.00000000 1.50000000
vt 0.00000000 1.50000000
vt 0.12500000 1.50000000
vt 0.12500000 1.75000000
vt 0.00000000 1.50000000
vt 0.12500000 1.75000000
vt 0.00000000 1.75000000
vt 0.00000000 1.75000000
vt 0.12500000 1.75000000
vt 0.12500000 2.00000000
vt 0.00000000 1.75000000
vt 0.12500000 2.00000000
vt 0.00000000 2.00000000
vt 0.12500000 0.00000000
vt 0.25000000 0.00000000
vt 0.25000000 0.25000000
vt 0.12500000 0.00000000
vt 0.25000000 0.25000000
vt 0.12500000 0.25000000
vt 0.12500000 0.25000000
vt 0.25000000 0.25000000
vt 0.25000000 0.50000000
vt 0.12500000 0.25000000
vt 0.25000000 0.50000000
vt 0.12500000 0.50000000
vt 0.12500000 0.50000000
vt 0.25000000 0.50000000
vt 0.25000000 0.75000000
vt 0.12500000 0.50000000
vt 0.25000000 0.75000000
vt 0.12500000 0.75000000
vt 0.12500000 0.75000000
vt 0.25000000 0.75000000
vt 0.25000000 1.00000000
vt 0.12500000 0.75000000
vt 0.25000000 1.00000000
vt 0.12500000 1.00000000
vt 0.12500000 1.00000000
vt 0.25000000 1.00000000
vt 0.25000000 1.25000000
vt 0.12500000 1.00000000
vt 0.25000000 1.25000000
vt 0.12500000 1.25000000
vt 0.12500000 1.25000000
vt 0.25000000 1.25000000
vt 0.25000000 1.50000000
vt 0.12500000 1.25000000
vt 0.25000000 1.50000000
vt 0.12500000 1.50000000
vt 0.12500000 1.50000000
vt 0.25000000 1.50000000
vt 0.25000000 1.75000000
vt 0.12500000 1.50000000
vt 0.25000000 1.75000000
vt 0.12500000 1.75000000
vt 0.12500000 1.75000000
vt 0.25000000 1.75000000
vt 0.25000000 2.00000000
vt 0.12500000 1.75000000
vt 0.25000000 2.00000000
vt 0.12500000 2.00000000
vt 0.25000000 0.00000000
vt 0.37500000 0.00000000
vt 0.37500000 0.25000000
vt 0.25000000 0.00000000
vt 0.37500000 0.25000000
vt 0.25000000 0.25000000
vt 0.25000000 0.25000000
vt 0.37500000 0.25000000
vt 0.37500000 0.50000000
vt 0.25000000 0.25000000
vt 0.37500000 0.50000000
vt 0.25000000 0.50000000
vt 0.25000000 0.50000000
vt 0.37500000 0.50000000
vt 0.37500000 0.75000000
vt 0.25000000 0.50000000
vt 0.37500000 0.75000000
vt 0.25000000 0.75000000
vt 0.25000000 0.75000000
vt 0.37500000 0.75000000
vt 0.37500000 1.00000000
vt 0.25000000 0.75000000
vt 0.37500000 1.00000000
vt 0.25000000 1.00000000
vt 0.25000000 1.00000000
vt 0.37500000 1.00000000
vt 0.37500000 1.25000000
vt 0.25000000 1.00000000
vt 0.37500000 1.25000000
vt 0.25000000 1.25000000
vt 0.25000000 1.25000000
vt 0.37500000 1.25000000
vt 0.37500000 1.50000000
vt 0.25000000 1.25000000
vt 0.37500000 1.50000000
vt 0.25000000 1.50000000
vt 0.25000000 1.50000000
vt 0.37500000 1.50000000
vt 0.37500000 1.75000000
vt 0.25000000 1.50000000
vt 0.37500000 1.75000000
vt 0.25000000 1.75000000
vt 0.25000000 1.75000000
vt 0.37500000 1.75000000
vt 0.37500000 2.00000000
vt 0.25000000 1.75000000
vt 0.37500000 2.00000000
vt 0.25000000 2.00000000
vt 0.37500000 0.00000000
vt 0.50000000 0.00000000
vt 0.50000000 0.25000000
vt 0.37500000 0.00000000
vt 0.50000000 0.25000000
vt 0.37500000 0.25000000
vt 0.37500000 0.25000000
vt 0.50000000 0.25000000
vt 0.50000000 0.50000000
vt 0.37500000 0.25000000
vt 0.50000000 0.50000000
vt 0.37500000 0.50000000
vt 0.37500000 0.50000000
vt 0.50000000 0.50000000
vt 0.50000000 0.75000000
vt 0.37500000 0.50000000
vt 0.50000000 0.75000000
vt 0.37500000 0.75000000
vt 0.37500000 0.75000000
vt 0.50000000 0.75000000
vt 0.50000000 1.00000000
vt 0.37500000 0.75000000
vt 0.50000000 1.00000000
vt 0.37500000 1.00000000
vt 0.37500000 1.00000000
vt 0.50000000 1.00000000
vt 0.50000000 1.25000000
vt 0.37500000 1.00000000
vt 0.50000000 1.25000000
vt 0.37500000 1.25000000
vt 0.37500000 1.25000000
vt 0.50000000 1.25000000
vt 0.50000000 1.50000000
vt 0.37500000 1.25000000
vt 0.50000000 1.50000000
vt 0.37500000 1.50000000
vt 0.37500000 1.50000000
vt 0.50000000 1.50000000
vt 0.50000000 1.75000000
vt 0.37500000 1.50000000
vt 0.50000000 1.75000000
vt 0.37500000 1.75000000
vt 0.37500000 1.75000000
vt 0.50000000 1.75000000
vt 0.50000000 2.00000000
vt 0.37500000 1.75000000
vt 0.50000000 2.00000000
vt 0.37500000 2.00000000
vt 0.50000000 0.00000000
vt 0.62500000 0.00000000
vt 0.62500000 0.25000000
vt 0.50000000 0.00000000
vt 0.62500000 0.25000000
vt 0.50000000 0.25000000
vt 0.50000000 0.25000000
vt 0.62500000 0.25000000
vt 0.62500000 0.50000000
vt 0.50000000 0.25000000
vt 0.62500000 0.50000000
vt 0.50000000 0.50000000
vt 0.50000000 0.50000000
vt 0.62500000 0.50000000
vt 0.62500000 0.75000000
vt 0.50000000 0.50000000
vt 0.62500000 0.75000000
vt 0.50000000 0.75000000
vt 0.50000000 0.75000000
vt 0.62500000 0.75000000
vt 0.62500000 1.00000000
vt 0.50000000 0.75000000
vt 0.62500000 1.00000000
vt 0.50000000 1.00000000
vt 0.50000000 1.00000000
vt 0.62500000 1.00000000
vt 0.62500000 1.25000000
vt 0.50000000 1.00000000
vt 0.62500000 1.25000000
vt 0.50000000 1.25000000
vt 0.50000000 1.25000000
vt 0.62500000 1.25000000
vt 0.62500000 1.50000000
vt 0.50000000 1.25000000
vt 0.62500000 1.50000000
vt 0.50000000 1.50000000
vt 0.50000000 1.50000000
vt 0.62500000 1.50000000
vt 0.62500000 1.75000000
vt 0.50000000 1.50000000
vt 0.62500000 1.75000000
vt 0.50000000 1.75000000
vt 0.50000000 1.75000000
vt 0.62500000 1.75000000
vt 0.62500000 2.00000000
vt 0.50000000 1.75000000
vt 0.62500000 2.00000000
vt 0.50000000 2.00000000
vt 0.62500000 0.00000000
vt 0.75000000 0.00000000
vt 0.75000000 0.25000000
vt 0.62500000 0.00000000
vt 0.75000000 0.25000000
vt 0.62500000 0.25000000
vt 0.62500000 0.25000000
vt 0.75000000 0.25000000
vt 0.75000000 0.50000000
vt 0.62500000 0.25000000
vt 0.75000000 0.50000000
vt 0.62500000 0.50000000
vt 0.62500000 0.50000000
vt 0.75000000 0.50000000
vt 0.75000000 0.75000000
vt 0.62500000 0.50000000
vt 0.75000000 0.75000000
vt 0.62500000 0.75000000
vt 0.62500000 0.75000000
vt 0.75000000 0.75000000
vt 0.75000000 1.00000000
vt 0.62500000 0.75000000
vt 0.75000000 1.00000000
vt 0.62500000 1.00000000
vt 0.62500000 1.00000000
vt 0.75000000 1.00000000
vt 0.75000000 1.25000000
vt 0.62500000 1.00000000
vt 0.75000000 1.25000000
vt 0.62500000 1.25000000
vt 0.62500000 1.25000000
vt 0.75000000 1.25000000
vt 0.75000000 1.50000000
vt 0.62500000 1.25000000
vt 0.75000000 1.50000000
vt 0.62500000 1.50000000
vt 0.62500000 1.50000000
vt 0.75000000 1.50000000
vt 0.75000000 1.75000000
vt 0.62500000 1.50000000
vt 0.75000000 1.75000000
vt 0.62500000 1.75000000
vt 0.62500000 1.75000000
vt 0.75000000 1.75000000
vt 0.75000000 2.00000000
vt 0.62500000 1.75000000
vt 0.75000000 2.00000000
vt 0.62500000 2.00000000
vt 0.75000000 0.00000000
vt 0.87500000 0.00000000
vt 0.87500000 0.25000000
vt 0.75000000 0.00000000
vt 0.87500000 0.25000000
vt 0.75000000 0.25000000
vt 0.75000000 0.25000000
vt 0.87500000 0.25000000
vt 0.87500000 0.50000000
vt 0.75000000 0.25000000
vt 0.87500000 0.50000000
vt 0.75000000 0.50000000
vt 0.75000000 0.50000000
vt 0.87500000 0.50000000
vt 0.87500000 0.75000000
vt 0.75000000 0.50000000
vt 0.87500000 0.75000000
vt 0.75000000 0.75000000
vt 0.75000000 0.75000000
vt 0.87500000 0.75000000
vt 0.87500000 1.00000000
vt 0.75000000 0.75000000
vt 0.87500000 1.00000000
vt 0.75000000 1.00000000
vt 0.75000000 1.00000000
vt 0.87500000 1.00000000
vt 0.87500000 1.25000000
vt 0.75000000 1.00000000
vt 0.87500000 1.25000000
vt 0.75000000 1.25000000
vt 0.75000000 1.25000000
vt 0.87500000 1.25000000
vt 0.87500000 1.50000000
vt 0.75000000 1.25000000
vt 0.87500000 1.50000000
vt 0.75000000 1.50000000
vt 0.75000000 1.50000000
vt 0.87500000 1.50000000
vt 0.87500000 1.75000000
vt 0.75000000 1.50000000
vt 0.87500000 1.75000000
vt 0.75000000 1.75000000
vt 0.75000000 1.75000000
vt 0.87500000 1.75000000
vt 0.87500000 2.00000000
vt 0.75000000 1.75000000
vt 0.87500000 2.00000000
vt 0.75000000 2.00000000
vt 0.87500000 0.00000000
vt 1.00000000 0.00000000
vt 1.00000000 0.25000000
vt 0.87500000 0.00000000
vt 1.00000000 0.25000000
vt 0.87500000 0.25000000
vt 0.87500000 0.25000000
vt 1.00000000 0.25000000
vt 1.00000000 0.50000000
vt 0.87500000 0.25000000
vt 1.00000000 0.50000000
vt 0.87500000 0.50000000
vt 0.87500000 0.50000000
vt 1.00000000 0.50000000
vt 1.00000000 0.75000000
vt 0.87500000 0.50000000
vt 1.00000000 0.75000000
vt 0.87500000 0.75000000
vt 0.87500000 0.75000000
vt 1.00000000 0.75000000
vt 1.00000000 1.00000000
vt 0.87500000 0.75000000
vt 1.00000000 1.00000000
vt 0.87500000 1.00000000
vt 0.87500000 1.00000000
vt 1.00000000 1.00000000
vt 1.00000000 1.25000000
vt 0.87500000 1.00000000
vt 1.00000000 1.25000000
vt 0.87500000 1.25000000
vt 0.87500000 1.25000000
vt 1.00000000 1.25000000
vt 1.00000000 1.50000000
vt 0.87500000 1.25000000
vt 1.00000000 1.50000000
vt 0.87500000 1.50000000
vt 0.87500000 1.50000000
vt 1.00000000 1.50000000
vt 1.00000000 1.75000000
vt 0.87500000 1.50000000
vt 1.00000000 1.75000000
vt 0.87500000 1.75000000
vt 0.87500000 1.75000000
vt 1.00000000 1.75000000
vt 1.00000000 2.00000000
vt 0.87500000 1.75000000
vt 1.00000000 2.00000000
vt 0.87500000 2.00000000
f 803/803 804/804 805/805
f 806/806 807/807 808/808
f 809/809 810/810 811/811
f 812/812 813/813 814/814
f 815/815 816/816 817/817
f 818/818 819/819 820/820
f 821/821 822/822 823/823
f 824/824 825/825 826/826
f 827/827 828/828 829/829
f 830/830 831/831 832/832
f 833/833 834/834 835/835
f 836/836 837/837 838/838
f 839/839 840/840 841/841
f 842/842 843/843 844/844
f 845/845 846/846 847/847
f 848/848 849/849 850/850
f 851/851 852/852 853/853
f 854/854 855/855 856/856
f 857/857 858/858 859/859
f 860/860 861/861 862/862
f 863/863 864/864 865/865
f 866/866 867/867 868/868
f 869/869 870/870 871/871
f 872/872 873/873 874/874
f 875/875 876/876 877/877
f 878/878 879/879 880/880
f 881/881 882/882 883/883
f 884/884 885/885 886/886
f 887/887 888/888 889/889
f 890/890 891/891 892/892
f 893/893 894/894 895/895
f 896/896 897/897 898/898
f 899/899 900/900 901/901
f 902/902 903/903 904/904
f 905/905 906/906 907/907
f 908/908 909/909 910/910
f 911/911 912/912 913/913
f 914/914 915/915 916/916
f 917/917 918/918 919/919
f 920/920 921/921 922/922
f 923/923 924/924 925/925
f 926/926 927/927 928/928
f 929/929 930/930 931/931
f 932/932 933/933 934/934
f 935/935 936/936 937/937
f 938/938 939/939 940/940
f 941/941 942/942 943/943
f 944/944 945/945 946/946
f 947/947 948/948 949/949
f 950/950 951/951 952/952
f 953/953 954/954 955/955
f 956/956 957/957 958/958
f 959/959 960/960 961/961
f 962/962 963/963 964/964
f 965/965 966/966 967/967
f 968/968 969/969 970/970
f 971/971 972/972 973/973
f 974/974 975/975 976/976
f 977/977 978/978 979/979
f 980/980 981/981 982/982
f 983/983 984/984 985/985
f 986/986 987/987 988/988
f 989/989 990/990 991/991
f 992/992 993/993 994/994
f 995/995 996/996 997/997
f 998/998 999/999 1000/1000
f 1001/1001 1002/1002 1003/1003
f 1004/1004 1005/1005 1006/1006
f 1007/1007 1008/1008 1009/1009
f 1010/1010 1011/1011 1012/1012
f 1013/1013 1014/1014 1015/1015
f 1016/1016 1017/1017 1018/1018
f 1019/1019 1020/1020 1021/1021
f 1022/1022 1023/1023 1024/1024
f 1025/1025 1026/1026 1027/1027
f 1028/1028 1029/1029 1030/1030
f 1031/1031 1032/1032 1033/1033
f 1034/1034 1035/1035 1036/1036
f 1037/1037 1038/1038 1039/1039
f 1040/1040 1041/1041 1042/1042
f 1043/1043 1044/1044 1045/1045
f 1046/1046 1047/1047 1048/1048
f 1049/1049 1050/1050 1051/1051
f 1052/1052 1053/1053 1054/1054
f 1055/1055 1056/1056 1057/1057
f 1058/1058 1059/1059 1060/1060
f 1061/1061 1062/1062 1063/1063
f 1064/1064 1065/1065 1066/1066
f 1067/1067 1068/1068 1069/1069
f 1070/1070 1071/1071 1072/1072
f 1073/1073 1074/1074 1075/1075
f 1076/1076 1077/1077 1078/1078
f 1079/1079 1080/1080 1081/1081
f 1082/1082 1083/1083 1084/1084
f 1085/1085 1086/1086 1087/1087
f 1088/1088 1089/1089 1090/1090
f 1091/1091 1092/1092 1093/1093
f 1094/1094 1095/1095 1096/1096
f 1097/1097 1098/1098 1099/1099
f 1100/1100 1101/1101 1102/1102
f 1103/1103 1104/1104 1105/1105
f 1106/1106 1107/1107 1108/1108
f 1109/1109 1110/1110 1111/1111
f 1112/1112 1113/1113 1114/1114
f 1115/1115 1116/1116 1117/1117
f 1118/1118 1119/1119 1120/1120
f 1121/1121 1122/1122 1123/1123
f 1124/1124 1125/1125 1126/1126
f 1127/1127 1128/1128 1129/1129
f 1130/1130 1131/1131 1132/1132
f 1133/1133 1134/1134 1135/1135
f 1136/1136 1137/1137 1138/1138
f 1139/1139 1140/1140 1141/1141
f 1142/1142 1143/1143 1144/1144
f 1145/1145 1146/1146 1147/1147
f 1148/1148 1149/1149 1150/1150
f 1151/1151 1152/1152 1153/1153
f 1154/1154 1155/1155 1156/1156
f 1157/1157 1158/1158 1159/1159
f 1160/1160 1161/1161 1162/1162
f 1163/1163 1164/1164 1165/1165
f 1166/1166 1167/1167 1168/1168
f 1169/1169 1170/1170 1171/1171
f 1172/1172 1173/1173 1174/1174
f 1175/1175 1176/1176 1177/1177
f 1178/1178 1179/1179 1180/1180
f 1181/1181 1182/1182 1183/1183
f 1184/1184 1185/1185 1186/1186
f 1187/1187 1188/1188 1189/1189
f 1190/1190 1191/1191 1192/1192
f 1193/1193 1194/1194 1195/1195
f 1196/1196 1197/1197 1198/1198
f 1199/1199 1200/1200 1201/1201
f 1202/1202 1203/1203 1204/1204
f 1205/1205 1206/1206 1207/1207
f 1208/1208 1209/1209 1210/1210
f 1211/1211 1212/1212 1213/1213
f 1214/1214 1215/1215 1216/1216
f 1217/1217 1218/1218 1219/1219
f 1220/1220 1221/1221 1222/1222
f 1223/1223 1224/1224 1225/1225
f 1226/1226 1227/1227 1228/1228
f 1229/1229 1230/1230 1231/1231
f 1232/1232 1233/1233 1234/1234
f 1235/1235 1236/1236 1237/1237
f 1238/1238 1239/1239 1240/1240
f 1241/1241 1242/1242 1243/1243
f 1244/1244 1245/1245 1246/1246
f 1247/1247 1248/1248 1249/1249
f 1250/1250 1251/1251 1252/1252
f 1253/1253 1254/1254 1255/1255
f 1256/1256 1257/1257 1258/1258
f 1259/1259 1260/1260 1261/1261
f 1262/1262 1263/1263 1264/1264
f 1265/1265 1266/1266 1267/1267
f 1268/1268 1269/1269 1270/1270
f 1271/1271 1272/1272 1273/1273
f 1274/1274 1275/1275 1276/1276
f 1277/1277 1278/1278 1279/1279
f 1280/1280 1281/1281 1282/1282
f 1283/1283 1284/1284 1285/1285
f 1286/1286 1287/1287 1288/1288
f 1289/1289 1290/1290 1291/1291
f 1292/1292 1293/1293 1294/1294
f 1295/1295 1296/1296 1297/1297
f 1298/1298 1299/1299 1300/1300
f 1301/1301 1302/1302 1303/1303
f 1304/1304 1305/1305 1306/1306
f 1307/1307 1308/1308 1309/1309
f 1310/1310 1311/1311 1312/1312
f 1313/1313 1314/1314 1315/1315
f 1316/1316 1317/1317 1318/1318
f 1319/1319 1320/1320 1321/1321
f 1322/1322 1323/1323 1324/1324
f 1325/1325 1326/1326 1327/1327
f 1328/1328 1329/1329 1330/1330
f 1331/1331 1332/1332 1333/1333
f 1334/1334 1335/1335 1336/1336
f 1337/1337 1338/1338 1339/1339
f 1340/1340 1341/1341 1342/1342
f 1343/1343 1344/1344 1345/1345
f 1346/1346 1347/1347 1348/1348
f 1349/1349 1350/1350 1351/1351
f 1352/1352 1353/1353 1354/1354
f 1355/1355 1356/1356 1357/1357
f 1358/1358 1359/1359 1360/1360
f 1361/1361 1362/1362 1363/1363
f 1364/1364 1365/1365 1366/1366
f 1367/1367 1368/1368 1369/1369
f 1370/1370 1371/1371 1372/1372
f 1373/1373 1374/1374 1375/1375
f 1376/1376 1377/1377 1378/1378
f 1379/1379 1380/1380 1381/1381
f 1382/1382 1383/1383 1384/1384
f 1385/1385 1386/1386 1387/1387
f 1388/1388 1389/1389 1390/1390
f 1391/1391 1392/1392 1393/1393
f 1394/1394 1395/1395 1396/1396
f 1397/1397 1398/1398 1399/1399
f 1400/1400 1401/1401 1402/1402
f 1403/1403 1404/1404 1405/1405
f 1406/1406 1407/1407 1408/1408
f 1409/1409 1410/1410 1411/1411
f 1412/1412 1413/1413 1414/1414
f 1415/1415 1416/1416 1417/1417
f 1418/1418 1419/1419 1420/1420
f 1421/1421 1422/1422 1423/1423
f 1424/1424 1425/1425 1426/1426
f 1427/1427 1428/1428 1429/1429
f 1430/1430 1431/1431 1432/1432
f 1433/1433 1434/1434 1435/1435
f 1436/1436 1437/1437 1438/1438
f 1439/1439 1440/1440 1441/1441
f 1442/1442 1443/1443 1444/1444
f 1445/1445 1446/1446 1447/1447
f 1448/1448 1449/1449 1450/1450
f 1451/1451 1452/1452 1453/1453
f 1454/1454 1455/1455 1456/1456
f 1457/1457 1458/1458 1459/1459
f 1460/1460 1461/1461 1462/1462
f 1463/1463 1464/1464 1465/1465
f 1466/1466 1467/1467 1468/1468
f 1469/1469 1470/1470 1471/1471
f 1472/1472 1473/1473 1474/1474
f 1475/1475 1476/1476 1477/1477
f 1478/1478 1479/1479 1480/1480
f 1481/1481 1482/1482 1483/1483
f 1484/1484 1485/1485 1486/1486
f 1487/1487 1488/1488 1489/1489
f 1490/1490 1491/1491 1492/1492
f 1493/1493 1494/1494 1495/1495
f 1496/1496 1497/1497 1498/1498
f 1499/1499 1500/1500 1501/1501
f 1502/1502 1503/1503 1504/1504
f 1505/1505 1506/1506 1507/1507
f 1508/1508 1509/1509 1510/1510
f 1511/1511 1512/1512 1513/1513
f 1514/1514 1515/1515 1516/1516
f 1517/1517 1518/1518 1519/1519
f 1520/1520 1521/1521 1522/1522
f 1523/1523 1524/1524 1525/1525
f 1526/1526 1527/1527 1528/1528
f 1529/1529 1530/1530 1531/1531
f 1532/1532 1533/1533 1534/1534
f 1535/1535 1536/1536 1537/1537
f 1538/1538 1539/1539 1540/1540
f 1541/1541 1542/1542 1543/1543
f 1544/1544 1545/1545 1546/1546
f 1547/1547 1548/1548 1549/1549
f 1550/1550 1551/1551 1552/1552
f 1553/1553 1554/1554 1555/1555
f 1556/1556 1557/1557 1558/1558
f 1559/1559 1560/1560 1561/1561
f 1562/1562 1563/1563 1564/1564
f 1565/1565 1566/1566 1567/1567
f 1568/1568 1569/1569 1570/1570
f 1571/1571 1572/1572 1573/1573
f 1574/1574 1575/1575 1576/1576
f 1577/1577 1578/1578 1579/1579
f 1580/1580 1581/1581 1582/1582
f 1583/1583 1584/1584 1585/1585
f 1586/1586 1587/1587 1588/1588
f 1589/1589 1590/1590 1591/1591
f 1592/1592 1593/1593 1594/1594
f 1595/1595 1596/1596 1597/1597
f 1598/1598 1599/1599 1600/1600
f 1601/1601 1602/1602 1603/1603
f 1604/1604 1605/1605 1606/1606
f 1607/1607 1608/1608 1609/1609
f 1610/1610 1611/1611 1612/1612
f 1613/1613 1614/1614 1615/1615
f 1616/1616 1617/1617 1618/1618
f 1619/1619 1620/1620 1621/1621
f 1622/1622 1623/1623 1624/1624
f 1625/1625 1626/1626 1627/1627
f 1628/1628 1629/1629 1630/1630
f 1631/1631 1632/1632 1633/1633
f 1634/1634 1635/1635 1636/1636
f 1637/1637 1638/1638 1639/1639
f 1640/1640 1641/1641 1642/1642
f 1643/1643 1644/1644 1645/1645
f 1646/1646 1647/1647 1648/1648
f 1649/1649 1650/1650 1651/1651
f 1652/1652 1653/1653 1654/1654
f 1655/1655 1656/1656 1657/1657
f 1658/1658 1659/1659 1660/1660
f 1661/1661 1662/1662 1663/1663
f 1664/1664 1665/1665 1666/1666
f 1667/1667 1668/1668 1669/1669
f 1670/1670 1671/1671 1672/1672
f 1673/1673 1674/1674 1675/1675
f 1676/1676 1677/1677 1678/1678
f 1679/1679 1680/1680 1681/1681
f 1682/1682 1683/1683 1684/1684
f 1685/1685 1686/1686 1687/1687
f 1688/1688 1689/1689 1690/1690
f 1691/1691 1692/1692 1693/1693
f 1694/1694 1695/1695 1696/1696
f 1697/1697 1698/1698 1699/1699
f 1700/1700 1701/1701 1702/1702
f 1703/1703 1704/1704 1705/1705
f 1706/1706 1707/1707 1708/1708
f 1709/1709 1710/1710 1711/1711
f 1712/1712 1713/1713 1714/1714
f 1715/1715 1716/1716 1717/1717
f 1718/1718 1719/1719 1720/1720
f 1721/1721 1722/1722 1723/1723
f 1724/1724 1725/1725 1726/1726
f 1727/1727 1728/1728 1729/1729
f 1730/1730 1731/1731 1732/1732
f 1733/1733 1734/1734 1735/1735
f 1736/1736 1737/1737 1738/1738
f 1739/1739 1740/1740 1741/1741
f 1742/1742 1743/1743 1744/1744
f 1745/1745 1746/1746 1747/1747
f 1748/1748 1749/1749 1750/1750
f 1751/1751 1752/1752 1753/1753
f 1754/1754 1755/1755 1756/1756
f 1757/1757 1758/1758 1759/1759
f 1760/1760 1761/1761 1762/1762
f 1763/1763 1764/1764 1765/1765
f 1766/1766 1767/1767 1768/1768
f 1769/1769 1770/1770 1771/1771
f 1772/1772 1773/1773 1774/1774
f 1775/1775 1776/1776 1777/1777
f 1778/1778 1779/1779 1780/1780
f 1781/1781 1782/1782 1783/1783
f 1784/1784 1785/1785 1786/1786
f 1787/1787 1788/1788 1789/1789
f 1790/1790 1791/1791 1792/1792
f 1793/1793 1794/1794 1795/1795
f 1796/1796 1797/1797 1798/1798
f 1799/1799 1800/1800 1801/1801
f 1802/1802 1803/1803 1804/1804
f 1805/1805 1806/1806 1807/1807
f 1808/1808 1809/1809 1810/1810
f 1811/1811 1812/1812 1813/1813
f 1814/1814 1815/1815 1816/1816
f 1817/1817 1818/1818 1819/1819
f 1820/1820 1821/1821 1822/1822
f 1823/1823 1824/1824 1825/1825
f 1826/1826 1827/1827 1828/1828
f 1829/1829 1830/1830 1831/1831
f 1832/1832 1833/1833 1834/1834
f 1835/1835 1836/1836 1837/1837
f 1838/1838 1839/1839 1840/1840
f 1841/1841 1842/1842 1843/1843
f 1844/1844 1845/1845 1846/1846
f 1847/1847 1848/1848 1849/1849
f 1850/1850 1851/1851 1852/1852
f 1853/1853 1854/1854 1855/1855
f 1856/1856 1857/1857 1858/1858
f 1859/1859 1860/1860 1861/1861
f 1862/1862 1863/1863 1864/1864
f 1865/1865 1866/1866 1867/1867
f 1868/1868 1869/1869 1870/1870
f 1871/1871 1872/1872 1873/1873
f 1874/1874 1875/1875 1876/1876
f 1877/1877 1878/1878 1879/1879
f 1880/1880 1881/1881 1882/1882
f 1883/1883 1884/1884 1885/1885
f 1886/1886 1887/1887 1888/1888
f 1889/1889 1890/1890 1891/1891
f 1892/1892 1893/1893 1894/1894
f 1895/1895 1896/1896 1897/1897
f 1898/1898 1899/1899 1900/1900
f 1901/1901 1902/1902 1903/1903
f 1904/1904 1905/1905 1906/1906
f 1907/1907 1908/1908 1909/1909
f 1910/1910 1911/1911 1912/1912
f 1913/1913 1914/1914 1915/1915
f 1916/1916 1917/1917 1918/1918
f 1919/1919 1920/1920 1921/1921
f 1922/1922 1923/1923 1924/1924
f 1925/1925 1926/1926 1927/1927
f 1928/1928 1929/1929 1930/1930
f 1931/1931 1932/1932 1933/1933
f 1934/1934 1935/1935 1936/1936
f 1937/1937 1938/1938 1939/1939
f 1940/1940 1941/1941 1942/1942
f 1943/1943 1944/1944 1945/1945
f 1946/1946 1947/1947 1948/1948
f 1949/1949 1950/1950 1951/1951
f 1952/1952 1953/1953 1954/1954
f 1955/1955 1956/1956 1957/1957
f 1958/1958 1959/1959 1960/1960
f 1961/1961 1962/1962 1963/1963
f 1964/1964 1965/1965 1966/1966
f 1967/1967 1968/1968 1969/1969
f 1970/1970 1971/1971 1972/1972
f 1973/1973 1974/1974 1975/1975
f 1976/1976 1977/1977 1978/1978
f 1979/1979 1980/1980 1981/1981
f 1982/1982 1983/1983 1984/1984
f 1985/1985 1986/1986 1987/1987
f 1988/1988 1989/1989 1990/1990
f 1991/1991 1992/1992 1993/1993
f 1994/1994 1995/1995 1996/1996
f 1997/1997 1998/1998 1999/1999
f 2000/2000 2001/2001 2002/2002
f 2003/2003 2004/2004 2005/2005
f 2006/2006 2007/2007 2008/2008
f 2009/2009 2010/2010 2011/2011
f 2012/2012 2013/2013 2014/2014
f 2015/2015 2016/2016 2017/2017
f 2018/2018 2019/2019 2020/2020
f 2021/2021 2022/2022 2023/2023
f 2024/2024 2025/2025 2026/2026
f 2027/2027 2028/2028 2029/2029
f 2030/2030 2031/2031 2032/2032
f 2033/2033 2034/2034 2035/2035
f 2036/2036 2037/2037 2038/2038
f 2039/2039 2040/2040 2041/2041
f 2042/2042 2043/2043 2044/2044
f 2045/2045 2046/2046 2047/2047
f 2048/2048 2049/2049 2050/2050
f 2051/2051 2052/2052 2053/2053
f 2054/2054 2055/2055 2056/2056
f 2057/2057 2058/2058 2059/2059
f 2060/2060 2061/2061 2062/2062
f 2063/2063 2064/2064 2065/2065
f 2066/2066 2067/2067 2068/2068
f 2069/2069 2070/2070 2071/2071
f 2072/2072 2073/2073 2074/2074
f 2075/2075 2076/2076 2077/2077
f 2078/2078 2079/2079 2080/2080
f 2081/2081 2082/2082 2083/2083
f 2084/2084 2085/2085 2086/2086
f 2087/2087 2088/2088 2089/2089
f 2090/2090 2091/2091 2092/2092
f 2093/2093 2094/2094 2095/2095
f 2096/2096 2097/2097 2098/2098
f 2099/2099 2100/2100 2101/2101
f 2102/2102 2103/2103 2104/2104
f 2105/2105 2106/2106 2107/2107
f 2108/2108 2109/2109 2110/2110
f 2111/2111 2112/2112 2113/2113
f 2114/2114 2115/2115 2116/2116
f 2117/2117 2118/2118 2119/2119
f 2120/2120 2121/2121 2122/2122
f 2123/2123 2124/2124 2125/2125
f 2126/2126 2127/2127 2128/2128
f 2129/2129 2130/2130 2131/2131
f 2132/2132 2133/2133 2134/2134
f 2135/2135 2136/2136 2137/2137
f 2138/2138 2139/2139 2140/2140
f 2141/2141 2142/2142 2143/2143
f 2144/2144 2145/2145 2146/2146
f 2147/2147 2148/2148 2149/2149
f 2150/2150 2151/2151 2152/2152
f 2153/2153 2154/2154 2155/2155
f 2156/2156 2157/2157 2158/2158
f 2159/2159 2160/2160 2161/2161
f 2162/2162 2163/2163 2164/2164
f 2165/2165 2166/2166 2167/2167
f 2168/2168 2169/2169 2170/2170
f 2171/2171 2172/2172 2173/2173
f 2174/2174 2175/2175 2176/2176
f 2177/2177 2178/2178 2179/2179
f 2180/2180 2181/2181 2182/2182
f 2183/2183 2184/2184 2185/2185
f 2186/2186 2187/2187 2188/2188
f 2189/2189 2190/2190 2191/2191
f 2192/2192 2193/2193 2194/2194
f 2195/2195 2196/2196 2197/2197
f 2198/2198 2199/2199 2200/2200
f 2201/2201 2202/2202 2203/2203
f 2204/2204 2205/2205 2206/2206
f 2207/2207 2208/2208 2209/2209
f 2210/2210 2211/2211 2212/2212
f 2213/2213 2214/2214 2215/2215
f 2216/2216 2217/2217 2218/2218
f 2219/2219 2220/2220 2221/2221
f 2222/2222 2223/2223 2224/2224
f 2225/2225 2226/2226 2227/2227
f 2228/2228 2229/2229 2230/2230
f 2231/2231 2232/2232 2233/2233
f 2234/2234 2235/2235 2236/2236
f 2237/2237 2238/2238 2239/2239
f 2240/2240 2241/2241 2242/2242
f 2243/2243 2244/2244 2245/2245
f 2246/2246 2247/2247 2248/2248
f 2249/2249 2250/2250 2251/2251
f 2252/2252 2253/2253 2254/2254
f 2255/2255 2256/2256 2257/2257
f 2258/2258 2259/2259 2260/2260
f 2261/2261 2262/2262 2263/2263
f 2264/2264 2265/2265 2266/2266
f 2267/2267 2268/2268 2269/2269
f 2270/2270 2271/2271 2272/2272
f 2273/2273 2274/2274 2275/2275
f 2276/2276 2277/2277 2278/2278
f 2279/2279 2280/2280 2281/2281
f 2282/2282 2283/2283 2284/2284
f 2285/2285 2286/2286 2287/2287
f 2288/2288 2289/2289 2290/2290
f 2291/2291 2292/2292 2293/2293
f 2294/2294 2295/2295 2296/2296
f 2297/2297 2298/2298 2299/2299
f 2300/2300 2301/2301 2302/2302
f 2303/2303 2304/2304 2305/2305
f 2306/2306 2307/2307 2308/2308
f 2309/2309 2310/2310 2311/2311
f 2312/2312 2313/2313 2314/2314
f 2315/2315 2316/2316 2317/2317
f 2318/2318 2319/2319 2320/2320
f 2321/2321 2322/2322 2323/2323
f 2324/2324 2325/2325 2326/2326
f 2327/2327 2328/2328 2329/2329
f 2330/2330 2331/2331 2332/2332
f 2333/2333 2334/2334 2335/2335
f 2336/2336 2337/2337 2338/2338

