# https://github.com/mikedh/trimesh
mtllib treasury_gold_5.mtl

o geometry_59
usemtl material_0
v -0.06682339 0.35677665 0.06000000
v -0.07588854 0.34779999 0.06988855
v -0.05988855 0.35571083 0.07600000
v -0.07588854 0.34779999 0.06988855
v -0.07722083 0.33500001 0.07682340
v -0.06600000 0.34291083 0.08588854
v -0.05988855 0.35571083 0.07600000
v -0.06600000 0.34291083 0.08588854
v -0.05000000 0.34845871 0.08722083
v -0.07588854 0.34779999 0.06988855
v -0.06600000 0.34291083 0.08588854
v -0.05988855 0.35571083 0.07600000
v -0.06682339 0.35677665 0.06000000
v -0.05988855 0.35571083 0.07600000
v -0.05000000 0.36059999 0.06000000
v -0.05988855 0.35571083 0.07600000
v -0.05000000 0.34845871 0.08722083
v -0.04011146 0.35571083 0.07600000
v -0.05000000 0.36059999 0.06000000
v -0.04011146 0.35571083 0.07600000
v -0.03317660 0.35677665 0.06000000
v -0.05988855 0.35571083 0.07600000
v -0.04011146 0.35571083 0.07600000
v -0.05000000 0.36059999 0.06000000
v -0.06682339 0.35677665 0.06000000
v -0.05000000 0.36059999 0.06000000
v -0.05988855 0.35571083 0.04400000
v -0.05000000 0.36059999 0.06000000
v -0.03317660 0.35677665 0.06000000
v -0.04011146 0.35571083 0.04400000
v -0.05988855 0.35571083 0.04400000
v -0.04011146 0.35571083 0.04400000
v -0.05000000 0.34845871 0.03277918
v -0.05000000 0.36059999 0.06000000
v -0.04011146 0.35571083 0.04400000
v -0.05988855 0.35571083 0.04400000
v -0.06682339 0.35677665 0.06000000
v -0.05988855 0.35571083 0.04400000
v -0.07588854 0.34779999 0.05011146
v -0.05988855 0.35571083 0.04400000
v -0.05000000 0.34845871 0.03277918
v -0.06600000 0.34291083 0.03411146
v -0.07588854 0.34779999 0.05011146
v -0.06600000 0.34291083 0.03411146
v -0.07722083 0.33500001 0.04317660
v -0.05988855 0.35571083 0.04400000
v -0.06600000 0.34291083 0.03411146
v -0.07588854 0.34779999 0.05011146
v -0.06682339 0.35677665 0.06000000
v -0.07588854 0.34779999 0.05011146
v -0.07588854 0.34779999 0.06988855
v -0.07588854 0.34779999 0.05011146
v -0.07722083 0.33500001 0.04317660
v -0.08200000 0.33500001 0.06000000
v -0.07588854 0.34779999 0.06988855
v -0.08200000 0.33500001 0.06000000
v -0.07722083 0.33500001 0.07682340
v -0.07588854 0.34779999 0.05011146
v -0.08200000 0.33500001 0.06000000
v -0.07588854 0.34779999 0.06988855
v -0.03317660 0.35677665 0.06000000
v -0.04011146 0.35571083 0.07600000
v -0.02411146 0.34779999 0.06988855
v -0.04011146 0.35571083 0.07600000
v -0.05000000 0.34845871 0.08722083
v -0.03400000 0.34291083 0.08588854
v -0.02411146 0.34779999 0.06988855
v -0.03400000 0.34291083 0.08588854
v -0.02277917 0.33500001 0.07682340
v -0.04011146 0.35571083 0.07600000
v -0.03400000 0.34291083 0.08588854
v -0.02411146 0.34779999 0.06988855
v -0.05000000 0.34845871 0.08722083
v -0.06600000 0.34291083 0.08588854
v -0.05000000 0.33500001 0.09200000
v -0.06600000 0.34291083 0.08588854
v -0.07722083 0.33500001 0.07682340
v -0.06600000 0.32708916 0.08588854
v -0.05000000 0.33500001 0.09200000
v -0.06600000 0.32708916 0.08588854
v -0.05000000 0.32154128 0.08722083
v -0.06600000 0.34291083 0.08588854
v -0.06600000 0.32708916 0.08588854
v -0.05000000 0.33500001 0.09200000
v -0.07722083 0.33500001 0.07682340
v -0.08200000 0.33500001 0.06000000
v -0.07588854 0.32220000 0.06988855
v -0.08200000 0.33500001 0.06000000
v -0.07722083 0.33500001 0.04317660
v -0.07588854 0.32220000 0.05011146
v -0.07588854 0.32220000 0.06988855
v -0.07588854 0.32220000 0.05011146
v -0.06682339 0.31322333 0.06000000
v -0.08200000 0.33500001 0.06000000
v -0.07588854 0.32220000 0.05011146
v -0.07588854 0.32220000 0.06988855
v -0.07722083 0.33500001 0.04317660
v -0.06600000 0.34291083 0.03411146
v -0.06600000 0.32708916 0.03411146
v -0.06600000 0.34291083 0.03411146
v -0.05000000 0.34845871 0.03277918
v -0.05000000 0.33500001 0.02800000
v -0.06600000 0.32708916 0.03411146
v -0.05000000 0.33500001 0.02800000
v -0.05000000 0.32154128 0.03277918
v -0.06600000 0.34291083 0.03411146
v -0.05000000 0.33500001 0.02800000
v -0.06600000 0.32708916 0.03411146
v -0.05000000 0.34845871 0.03277918
v -0.04011146 0.35571083 0.04400000
v -0.03400000 0.34291083 0.03411146
v -0.04011146 0.35571083 0.04400000
v -0.03317660 0.35677665 0.06000000
v -0.02411146 0.34779999 0.05011146
v -0.03400000 0.34291083 0.03411146
v -0.02411146 0.34779999 0.05011146
v -0.02277917 0.33500001 0.04317660
v -0.04011146 0.35571083 0.04400000
v -0.02411146 0.34779999 0.05011146
v -0.03400000 0.34291083 0.03411146
v -0.03317660 0.31322333 0.06000000
v -0.02411146 0.32220000 0.06988855
v -0.04011146 0.31428915 0.07600000
v -0.02411146 0.32220000 0.06988855
v -0.02277917 0.33500001 0.07682340
v -0.03400000 0.32708916 0.08588854
v -0.04011146 0.31428915 0.07600000
v -0.03400000 0.32708916 0.08588854
v -0.05000000 0.32154128 0.08722083
v -0.02411146 0.32220000 0.06988855
v -0.03400000 0.32708916 0.08588854
v -0.04011146 0.31428915 0.07600000
v -0.03317660 0.31322333 0.06000000
v -0.04011146 0.31428915 0.07600000
v -0.05000000 0.30939999 0.06000000
v -0.04011146 0.31428915 0.07600000
v -0.05000000 0.32154128 0.08722083
v -0.05988855 0.31428915 0.07600000
v -0.05000000 0.30939999 0.06000000
v -0.05988855 0.31428915 0.07600000
v -0.06682339 0.31322333 0.06000000
v -0.04011146 0.31428915 0.07600000
v -0.05988855 0.31428915 0.07600000
v -0.05000000 0.30939999 0.06000000
v -0.03317660 0.31322333 0.06000000
v -0.05000000 0.30939999 0.06000000
v -0.04011146 0.31428915 0.04400000
v -0.05000000 0.30939999 0.06000000
v -0.06682339 0.31322333 0.06000000
v -0.05988855 0.31428915 0.04400000
v -0.04011146 0.31428915 0.04400000
v -0.05988855 0.31428915 0.04400000
v -0.05000000 0.32154128 0.03277918
v -0.05000000 0.30939999 0.06000000
v -0.05988855 0.31428915 0.04400000
v -0.04011146 0.31428915 0.04400000
v -0.03317660 0.31322333 0.06000000
v -0.04011146 0.31428915 0.04400000
v -0.02411146 0.32220000 0.05011146
v -0.04011146 0.31428915 0.04400000
v -0.05000000 0.32154128 0.03277918
v -0.03400000 0.32708916 0.03411146
v -0.02411146 0.32220000 0.05011146
v -0.03400000 0.32708916 0.03411146
v -0.02277917 0.33500001 0.04317660
v -0.04011146 0.31428915 0.04400000
v -0.03400000 0.32708916 0.03411146
v -0.02411146 0.32220000 0.05011146
v -0.03317660 0.31322333 0.06000000
v -0.02411146 0.32220000 0.05011146
v -0.02411146 0.32220000 0.06988855
v -0.02411146 0.32220000 0.05011146
v -0.02277917 0.33500001 0.04317660
v -0.01800000 0.33500001 0.06000000
v -0.02411146 0.32220000 0.06988855
v -0.01800000 0.33500001 0.06000000
v -0.02277917 0.33500001 0.07682340
v -0.02411146 0.32220000 0.05011146
v -0.01800000 0.33500001 0.06000000
v -0.02411146 0.32220000 0.06988855
v -0.05000000 0.32154128 0.08722083
v -0.03400000 0.32708916 0.08588854
v -0.05000000 0.33500001 0.09200000
v -0.03400000 0.32708916 0.08588854
v -0.02277917 0.33500001 0.07682340
v -0.03400000 0.34291083 0.08588854
v -0.05000000 0.33500001 0.09200000
v -0.03400000 0.34291083 0.08588854
v -0.05000000 0.34845871 0.08722083
v -0.03400000 0.32708916 0.08588854
v -0.03400000 0.34291083 0.08588854
v -0.05000000 0.33500001 0.09200000
v -0.06682339 0.31322333 0.06000000
v -0.05988855 0.31428915 0.07600000
v -0.07588854 0.32220000 0.06988855
v -0.05988855 0.31428915 0.07600000
v -0.05000000 0.32154128 0.08722083
v -0.06600000 0.32708916 0.08588854
v -0.07588854 0.32220000 0.06988855
v -0.06600000 0.32708916 0.08588854
v -0.07722083 0.33500001 0.07682340
v -0.05988855 0.31428915 0.07600000
v -0.06600000 0.32708916 0.08588854
v -0.07588854 0.32220000 0.06988855
v -0.05000000 0.32154128 0.03277918
v -0.05988855 0.31428915 0.04400000
v -0.06600000 0.32708916 0.03411146
v -0.05988855 0.31428915 0.04400000
v -0.06682339 0.31322333 0.06000000
v -0.07588854 0.32220000 0.05011146
v -0.06600000 0.32708916 0.03411146
v -0.07588854 0.32220000 0.05011146
v -0.07722083 0.33500001 0.04317660
v -0.05988855 0.31428915 0.04400000
v -0.07588854 0.32220000 0.05011146
v -0.06600000 0.32708916 0.03411146
v -0.02277917 0.33500001 0.04317660
v -0.03400000 0.32708916 0.03411146
v -0.03400000 0.34291083 0.03411146
v -0.03400000 0.32708916 0.03411146
v -0.05000000 0.32154128 0.03277918
v -0.05000000 0.33500001 0.02800000
v -0.03400000 0.34291083 0.03411146
v -0.05000000 0.33500001 0.02800000
v -0.05000000 0.34845871 0.03277918
v -0.03400000 0.32708916 0.03411146
v -0.05000000 0.33500001 0.02800000
v -0.03400000 0.34291083 0.03411146
v -0.02277917 0.33500001 0.07682340
v -0.01800000 0.33500001 0.06000000
v -0.02411146 0.34779999 0.06988855
v -0.01800000 0.33500001 0.06000000
v -0.02277917 0.33500001 0.04317660
v -0.02411146 0.34779999 0.05011146
v -0.02411146 0.34779999 0.06988855
v -0.02411146 0.34779999 0.05011146
v -0.03317660 0.35677665 0.06000000
v -0.01800000 0.33500001 0.06000000
v -0.02411146 0.34779999 0.05011146
v -0.02411146 0.34779999 0.06988855
f 1 2 3
f 4 5 6
f 7 8 9
f 10 11 12
f 13 14 15
f 16 17 18
f 19 20 21
f 22 23 24
f 25 26 27
f 28 29 30
f 31 32 33
f 34 35 36
f 37 38 39
f 40 41 42
f 43 44 45
f 46 47 48
f 49 50 51
f 52 53 54
f 55 56 57
f 58 59 60
f 61 62 63
f 64 65 66
f 67 68 69
f 70 71 72
f 73 74 75
f 76 77 78
f 79 80 81
f 82 83 84
f 85 86 87
f 88 89 90
f 91 92 93
f 94 95 96
f 97 98 99
f 100 101 102
f 103 104 105
f 106 107 108
f 109 110 111
f 112 113 114
f 115 116 117
f 118 119 120
f 121 122 123
f 124 125 126
f 127 128 129
f 130 131 132
f 133 134 135
f 136 137 138
f 139 140 141
f 142 143 144
f 145 146 147
f 148 149 150
f 151 152 153
f 154 155 156
f 157 158 159
f 160 161 162
f 163 164 165
f 166 167 168
f 169 170 171
f 172 173 174
f 175 176 177
f 178 179 180
f 181 182 183
f 184 185 186
f 187 188 189
f 190 191 192
f 193 194 195
f 196 197 198
f 199 200 201
f 202 203 204
f 205 206 207
f 208 209 210
f 211 212 213
f 214 215 216
f 217 218 219
f 220 221 222
f 223 224 225
f 226 227 228
f 229 230 231
f 232 233 234
f 235 236 237
f 238 239 240

o geometry_58
usemtl material_1
v -0.01682340 0.39177665 0.02000000
v -0.02588854 0.38280001 0.02988854
v -0.00988854 0.39071083 0.03600000
v -0.02588854 0.38280001 0.02988854
v -0.02722083 0.37000000 0.03682340
v -0.01600000 0.37791082 0.04588854
v -0.00988854 0.39071083 0.03600000
v -0.01600000 0.37791082 0.04588854
v 0.00000000 0.38345870 0.04722083
v -0.02588854 0.38280001 0.02988854
v -0.01600000 0.37791082 0.04588854
v -0.00988854 0.39071083 0.03600000
v -0.01682340 0.39177665 0.02000000
v -0.00988854 0.39071083 0.03600000
v 0.00000000 0.39559999 0.02000000
v -0.00988854 0.39071083 0.03600000
v 0.00000000 0.38345870 0.04722083
v 0.00988854 0.39071083 0.03600000
v 0.00000000 0.39559999 0.02000000
v 0.00988854 0.39071083 0.03600000
v 0.01682340 0.39177665 0.02000000
v -0.00988854 0.39071083 0.03600000
v 0.00988854 0.39071083 0.03600000
v 0.00000000 0.39559999 0.02000000
v -0.01682340 0.39177665 0.02000000
v 0.00000000 0.39559999 0.02000000
v -0.00988854 0.39071083 0.00400000
v 0.00000000 0.39559999 0.02000000
v 0.01682340 0.39177665 0.02000000
v 0.00988854 0.39071083 0.00400000
v -0.00988854 0.39071083 0.00400000
v 0.00988854 0.39071083 0.00400000
v 0.00000000 0.38345870 -0.00722083
v 0.00000000 0.39559999 0.02000000
v 0.00988854 0.39071083 0.00400000
v -0.00988854 0.39071083 0.00400000
v -0.01682340 0.39177665 0.02000000
v -0.00988854 0.39071083 0.00400000
v -0.02588854 0.38280001 0.01011146
v -0.00988854 0.39071083 0.00400000
v 0.00000000 0.38345870 -0.00722083
v -0.01600000 0.37791082 -0.00588854
v -0.02588854 0.38280001 0.01011146
v -0.01600000 0.37791082 -0.00588854
v -0.02722083 0.37000000 0.00317660
v -0.00988854 0.39071083 0.00400000
v -0.01600000 0.37791082 -0.00588854
v -0.02588854 0.38280001 0.01011146
v -0.01682340 0.39177665 0.02000000
v -0.02588854 0.38280001 0.01011146
v -0.02588854 0.38280001 0.02988854
v -0.02588854 0.38280001 0.01011146
v -0.02722083 0.37000000 0.00317660
v -0.03200000 0.37000000 0.02000000
v -0.02588854 0.38280001 0.02988854
v -0.03200000 0.37000000 0.02000000
v -0.02722083 0.37000000 0.03682340
v -0.02588854 0.38280001 0.01011146
v -0.03200000 0.37000000 0.02000000
v -0.02588854 0.38280001 0.02988854
v 0.01682340 0.39177665 0.02000000
v 0.00988854 0.39071083 0.03600000
v 0.02588854 0.38280001 0.02988854
v 0.00988854 0.39071083 0.03600000
v 0.00000000 0.38345870 0.04722083
v 0.01600000 0.37791082 0.04588854
v 0.02588854 0.38280001 0.02988854
v 0.01600000 0.37791082 0.04588854
v 0.02722083 0.37000000 0.03682340
v 0.00988854 0.39071083 0.03600000
v 0.01600000 0.37791082 0.04588854
v 0.02588854 0.38280001 0.02988854
v 0.00000000 0.38345870 0.04722083
v -0.01600000 0.37791082 0.04588854
v 0.00000000 0.37000000 0.05200000
v -0.01600000 0.37791082 0.04588854
v -0.02722083 0.37000000 0.03682340
v -0.01600000 0.36208916 0.04588854
v 0.00000000 0.37000000 0.05200000
v -0.01600000 0.36208916 0.04588854
v 0.00000000 0.35654128 0.04722083
v -0.01600000 0.37791082 0.04588854
v -0.01600000 0.36208916 0.04588854
v 0.00000000 0.37000000 0.05200000
v -0.02722083 0.37000000 0.03682340
v -0.03200000 0.37000000 0.02000000
v -0.02588854 0.35720000 0.02988854
v -0.03200000 0.37000000 0.02000000
v -0.02722083 0.37000000 0.00317660
v -0.02588854 0.35720000 0.01011146
v -0.02588854 0.35720000 0.02988854
v -0.02588854 0.35720000 0.01011146
v -0.01682340 0.34822333 0.02000000
v -0.03200000 0.37000000 0.02000000
v -0.02588854 0.35720000 0.01011146
v -0.02588854 0.35720000 0.02988854
v -0.02722083 0.37000000 0.00317660
v -0.01600000 0.37791082 -0.00588854
v -0.01600000 0.36208916 -0.00588854
v -0.01600000 0.37791082 -0.00588854
v 0.00000000 0.38345870 -0.00722083
v 0.00000000 0.37000000 -0.01200000
v -0.01600000 0.36208916 -0.00588854
v 0.00000000 0.37000000 -0.01200000
v 0.00000000 0.35654128 -0.00722083
v -0.01600000 0.37791082 -0.00588854
v 0.00000000 0.37000000 -0.01200000
v -0.01600000 0.36208916 -0.00588854
v 0.00000000 0.38345870 -0.00722083
v 0.00988854 0.39071083 0.00400000
v 0.01600000 0.37791082 -0.00588854
v 0.00988854 0.39071083 0.00400000
v 0.01682340 0.39177665 0.02000000
v 0.02588854 0.38280001 0.01011146
v 0.01600000 0.37791082 -0.00588854
v 0.02588854 0.38280001 0.01011146
v 0.02722083 0.37000000 0.00317660
v 0.00988854 0.39071083 0.00400000
v 0.02588854 0.38280001 0.01011146
v 0.01600000 0.37791082 -0.00588854
v 0.01682340 0.34822333 0.02000000
v 0.02588854 0.35720000 0.02988854
v 0.00988854 0.34928918 0.03600000
v 0.02588854 0.35720000 0.02988854
v 0.02722083 0.37000000 0.03682340
v 0.01600000 0.36208916 0.04588854
v 0.00988854 0.34928918 0.03600000
v 0.01600000 0.36208916 0.04588854
v 0.00000000 0.35654128 0.04722083
v 0.02588854 0.35720000 0.02988854
v 0.01600000 0.36208916 0.04588854
v 0.00988854 0.34928918 0.03600000
v 0.01682340 0.34822333 0.02000000
v 0.00988854 0.34928918 0.03600000
v 0.00000000 0.34439999 0.02000000
v 0.00988854 0.34928918 0.03600000
v 0.00000000 0.35654128 0.04722083
v -0.00988854 0.34928918 0.03600000
v 0.00000000 0.34439999 0.02000000
v -0.00988854 0.34928918 0.03600000
v -0.01682340 0.34822333 0.02000000
v 0.00988854 0.34928918 0.03600000
v -0.00988854 0.34928918 0.03600000
v 0.00000000 0.34439999 0.02000000
v 0.01682340 0.34822333 0.02000000
v 0.00000000 0.34439999 0.02000000
v 0.00988854 0.34928918 0.00400000
v 0.00000000 0.34439999 0.02000000
v -0.01682340 0.34822333 0.02000000
v -0.00988854 0.34928918 0.00400000
v 0.00988854 0.34928918 0.00400000
v -0.00988854 0.34928918 0.00400000
v 0.00000000 0.35654128 -0.00722083
v 0.00000000 0.34439999 0.02000000
v -0.00988854 0.34928918 0.00400000
v 0.00988854 0.34928918 0.00400000
v 0.01682340 0.34822333 0.02000000
v 0.00988854 0.34928918 0.00400000
v 0.02588854 0.35720000 0.01011146
v 0.00988854 0.34928918 0.00400000
v 0.00000000 0.35654128 -0.00722083
v 0.01600000 0.36208916 -0.00588854
v 0.02588854 0.35720000 0.01011146
v 0.01600000 0.36208916 -0.00588854
v 0.02722083 0.37000000 0.00317660
v 0.00988854 0.34928918 0.00400000
v 0.01600000 0.36208916 -0.00588854
v 0.02588854 0.35720000 0.01011146
v 0.01682340 0.34822333 0.02000000
v 0.02588854 0.35720000 0.01011146
v 0.02588854 0.35720000 0.02988854
v 0.02588854 0.35720000 0.01011146
v 0.02722083 0.37000000 0.00317660
v 0.03200000 0.37000000 0.02000000
v 0.02588854 0.35720000 0.02988854
v 0.03200000 0.37000000 0.02000000
v 0.02722083 0.37000000 0.03682340
v 0.02588854 0.35720000 0.01011146
v 0.03200000 0.37000000 0.02000000
v 0.02588854 0.35720000 0.02988854
v 0.00000000 0.35654128 0.04722083
v 0.01600000 0.36208916 0.04588854
v 0.00000000 0.37000000 0.05200000
v 0.01600000 0.36208916 0.04588854
v 0.02722083 0.37000000 0.03682340
v 0.01600000 0.37791082 0.04588854
v 0.00000000 0.37000000 0.05200000
v 0.01600000 0.37791082 0.04588854
v 0.00000000 0.38345870 0.04722083
v 0.01600000 0.36208916 0.04588854
v 0.01600000 0.37791082 0.04588854
v 0.00000000 0.37000000 0.05200000
v -0.01682340 0.34822333 0.02000000
v -0.00988854 0.34928918 0.03600000
v -0.02588854 0.35720000 0.02988854
v -0.00988854 0.34928918 0.03600000
v 0.00000000 0.35654128 0.04722083
v -0.01600000 0.36208916 0.04588854
v -0.02588854 0.35720000 0.02988854
v -0.01600000 0.36208916 0.04588854
v -0.02722083 0.37000000 0.03682340
v -0.00988854 0.34928918 0.03600000
v -0.01600000 0.36208916 0.04588854
v -0.02588854 0.35720000 0.02988854
v 0.00000000 0.35654128 -0.00722083
v -0.00988854 0.34928918 0.00400000
v -0.01600000 0.36208916 -0.00588854
v -0.00988854 0.34928918 0.00400000
v -0.01682340 0.34822333 0.02000000
v -0.02588854 0.35720000 0.01011146
v -0.01600000 0.36208916 -0.00588854
v -0.02588854 0.35720000 0.01011146
v -0.02722083 0.37000000 0.00317660
v -0.00988854 0.34928918 0.00400000
v -0.02588854 0.35720000 0.01011146
v -0.01600000 0.36208916 -0.00588854
v 0.02722083 0.37000000 0.00317660
v 0.01600000 0.36208916 -0.00588854
v 0.01600000 0.37791082 -0.00588854
v 0.01600000 0.36208916 -0.00588854
v 0.00000000 0.35654128 -0.00722083
v 0.00000000 0.37000000 -0.01200000
v 0.01600000 0.37791082 -0.00588854
v 0.00000000 0.37000000 -0.01200000
v 0.00000000 0.38345870 -0.00722083
v 0.01600000 0.36208916 -0.00588854
v 0.00000000 0.37000000 -0.01200000
v 0.01600000 0.37791082 -0.00588854
v 0.02722083 0.37000000 0.03682340
v 0.03200000 0.37000000 0.02000000
v 0.02588854 0.38280001 0.02988854
v 0.03200000 0.37000000 0.02000000
v 0.02722083 0.37000000 0.00317660
v 0.02588854 0.38280001 0.01011146
v 0.02588854 0.38280001 0.02988854
v 0.02588854 0.38280001 0.01011146
v 0.01682340 0.39177665 0.02000000
v 0.03200000 0.37000000 0.02000000
v 0.02588854 0.38280001 0.01011146
v 0.02588854 0.38280001 0.02988854
f 241 242 243
f 244 245 246
f 247 248 249
f 250 251 252
f 253 254 255
f 256 257 258
f 259 260 261
f 262 263 264
f 265 266 267
f 268 269 270
f 271 272 273
f 274 275 276
f 277 278 279
f 280 281 282
f 283 284 285
f 286 287 288
f 289 290 291
f 292 293 294
f 295 296 297
f 298 299 300
f 301 302 303
f 304 305 306
f 307 308 309
f 310 311 312
f 313 314 315
f 316 317 318
f 319 320 321
f 322 323 324
f 325 326 327
f 328 329 330
f 331 332 333
f 334 335 336
f 337 338 339
f 340 341 342
f 343 344 345
f 346 347 348
f 349 350 351
f 352 353 354
f 355 356 357
f 358 359 360
f 361 362 363
f 364 365 366
f 367 368 369
f 370 371 372
f 373 374 375
f 376 377 378
f 379 380 381
f 382 383 384
f 385 386 387
f 388 389 390
f 391 392 393
f 394 395 396
f 397 398 399
f 400 401 402
f 403 404 405
f 406 407 408
f 409 410 411
f 412 413 414
f 415 416 417
f 418 419 420
f 421 422 423
f 424 425 426
f 427 428 429
f 430 431 432
f 433 434 435
f 436 437 438
f 439 440 441
f 442 443 444
f 445 446 447
f 448 449 450
f 451 452 453
f 454 455 456
f 457 458 459
f 460 461 462
f 463 464 465
f 466 467 468
f 469 470 471
f 472 473 474
f 475 476 477
f 478 479 480

o geometry_57
usemtl material_2
v 0.05317660 0.37177667 -0.08000000
v 0.04411146 0.36280000 -0.07011145
v 0.06011146 0.37071085 -0.06400000
v 0.04411146 0.36280000 -0.07011145
v 0.04277917 0.34999999 -0.06317660
v 0.05400000 0.35791084 -0.05411145
v 0.06011146 0.37071085 -0.06400000
v 0.05400000 0.35791084 -0.05411145
v 0.07000000 0.36345872 -0.05277918
v 0.04411146 0.36280000 -0.07011145
v 0.05400000 0.35791084 -0.05411145
v 0.06011146 0.37071085 -0.06400000
v 0.05317660 0.37177667 -0.08000000
v 0.06011146 0.37071085 -0.06400000
v 0.07000000 0.37560001 -0.08000000
v 0.06011146 0.37071085 -0.06400000
v 0.07000000 0.36345872 -0.05277918
v 0.07988854 0.37071085 -0.06400000
v 0.07000000 0.37560001 -0.08000000
v 0.07988854 0.37071085 -0.06400000
v 0.08682340 0.37177667 -0.08000000
v 0.06011146 0.37071085 -0.06400000
v 0.07988854 0.37071085 -0.06400000
v 0.07000000 0.37560001 -0.08000000
v 0.05317660 0.37177667 -0.08000000
v 0.07000000 0.37560001 -0.08000000
v 0.06011146 0.37071085 -0.09600000
v 0.07000000 0.37560001 -0.08000000
v 0.08682340 0.37177667 -0.08000000
v 0.07988854 0.37071085 -0.09600000
v 0.06011146 0.37071085 -0.09600000
v 0.07988854 0.37071085 -0.09600000
v 0.07000000 0.36345872 -0.10722083
v 0.07000000 0.37560001 -0.08000000
v 0.07988854 0.37071085 -0.09600000
v 0.06011146 0.37071085 -0.09600000
v 0.05317660 0.37177667 -0.08000000
v 0.06011146 0.37071085 -0.09600000
v 0.04411146 0.36280000 -0.08988854
v 0.06011146 0.37071085 -0.09600000
v 0.07000000 0.36345872 -0.10722083
v 0.05400000 0.35791084 -0.10588855
v 0.04411146 0.36280000 -0.08988854
v 0.05400000 0.35791084 -0.10588855
v 0.04277917 0.34999999 -0.09682339
v 0.06011146 0.37071085 -0.09600000
v 0.05400000 0.35791084 -0.10588855
v 0.04411146 0.36280000 -0.08988854
v 0.05317660 0.37177667 -0.08000000
v 0.04411146 0.36280000 -0.08988854
v 0.04411146 0.36280000 -0.07011145
v 0.04411146 0.36280000 -0.08988854
v 0.04277917 0.34999999 -0.09682339
v 0.03800000 0.34999999 -0.08000000
v 0.04411146 0.36280000 -0.07011145
v 0.03800000 0.34999999 -0.08000000
v 0.04277917 0.34999999 -0.06317660
v 0.04411146 0.36280000 -0.08988854
v 0.03800000 0.34999999 -0.08000000
v 0.04411146 0.36280000 -0.07011145
v 0.08682340 0.37177667 -0.08000000
v 0.07988854 0.37071085 -0.06400000
v 0.09588854 0.36280000 -0.07011145
v 0.07988854 0.37071085 -0.06400000
v 0.07000000 0.36345872 -0.05277918
v 0.08600000 0.35791084 -0.05411145
v 0.09588854 0.36280000 -0.07011145
v 0.08600000 0.35791084 -0.05411145
v 0.09722082 0.34999999 -0.06317660
v 0.07988854 0.37071085 -0.06400000
v 0.08600000 0.35791084 -0.05411145
v 0.09588854 0.36280000 -0.07011145
v 0.07000000 0.36345872 -0.05277918
v 0.05400000 0.35791084 -0.05411145
v 0.07000000 0.34999999 -0.04800000
v 0.05400000 0.35791084 -0.05411145
v 0.04277917 0.34999999 -0.06317660
v 0.05400000 0.34208918 -0.05411145
v 0.07000000 0.34999999 -0.04800000
v 0.05400000 0.34208918 -0.05411145
v 0.07000000 0.33654130 -0.05277918
v 0.05400000 0.35791084 -0.05411145
v 0.05400000 0.34208918 -0.05411145
v 0.07000000 0.34999999 -0.04800000
v 0.04277917 0.34999999 -0.06317660
v 0.03800000 0.34999999 -0.08000000
v 0.04411146 0.33719999 -0.07011145
v 0.03800000 0.34999999 -0.08000000
v 0.04277917 0.34999999 -0.09682339
v 0.04411146 0.33719999 -0.08988854
v 0.04411146 0.33719999 -0.07011145
v 0.04411146 0.33719999 -0.08988854
v 0.05317660 0.32822335 -0.08000000
v 0.03800000 0.34999999 -0.08000000
v 0.04411146 0.33719999 -0.08988854
v 0.04411146 0.33719999 -0.07011145
v 0.04277917 0.34999999 -0.09682339
v 0.05400000 0.35791084 -0.10588855
v 0.05400000 0.34208918 -0.10588855
v 0.05400000 0.35791084 -0.10588855
v 0.07000000 0.36345872 -0.10722083
v 0.07000000 0.34999999 -0.11200000
v 0.05400000 0.34208918 -0.10588855
v 0.07000000 0.34999999 -0.11200000
v 0.07000000 0.33654130 -0.10722083
v 0.05400000 0.35791084 -0.10588855
v 0.07000000 0.34999999 -0.11200000
v 0.05400000 0.34208918 -0.10588855
v 0.07000000 0.36345872 -0.10722083
v 0.07988854 0.37071085 -0.09600000
v 0.08600000 0.35791084 -0.10588855
v 0.07988854 0.37071085 -0.09600000
v 0.08682340 0.37177667 -0.08000000
v 0.09588854 0.36280000 -0.08988854
v 0.08600000 0.35791084 -0.10588855
v 0.09588854 0.36280000 -0.08988854
v 0.09722082 0.34999999 -0.09682339
v 0.07988854 0.37071085 -0.09600000
v 0.09588854 0.36280000 -0.08988854
v 0.08600000 0.35791084 -0.10588855
v 0.08682340 0.32822335 -0.08000000
v 0.09588854 0.33719999 -0.07011145
v 0.07988854 0.32928917 -0.06400000
v 0.09588854 0.33719999 -0.07011145
v 0.09722082 0.34999999 -0.06317660
v 0.08600000 0.34208918 -0.05411145
v 0.07988854 0.32928917 -0.06400000
v 0.08600000 0.34208918 -0.05411145
v 0.07000000 0.33654130 -0.05277918
v 0.09588854 0.33719999 -0.07011145
v 0.08600000 0.34208918 -0.05411145
v 0.07988854 0.32928917 -0.06400000
v 0.08682340 0.32822335 -0.08000000
v 0.07988854 0.32928917 -0.06400000
v 0.07000000 0.32440001 -0.08000000
v 0.07988854 0.32928917 -0.06400000
v 0.07000000 0.33654130 -0.05277918
v 0.06011146 0.32928917 -0.06400000
v 0.07000000 0.32440001 -0.08000000
v 0.06011146 0.32928917 -0.06400000
v 0.05317660 0.32822335 -0.08000000
v 0.07988854 0.32928917 -0.06400000
v 0.06011146 0.32928917 -0.06400000
v 0.07000000 0.32440001 -0.08000000
v 0.08682340 0.32822335 -0.08000000
v 0.07000000 0.32440001 -0.08000000
v 0.07988854 0.32928917 -0.09600000
v 0.07000000 0.32440001 -0.08000000
v 0.05317660 0.32822335 -0.08000000
v 0.06011146 0.32928917 -0.09600000
v 0.07988854 0.32928917 -0.09600000
v 0.06011146 0.32928917 -0.09600000
v 0.07000000 0.33654130 -0.10722083
v 0.07000000 0.32440001 -0.08000000
v 0.06011146 0.32928917 -0.09600000
v 0.07988854 0.32928917 -0.09600000
v 0.08682340 0.32822335 -0.08000000
v 0.07988854 0.32928917 -0.09600000
v 0.09588854 0.33719999 -0.08988854
v 0.07988854 0.32928917 -0.09600000
v 0.07000000 0.33654130 -0.10722083
v 0.08600000 0.34208918 -0.10588855
v 0.09588854 0.33719999 -0.08988854
v 0.08600000 0.34208918 -0.10588855
v 0.09722082 0.34999999 -0.09682339
v 0.07988854 0.32928917 -0.09600000
v 0.08600000 0.34208918 -0.10588855
v 0.09588854 0.33719999 -0.08988854
v 0.08682340 0.32822335 -0.08000000
v 0.09588854 0.33719999 -0.08988854
v 0.09588854 0.33719999 -0.07011145
v 0.09588854 0.33719999 -0.08988854
v 0.09722082 0.34999999 -0.09682339
v 0.10200000 0.34999999 -0.08000000
v 0.09588854 0.33719999 -0.07011145
v 0.10200000 0.34999999 -0.08000000
v 0.09722082 0.34999999 -0.06317660
v 0.09588854 0.33719999 -0.08988854
v 0.10200000 0.34999999 -0.08000000
v 0.09588854 0.33719999 -0.07011145
v 0.07000000 0.33654130 -0.05277918
v 0.08600000 0.34208918 -0.05411145
v 0.07000000 0.34999999 -0.04800000
v 0.08600000 0.34208918 -0.05411145
v 0.09722082 0.34999999 -0.06317660
v 0.08600000 0.35791084 -0.05411145
v 0.07000000 0.34999999 -0.04800000
v 0.08600000 0.35791084 -0.05411145
v 0.07000000 0.36345872 -0.05277918
v 0.08600000 0.34208918 -0.05411145
v 0.08600000 0.35791084 -0.05411145
v 0.07000000 0.34999999 -0.04800000
v 0.05317660 0.32822335 -0.08000000
v 0.06011146 0.32928917 -0.06400000
v 0.04411146 0.33719999 -0.07011145
v 0.06011146 0.32928917 -0.06400000
v 0.07000000 0.33654130 -0.05277918
v 0.05400000 0.34208918 -0.05411145
v 0.04411146 0.33719999 -0.07011145
v 0.05400000 0.34208918 -0.05411145
v 0.04277917 0.34999999 -0.06317660
v 0.06011146 0.32928917 -0.06400000
v 0.05400000 0.34208918 -0.05411145
v 0.04411146 0.33719999 -0.07011145
v 0.07000000 0.33654130 -0.10722083
v 0.06011146 0.32928917 -0.09600000
v 0.05400000 0.34208918 -0.10588855
v 0.06011146 0.32928917 -0.09600000
v 0.05317660 0.32822335 -0.08000000
v 0.04411146 0.33719999 -0.08988854
v 0.05400000 0.34208918 -0.10588855
v 0.04411146 0.33719999 -0.08988854
v 0.04277917 0.34999999 -0.09682339
v 0.06011146 0.32928917 -0.09600000
v 0.04411146 0.33719999 -0.08988854
v 0.05400000 0.34208918 -0.10588855
v 0.09722082 0.34999999 -0.09682339
v 0.08600000 0.34208918 -0.10588855
v 0.08600000 0.35791084 -0.10588855
v 0.08600000 0.34208918 -0.10588855
v 0.07000000 0.33654130 -0.10722083
v 0.07000000 0.34999999 -0.11200000
v 0.08600000 0.35791084 -0.10588855
v 0.07000000 0.34999999 -0.11200000
v 0.07000000 0.36345872 -0.10722083
v 0.08600000 0.34208918 -0.10588855
v 0.07000000 0.34999999 -0.11200000
v 0.08600000 0.35791084 -0.10588855
v 0.09722082 0.34999999 -0.06317660
v 0.10200000 0.34999999 -0.08000000
v 0.09588854 0.36280000 -0.07011145
v 0.10200000 0.34999999 -0.08000000
v 0.09722082 0.34999999 -0.09682339
v 0.09588854 0.36280000 -0.08988854
v 0.09588854 0.36280000 -0.07011145
v 0.09588854 0.36280000 -0.08988854
v 0.08682340 0.37177667 -0.08000000
v 0.10200000 0.34999999 -0.08000000
v 0.09588854 0.36280000 -0.08988854
v 0.09588854 0.36280000 -0.07011145
f 481 482 483
f 484 485 486
f 487 488 489
f 490 491 492
f 493 494 495
f 496 497 498
f 499 500 501
f 502 503 504
f 505 506 507
f 508 509 510
f 511 512 513
f 514 515 516
f 517 518 519
f 520 521 522
f 523 524 525
f 526 527 528
f 529 530 531
f 532 533 534
f 535 536 537
f 538 539 540
f 541 542 543
f 544 545 546
f 547 548 549
f 550 551 552
f 553 554 555
f 556 557 558
f 559 560 561
f 562 563 564
f 565 566 567
f 568 569 570
f 571 572 573
f 574 575 576
f 577 578 579
f 580 581 582
f 583 584 585
f 586 587 588
f 589 590 591
f 592 593 594
f 595 596 597
f 598 599 600
f 601 602 603
f 604 605 606
f 607 608 609
f 610 611 612
f 613 614 615
f 616 617 618
f 619 620 621
f 622 623 624
f 625 626 627
f 628 629 630
f 631 632 633
f 634 635 636
f 637 638 639
f 640 641 642
f 643 644 645
f 646 647 648
f 649 650 651
f 652 653 654
f 655 656 657
f 658 659 660
f 661 662 663
f 664 665 666
f 667 668 669
f 670 671 672
f 673 674 675
f 676 677 678
f 679 680 681
f 682 683 684
f 685 686 687
f 688 689 690
f 691 692 693
f 694 695 696
f 697 698 699
f 700 701 702
f 703 704 705
f 706 707 708
f 709 710 711
f 712 713 714
f 715 716 717
f 718 719 720

o geometry_56
usemtl material_3
v -0.10682339 0.36177665 -0.04000000
v -0.11588854 0.35280001 -0.03011146
v -0.09988854 0.36071083 -0.02400000
v -0.11588854 0.35280001 -0.03011146
v -0.11722083 0.34000000 -0.02317660
v -0.10600000 0.34791082 -0.01411146
v -0.09988854 0.36071083 -0.02400000
v -0.10600000 0.34791082 -0.01411146
v -0.09000000 0.35345870 -0.01277917
v -0.11588854 0.35280001 -0.03011146
v -0.10600000 0.34791082 -0.01411146
v -0.09988854 0.36071083 -0.02400000
v -0.10682339 0.36177665 -0.04000000
v -0.09988854 0.36071083 -0.02400000
v -0.09000000 0.36559999 -0.04000000
v -0.09988854 0.36071083 -0.02400000
v -0.09000000 0.35345870 -0.01277917
v -0.08011146 0.36071083 -0.02400000
v -0.09000000 0.36559999 -0.04000000
v -0.08011146 0.36071083 -0.02400000
v -0.07317661 0.36177665 -0.04000000
v -0.09988854 0.36071083 -0.02400000
v -0.08011146 0.36071083 -0.02400000
v -0.09000000 0.36559999 -0.04000000
v -0.10682339 0.36177665 -0.04000000
v -0.09000000 0.36559999 -0.04000000
v -0.09988854 0.36071083 -0.05600000
v -0.09000000 0.36559999 -0.04000000
v -0.07317661 0.36177665 -0.04000000
v -0.08011146 0.36071083 -0.05600000
v -0.09988854 0.36071083 -0.05600000
v -0.08011146 0.36071083 -0.05600000
v -0.09000000 0.35345870 -0.06722083
v -0.09000000 0.36559999 -0.04000000
v -0.08011146 0.36071083 -0.05600000
v -0.09988854 0.36071083 -0.05600000
v -0.10682339 0.36177665 -0.04000000
v -0.09988854 0.36071083 -0.05600000
v -0.11588854 0.35280001 -0.04988854
v -0.09988854 0.36071083 -0.05600000
v -0.09000000 0.35345870 -0.06722083
v -0.10600000 0.34791082 -0.06588855
v -0.11588854 0.35280001 -0.04988854
v -0.10600000 0.34791082 -0.06588855
v -0.11722083 0.34000000 -0.05682340
v -0.09988854 0.36071083 -0.05600000
v -0.10600000 0.34791082 -0.06588855
v -0.11588854 0.35280001 -0.04988854
v -0.10682339 0.36177665 -0.04000000
v -0.11588854 0.35280001 -0.04988854
v -0.11588854 0.35280001 -0.03011146
v -0.11588854 0.35280001 -0.04988854
v -0.11722083 0.34000000 -0.05682340
v -0.12200000 0.34000000 -0.04000000
v -0.11588854 0.35280001 -0.03011146
v -0.12200000 0.34000000 -0.04000000
v -0.11722083 0.34000000 -0.02317660
v -0.11588854 0.35280001 -0.04988854
v -0.12200000 0.34000000 -0.04000000
v -0.11588854 0.35280001 -0.03011146
v -0.07317661 0.36177665 -0.04000000
v -0.08011146 0.36071083 -0.02400000
v -0.06411146 0.35280001 -0.03011146
v -0.08011146 0.36071083 -0.02400000
v -0.09000000 0.35345870 -0.01277917
v -0.07400000 0.34791082 -0.01411146
v -0.06411146 0.35280001 -0.03011146
v -0.07400000 0.34791082 -0.01411146
v -0.06277917 0.34000000 -0.02317660
v -0.08011146 0.36071083 -0.02400000
v -0.07400000 0.34791082 -0.01411146
v -0.06411146 0.35280001 -0.03011146
v -0.09000000 0.35345870 -0.01277917
v -0.10600000 0.34791082 -0.01411146
v -0.09000000 0.34000000 -0.00800000
v -0.10600000 0.34791082 -0.01411146
v -0.11722083 0.34000000 -0.02317660
v -0.10600000 0.33208916 -0.01411146
v -0.09000000 0.34000000 -0.00800000
v -0.10600000 0.33208916 -0.01411146
v -0.09000000 0.32654127 -0.01277917
v -0.10600000 0.34791082 -0.01411146
v -0.10600000 0.33208916 -0.01411146
v -0.09000000 0.34000000 -0.00800000
v -0.11722083 0.34000000 -0.02317660
v -0.12200000 0.34000000 -0.04000000
v -0.11588854 0.32720000 -0.03011146
v -0.12200000 0.34000000 -0.04000000
v -0.11722083 0.34000000 -0.05682340
v -0.11588854 0.32720000 -0.04988854
v -0.11588854 0.32720000 -0.03011146
v -0.11588854 0.32720000 -0.04988854
v -0.10682339 0.31822333 -0.04000000
v -0.12200000 0.34000000 -0.04000000
v -0.11588854 0.32720000 -0.04988854
v -0.11588854 0.32720000 -0.03011146
v -0.11722083 0.34000000 -0.05682340
v -0.10600000 0.34791082 -0.06588855
v -0.10600000 0.33208916 -0.06588855
v -0.10600000 0.34791082 -0.06588855
v -0.09000000 0.35345870 -0.06722083
v -0.09000000 0.34000000 -0.07200000
v -0.10600000 0.33208916 -0.06588855
v -0.09000000 0.34000000 -0.07200000
v -0.09000000 0.32654127 -0.06722083
v -0.10600000 0.34791082 -0.06588855
v -0.09000000 0.34000000 -0.07200000
v -0.10600000 0.33208916 -0.06588855
v -0.09000000 0.35345870 -0.06722083
v -0.08011146 0.36071083 -0.05600000
v -0.07400000 0.34791082 -0.06588855
v -0.08011146 0.36071083 -0.05600000
v -0.07317661 0.36177665 -0.04000000
v -0.06411146 0.35280001 -0.04988854
v -0.07400000 0.34791082 -0.06588855
v -0.06411146 0.35280001 -0.04988854
v -0.06277917 0.34000000 -0.05682340
v -0.08011146 0.36071083 -0.05600000
v -0.06411146 0.35280001 -0.04988854
v -0.07400000 0.34791082 -0.06588855
v -0.07317661 0.31822333 -0.04000000
v -0.06411146 0.32720000 -0.03011146
v -0.08011146 0.31928918 -0.02400000
v -0.06411146 0.32720000 -0.03011146
v -0.06277917 0.34000000 -0.02317660
v -0.07400000 0.33208916 -0.01411146
v -0.08011146 0.31928918 -0.02400000
v -0.07400000 0.33208916 -0.01411146
v -0.09000000 0.32654127 -0.01277917
v -0.06411146 0.32720000 -0.03011146
v -0.07400000 0.33208916 -0.01411146
v -0.08011146 0.31928918 -0.02400000
v -0.07317661 0.31822333 -0.04000000
v -0.08011146 0.31928918 -0.02400000
v -0.09000000 0.31439999 -0.04000000
v -0.08011146 0.31928918 -0.02400000
v -0.09000000 0.32654127 -0.01277917
v -0.09988854 0.31928918 -0.02400000
v -0.09000000 0.31439999 -0.04000000
v -0.09988854 0.31928918 -0.02400000
v -0.10682339 0.31822333 -0.04000000
v -0.08011146 0.31928918 -0.02400000
v -0.09988854 0.31928918 -0.02400000
v -0.09000000 0.31439999 -0.04000000
v -0.07317661 0.31822333 -0.04000000
v -0.09000000 0.31439999 -0.04000000
v -0.08011146 0.31928918 -0.05600000
v -0.09000000 0.31439999 -0.04000000
v -0.10682339 0.31822333 -0.04000000
v -0.09988854 0.31928918 -0.05600000
v -0.08011146 0.31928918 -0.05600000
v -0.09988854 0.31928918 -0.05600000
v -0.09000000 0.32654127 -0.06722083
v -0.09000000 0.31439999 -0.04000000
v -0.09988854 0.31928918 -0.05600000
v -0.08011146 0.31928918 -0.05600000
v -0.07317661 0.31822333 -0.04000000
v -0.08011146 0.31928918 -0.05600000
v -0.06411146 0.32720000 -0.04988854
v -0.08011146 0.31928918 -0.05600000
v -0.09000000 0.32654127 -0.06722083
v -0.07400000 0.33208916 -0.06588855
v -0.06411146 0.32720000 -0.04988854
v -0.07400000 0.33208916 -0.06588855
v -0.06277917 0.34000000 -0.05682340
v -0.08011146 0.31928918 -0.05600000
v -0.07400000 0.33208916 -0.06588855
v -0.06411146 0.32720000 -0.04988854
v -0.07317661 0.31822333 -0.04000000
v -0.06411146 0.32720000 -0.04988854
v -0.06411146 0.32720000 -0.03011146
v -0.06411146 0.32720000 -0.04988854
v -0.06277917 0.34000000 -0.05682340
v -0.05800000 0.34000000 -0.04000000
v -0.06411146 0.32720000 -0.03011146
v -0.05800000 0.34000000 -0.04000000
v -0.06277917 0.34000000 -0.02317660
v -0.06411146 0.32720000 -0.04988854
v -0.05800000 0.34000000 -0.04000000
v -0.06411146 0.32720000 -0.03011146
v -0.09000000 0.32654127 -0.01277917
v -0.07400000 0.33208916 -0.01411146
v -0.09000000 0.34000000 -0.00800000
v -0.07400000 0.33208916 -0.01411146
v -0.06277917 0.34000000 -0.02317660
v -0.07400000 0.34791082 -0.01411146
v -0.09000000 0.34000000 -0.00800000
v -0.07400000 0.34791082 -0.01411146
v -0.09000000 0.35345870 -0.01277917
v -0.07400000 0.33208916 -0.01411146
v -0.07400000 0.34791082 -0.01411146
v -0.09000000 0.34000000 -0.00800000
v -0.10682339 0.31822333 -0.04000000
v -0.09988854 0.31928918 -0.02400000
v -0.11588854 0.32720000 -0.03011146
v -0.09988854 0.31928918 -0.02400000
v -0.09000000 0.32654127 -0.01277917
v -0.10600000 0.33208916 -0.01411146
v -0.11588854 0.32720000 -0.03011146
v -0.10600000 0.33208916 -0.01411146
v -0.11722083 0.34000000 -0.02317660
v -0.09988854 0.31928918 -0.02400000
v -0.10600000 0.33208916 -0.01411146
v -0.11588854 0.32720000 -0.03011146
v -0.09000000 0.32654127 -0.06722083
v -0.09988854 0.31928918 -0.05600000
v -0.10600000 0.33208916 -0.06588855
v -0.09988854 0.31928918 -0.05600000
v -0.10682339 0.31822333 -0.04000000
v -0.11588854 0.32720000 -0.04988854
v -0.10600000 0.33208916 -0.06588855
v -0.11588854 0.32720000 -0.04988854
v -0.11722083 0.34000000 -0.05682340
v -0.09988854 0.31928918 -0.05600000
v -0.11588854 0.32720000 -0.04988854
v -0.10600000 0.33208916 -0.06588855
v -0.06277917 0.34000000 -0.05682340
v -0.07400000 0.33208916 -0.06588855
v -0.07400000 0.34791082 -0.06588855
v -0.07400000 0.33208916 -0.06588855
v -0.09000000 0.32654127 -0.06722083
v -0.09000000 0.34000000 -0.07200000
v -0.07400000 0.34791082 -0.06588855
v -0.09000000 0.34000000 -0.07200000
v -0.09000000 0.35345870 -0.06722083
v -0.07400000 0.33208916 -0.06588855
v -0.09000000 0.34000000 -0.07200000
v -0.07400000 0.34791082 -0.06588855
v -0.06277917 0.34000000 -0.02317660
v -0.05800000 0.34000000 -0.04000000
v -0.06411146 0.35280001 -0.03011146
v -0.05800000 0.34000000 -0.04000000
v -0.06277917 0.34000000 -0.05682340
v -0.06411146 0.35280001 -0.04988854
v -0.06411146 0.35280001 -0.03011146
v -0.06411146 0.35280001 -0.04988854
v -0.07317661 0.36177665 -0.04000000
v -0.05800000 0.34000000 -0.04000000
v -0.06411146 0.35280001 -0.04988854
v -0.06411146 0.35280001 -0.03011146
f 721 722 723
f 724 725 726
f 727 728 729
f 730 731 732
f 733 734 735
f 736 737 738
f 739 740 741
f 742 743 744
f 745 746 747
f 748 749 750
f 751 752 753
f 754 755 756
f 757 758 759
f 760 761 762
f 763 764 765
f 766 767 768
f 769 770 771
f 772 773 774
f 775 776 777
f 778 779 780
f 781 782 783
f 784 785 786
f 787 788 789
f 790 791 792
f 793 794 795
f 796 797 798
f 799 800 801
f 802 803 804
f 805 806 807
f 808 809 810
f 811 812 813
f 814 815 816
f 817 818 819
f 820 821 822
f 823 824 825
f 826 827 828
f 829 830 831
f 832 833 834
f 835 836 837
f 838 839 840
f 841 842 843
f 844 845 846
f 847 848 849
f 850 851 852
f 853 854 855
f 856 857 858
f 859 860 861
f 862 863 864
f 865 866 867
f 868 869 870
f 871 872 873
f 874 875 876
f 877 878 879
f 880 881 882
f 883 884 885
f 886 887 888
f 889 890 891
f 892 893 894
f 895 896 897
f 898 899 900
f 901 902 903
f 904 905 906
f 907 908 909
f 910 911 912
f 913 914 915
f 916 917 918
f 919 920 921
f 922 923 924
f 925 926 927
f 928 929 930
f 931 932 933
f 934 935 936
f 937 938 939
f 940 941 942
f 943 944 945
f 946 947 948
f 949 950 951
f 952 953 954
f 955 956 957
f 958 959 960

o geometry_55
usemtl material_4
v -0.20152332 0.03818795 0.35635629
v -0.18083443 0.03280909 0.39891547
v -0.22256954 0.03201148 0.37598535
v -0.20152332 0.03818795 0.35635629
v -0.22256954 0.03201148 0.37598535
v -0.20293897 0.04990508 0.35852534
v -0.20293897 0.04990508 0.35852534
v -0.22256954 0.03201148 0.37598535
v -0.22398520 0.04372861 0.37815443
v -0.20293897 0.04990508 0.35852534
v -0.22398520 0.04372861 0.37815443
v -0.18225008 0.04452622 0.40108451
v -0.22256954 0.03201148 0.37598535
v -0.18083443 0.03280909 0.39891547
v -0.22767438 0.02613966 0.40437296
v -0.22256954 0.03201148 0.37598535
v -0.22767438 0.02613966 0.40437296
v -0.22398520 0.04372861 0.37815443
v -0.22398520 0.04372861 0.37815443
v -0.22767438 0.02613966 0.40437296
v -0.22909003 0.03785679 0.40654200
v -0.22398520 0.04372861 0.37815443
v -0.22909003 0.03785679 0.40654200
v -0.18225008 0.04452622 0.40108451
v -0.22767438 0.02613966 0.40437296
v -0.18083443 0.03280909 0.39891547
v -0.21488795 0.02281534 0.43067598
v -0.22767438 0.02613966 0.40437296
v -0.21488795 0.02281534 0.43067598
v -0.22909003 0.03785679 0.40654200
v -0.22909003 0.03785679 0.40654200
v -0.21488795 0.02281534 0.43067598
v -0.21630360 0.03453247 0.43284503
v -0.22909003 0.03785679 0.40654200
v -0.21630360 0.03453247 0.43284503
v -0.18225008 0.04452622 0.40108451
v -0.21488795 0.02281534 0.43067598
v -0.18083443 0.03280909 0.39891547
v -0.18909423 0.02330829 0.44484755
v -0.21488795 0.02281534 0.43067598
v -0.18909423 0.02330829 0.44484755
v -0.21630360 0.03453247 0.43284503
v -0.21630360 0.03453247 0.43284503
v -0.18909423 0.02330829 0.44484755
v -0.19050989 0.03502542 0.44701663
v -0.21630360 0.03453247 0.43284503
v -0.19050989 0.03502542 0.44701663
v -0.18225008 0.04452622 0.40108451
v -0.18909423 0.02330829 0.44484755
v -0.18083443 0.03280909 0.39891547
v -0.16014555 0.02743023 0.44147465
v -0.18909423 0.02330829 0.44484755
v -0.16014555 0.02743023 0.44147465
v -0.19050989 0.03502542 0.44701663
v -0.19050989 0.03502542 0.44701663
v -0.16014555 0.02743023 0.44147465
v -0.16156121 0.03914735 0.44364372
v -0.19050989 0.03502542 0.44701663
v -0.16156121 0.03914735 0.44364372
v -0.18225008 0.04452622 0.40108451
v -0.16014555 0.02743023 0.44147465
v -0.18083443 0.03280909 0.39891547
v -0.13909931 0.03360670 0.42184559
v -0.16014555 0.02743023 0.44147465
v -0.13909931 0.03360670 0.42184559
v -0.16156121 0.03914735 0.44364372
v -0.16156121 0.03914735 0.44364372
v -0.13909931 0.03360670 0.42184559
v -0.14051497 0.04532383 0.42401463
v -0.16156121 0.03914735 0.44364372
v -0.14051497 0.04532383 0.42401463
v -0.18225008 0.04452622 0.40108451
v -0.13909931 0.03360670 0.42184559
v -0.18083443 0.03280909 0.39891547
v -0.13399449 0.03947851 0.39345801
v -0.13909931 0.03360670 0.42184559
v -0.13399449 0.03947851 0.39345801
v -0.14051497 0.04532383 0.42401463
v -0.14051497 0.04532383 0.42401463
v -0.13399449 0.03947851 0.39345801
v -0.13541013 0.05119565 0.39562705
v -0.14051497 0.04532383 0.42401463
v -0.13541013 0.05119565 0.39562705
v -0.18225008 0.04452622 0.40108451
v -0.13399449 0.03947851 0.39345801
v -0.18083443 0.03280909 0.39891547
v -0.14678092 0.04280284 0.36715499
v -0.13399449 0.03947851 0.39345801
v -0.14678092 0.04280284 0.36715499
v -0.13541013 0.05119565 0.39562705
v -0.13541013 0.05119565 0.39562705
v -0.14678092 0.04280284 0.36715499
v -0.14819656 0.05451997 0.36932403
v -0.13541013 0.05119565 0.39562705
v -0.14819656 0.05451997 0.36932403
v -0.18225008 0.04452622 0.40108451
v -0.14678092 0.04280284 0.36715499
v -0.18083443 0.03280909 0.39891547
v -0.17257464 0.04230989 0.35298339
v -0.14678092 0.04280284 0.36715499
v -0.17257464 0.04230989 0.35298339
v -0.14819656 0.05451997 0.36932403
v -0.14819656 0.05451997 0.36932403
v -0.17257464 0.04230989 0.35298339
v -0.17399029 0.05402702 0.35515243
v -0.14819656 0.05451997 0.36932403
v -0.17399029 0.05402702 0.35515243
v -0.18225008 0.04452622 0.40108451
v -0.17257464 0.04230989 0.35298339
v -0.18083443 0.03280909 0.39891547
v -0.20152332 0.03818795 0.35635629
v -0.17257464 0.04230989 0.35298339
v -0.20152332 0.03818795 0.35635629
v -0.17399029 0.05402702 0.35515243
v -0.17399029 0.05402702 0.35515243
v -0.20152332 0.03818795 0.35635629
v -0.20293897 0.04990508 0.35852534
v -0.17399029 0.05402702 0.35515243
v -0.20293897 0.04990508 0.35852534
v -0.18225008 0.04452622 0.40108451
f 961 962 963
f 964 965 966
f 967 968 969
f 970 971 972
f 973 974 975
f 976 977 978
f 979 980 981
f 982 983 984
f 985 986 987
f 988 989 990
f 991 992 993
f 994 995 996
f 997 998 999
f 1000 1001 1002
f 1003 1004 1005
f 1006 1007 1008
f 1009 1010 1011
f 1012 1013 1014
f 1015 1016 1017
f 1018 1019 1020
f 1021 1022 1023
f 1024 1025 1026
f 1027 1028 1029
f 1030 1031 1032
f 1033 1034 1035
f 1036 1037 1038
f 1039 1040 1041
f 1042 1043 1044
f 1045 1046 1047
f 1048 1049 1050
f 1051 1052 1053
f 1054 1055 1056
f 1057 1058 1059
f 1060 1061 1062
f 1063 1064 1065
f 1066 1067 1068
f 1069 1070 1071
f 1072 1073 1074
f 1075 1076 1077
f 1078 1079 1080

o geometry_54
usemtl material_5
v -0.19924641 0.07583134 0.40834033
v -0.19773114 0.07275312 0.36906996
v -0.17607599 0.07884474 0.40144095
v -0.19924641 0.07583134 0.40834033
v -0.17607599 0.07884474 0.40144095
v -0.20108014 0.08764841 0.40734330
v -0.20108014 0.08764841 0.40734330
v -0.17607599 0.07884474 0.40144095
v -0.17790973 0.09066182 0.40044391
v -0.20108014 0.08764841 0.40734330
v -0.17790973 0.09066182 0.40044391
v -0.19956489 0.08457019 0.36807290
v -0.17607599 0.07884474 0.40144095
v -0.19773114 0.07275312 0.36906996
v -0.16117711 0.07953135 0.38217694
v -0.17607599 0.07884474 0.40144095
v -0.16117711 0.07953135 0.38217694
v -0.17790973 0.09066182 0.40044391
v -0.17790973 0.09066182 0.40044391
v -0.16117711 0.07953135 0.38217694
v -0.16301085 0.09134842 0.38117990
v -0.17790973 0.09066182 0.40044391
v -0.16301085 0.09134842 0.38117990
v -0.19956489 0.08457019 0.36807290
v -0.16117711 0.07953135 0.38217694
v -0.19773114 0.07275312 0.36906996
v -0.16024062 0.07762890 0.35790649
v -0.16117711 0.07953135 0.38217694
v -0.16024062 0.07762890 0.35790649
v -0.16301085 0.09134842 0.38117990
v -0.16301085 0.09134842 0.38117990
v -0.16024062 0.07762890 0.35790649
v -0.16207437 0.08944598 0.35690945
v -0.16301085 0.09134842 0.38117990
v -0.16207437 0.08944598 0.35690945
v -0.19956489 0.08457019 0.36807290
v -0.16024062 0.07762890 0.35790649
v -0.19773114 0.07275312 0.36906996
v -0.17362425 0.07386407 0.33790013
v -0.16024062 0.07762890 0.35790649
v -0.17362425 0.07386407 0.33790013
v -0.16207437 0.08944598 0.35690945
v -0.16207437 0.08944598 0.35690945
v -0.17362425 0.07386407 0.33790013
v -0.17545798 0.08568115 0.33690310
v -0.16207437 0.08944598 0.35690945
v -0.17545798 0.08568115 0.33690310
v -0.19956489 0.08457019 0.36807290
v -0.17362425 0.07386407 0.33790013
v -0.19773114 0.07275312 0.36906996
v -0.19621587 0.06967489 0.32979956
v -0.17362425 0.07386407 0.33790013
v -0.19621587 0.06967489 0.32979956
v -0.17545798 0.08568115 0.33690310
v -0.17545798 0.08568115 0.33690310
v -0.19621587 0.06967489 0.32979956
v -0.19804962 0.08149197 0.32880253
v -0.17545798 0.08568115 0.33690310
v -0.19804962 0.08149197 0.32880253
v -0.19956489 0.08457019 0.36807290
v -0.19621587 0.06967489 0.32979956
v -0.19773114 0.07275312 0.36906996
v -0.21938628 0.06666149 0.33669895
v -0.19621587 0.06967489 0.32979956
v -0.21938628 0.06666149 0.33669895
v -0.19804962 0.08149197 0.32880253
v -0.19804962 0.08149197 0.32880253
v -0.21938628 0.06666149 0.33669895
v -0.22122003 0.07847857 0.33570191
v -0.19804962 0.08149197 0.32880253
v -0.22122003 0.07847857 0.33570191
v -0.19956489 0.08457019 0.36807290
v -0.21938628 0.06666149 0.33669895
v -0.19773114 0.07275312 0.36906996
v -0.23428516 0.06597488 0.35596296
v -0.21938628 0.06666149 0.33669895
v -0.23428516 0.06597488 0.35596296
v -0.22122003 0.07847857 0.33570191
v -0.22122003 0.07847857 0.33570191
v -0.23428516 0.06597488 0.35596296
v -0.23611891 0.07779196 0.35496593
v -0.22122003 0.07847857 0.33570191
v -0.23611891 0.07779196 0.35496593
v -0.19956489 0.08457019 0.36807290
v -0.23428516 0.06597488 0.35596296
v -0.19773114 0.07275312 0.36906996
v -0.23522165 0.06787733 0.38023341
v -0.23428516 0.06597488 0.35596296
v -0.23522165 0.06787733 0.38023341
v -0.23611891 0.07779196 0.35496593
v -0.23611891 0.07779196 0.35496593
v -0.23522165 0.06787733 0.38023341
v -0.23705539 0.07969441 0.37923634
v -0.23611891 0.07779196 0.35496593
v -0.23705539 0.07969441 0.37923634
v -0.19956489 0.08457019 0.36807290
v -0.23522165 0.06787733 0.38023341
v -0.19773114 0.07275312 0.36906996
v -0.22183804 0.07164216 0.40023977
v -0.23522165 0.06787733 0.38023341
v -0.22183804 0.07164216 0.40023977
v -0.23705539 0.07969441 0.37923634
v -0.23705539 0.07969441 0.37923634
v -0.22183804 0.07164216 0.40023977
v -0.22367178 0.08345924 0.39924273
v -0.23705539 0.07969441 0.37923634
v -0.22367178 0.08345924 0.39924273
v -0.19956489 0.08457019 0.36807290
v -0.22183804 0.07164216 0.40023977
v -0.19773114 0.07275312 0.36906996
v -0.19924641 0.07583134 0.40834033
v -0.22183804 0.07164216 0.40023977
v -0.19924641 0.07583134 0.40834033
v -0.22367178 0.08345924 0.39924273
v -0.22367178 0.08345924 0.39924273
v -0.19924641 0.07583134 0.40834033
v -0.20108014 0.08764841 0.40734330
v -0.22367178 0.08345924 0.39924273
v -0.20108014 0.08764841 0.40734330
v -0.19956489 0.08457019 0.36807290
f 1081 1082 1083
f 1084 1085 1086
f 1087 1088 1089
f 1090 1091 1092
f 1093 1094 1095
f 1096 1097 1098
f 1099 1100 1101
f 1102 1103 1104
f 1105 1106 1107
f 1108 1109 1110
f 1111 1112 1113
f 1114 1115 1116
f 1117 1118 1119
f 1120 1121 1122
f 1123 1124 1125
f 1126 1127 1128
f 1129 1130 1131
f 1132 1133 1134
f 1135 1136 1137
f 1138 1139 1140
f 1141 1142 1143
f 1144 1145 1146
f 1147 1148 1149
f 1150 1151 1152
f 1153 1154 1155
f 1156 1157 1158
f 1159 1160 1161
f 1162 1163 1164
f 1165 1166 1167
f 1168 1169 1170
f 1171 1172 1173
f 1174 1175 1176
f 1177 1178 1179
f 1180 1181 1182
f 1183 1184 1185
f 1186 1187 1188
f 1189 1190 1191
f 1192 1193 1194
f 1195 1196 1197
f 1198 1199 1200

o geometry_53
usemtl material_4
v -0.02824195 0.11135597 0.33122092
v -0.07059929 0.11430891 0.33679861
v -0.03949523 0.11360072 0.30737054
v -0.02824195 0.11135597 0.33122092
v -0.03949523 0.11360072 0.30737054
v -0.02731857 0.12330057 0.33190945
v -0.02731857 0.12330057 0.33190945
v -0.03949523 0.11360072 0.30737054
v -0.03857185 0.12554531 0.30805907
v -0.02731857 0.12330057 0.33190945
v -0.03857185 0.12554531 0.30805907
v -0.06967591 0.12625350 0.33748713
v -0.03949523 0.11360072 0.30737054
v -0.07059929 0.11430891 0.33679861
v -0.06262919 0.11611596 0.29476067
v -0.03949523 0.11360072 0.30737054
v -0.06262919 0.11611596 0.29476067
v -0.03857185 0.12554531 0.30805907
v -0.03857185 0.12554531 0.30805907
v -0.06262919 0.11611596 0.29476067
v -0.06170581 0.12806055 0.29544920
v -0.03857185 0.12554531 0.30805907
v -0.06170581 0.12806055 0.29544920
v -0.06967591 0.12625350 0.33748713
v -0.06262919 0.11611596 0.29476067
v -0.07059929 0.11430891 0.33679861
v -0.08880746 0.11794098 0.29820788
v -0.06262919 0.11611596 0.29476067
v -0.08880746 0.11794098 0.29820788
v -0.06170581 0.12806055 0.29544920
v -0.06170581 0.12806055 0.29544920
v -0.08880746 0.11794098 0.29820788
v -0.08788408 0.12988557 0.29889640
v -0.06170581 0.12806055 0.29544920
v -0.08788408 0.12988557 0.29889640
v -0.06967591 0.12625350 0.33748713
v -0.08880746 0.11794098 0.29820788
v -0.07059929 0.11430891 0.33679861
v -0.10803083 0.11837866 0.31639540
v -0.08880746 0.11794098 0.29820788
v -0.10803083 0.11837866 0.31639540
v -0.08788408 0.12988557 0.29889640
v -0.08788408 0.12988557 0.29889640
v -0.10803083 0.11837866 0.31639540
v -0.10710745 0.13032326 0.31708393
v -0.08788408 0.12988557 0.29889640
v -0.10710745 0.13032326 0.31708393
v -0.06967591 0.12625350 0.33748713
v -0.10803083 0.11837866 0.31639540
v -0.07059929 0.11430891 0.33679861
v -0.11295662 0.11726184 0.34237626
v -0.10803083 0.11837866 0.31639540
v -0.11295662 0.11726184 0.34237626
v -0.10710745 0.13032326 0.31708393
v -0.10710745 0.13032326 0.31708393
v -0.11295662 0.11726184 0.34237626
v -0.11203324 0.12920643 0.34306479
v -0.10710745 0.13032326 0.31708393
v -0.11203324 0.12920643 0.34306479
v -0.06967591 0.12625350 0.33748713
v -0.11295662 0.11726184 0.34237626
v -0.07059929 0.11430891 0.33679861
v -0.10170335 0.11501710 0.36622664
v -0.11295662 0.11726184 0.34237626
v -0.10170335 0.11501710 0.36622664
v -0.11203324 0.12920643 0.34306479
v -0.11203324 0.12920643 0.34306479
v -0.10170335 0.11501710 0.36622664
v -0.10077997 0.12696169 0.36691517
v -0.11203324 0.12920643 0.34306479
v -0.10077997 0.12696169 0.36691517
v -0.06967591 0.12625350 0.33748713
v -0.10170335 0.11501710 0.36622664
v -0.07059929 0.11430891 0.33679861
v -0.07856938 0.11250185 0.37883651
v -0.10170335 0.11501710 0.36622664
v -0.07856938 0.11250185 0.37883651
v -0.10077997 0.12696169 0.36691517
v -0.10077997 0.12696169 0.36691517
v -0.07856938 0.11250185 0.37883651
v -0.07764600 0.12444644 0.37952504
v -0.10077997 0.12696169 0.36691517
v -0.07764600 0.12444644 0.37952504
v -0.06967591 0.12625350 0.33748713
v -0.07856938 0.11250185 0.37883651
v -0.07059929 0.11430891 0.33679861
v -0.05239111 0.11067683 0.37538931
v -0.07856938 0.11250185 0.37883651
v -0.05239111 0.11067683 0.37538931
v -0.07764600 0.12444644 0.37952504
v -0.07764600 0.12444644 0.37952504
v -0.05239111 0.11067683 0.37538931
v -0.05146773 0.12262142 0.37607783
v -0.07764600 0.12444644 0.37952504
v -0.05146773 0.12262142 0.37607783
v -0.06967591 0.12625350 0.33748713
v -0.05239111 0.11067683 0.37538931
v -0.07059929 0.11430891 0.33679861
v -0.03316774 0.11023915 0.35720178
v -0.05239111 0.11067683 0.37538931
v -0.03316774 0.11023915 0.35720178
v -0.05146773 0.12262142 0.37607783
v -0.05146773 0.12262142 0.37607783
v -0.03316774 0.11023915 0.35720178
v -0.03224436 0.12218374 0.35789031
v -0.05146773 0.12262142 0.37607783
v -0.03224436 0.12218374 0.35789031
v -0.06967591 0.12625350 0.33748713
v -0.03316774 0.11023915 0.35720178
v -0.07059929 0.11430891 0.33679861
v -0.02824195 0.11135597 0.33122092
v -0.03316774 0.11023915 0.35720178
v -0.02824195 0.11135597 0.33122092
v -0.03224436 0.12218374 0.35789031
v -0.03224436 0.12218374 0.35789031
v -0.02824195 0.11135597 0.33122092
v -0.02731857 0.12330057 0.33190945
v -0.03224436 0.12218374 0.35789031
v -0.02731857 0.12330057 0.33190945
v -0.06967591 0.12625350 0.33748713
f 1201 1202 1203
f 1204 1205 1206
f 1207 1208 1209
f 1210 1211 1212
f 1213 1214 1215
f 1216 1217 1218
f 1219 1220 1221
f 1222 1223 1224
f 1225 1226 1227
f 1228 1229 1230
f 1231 1232 1233
f 1234 1235 1236
f 1237 1238 1239
f 1240 1241 1242
f 1243 1244 1245
f 1246 1247 1248
f 1249 1250 1251
f 1252 1253 1254
f 1255 1256 1257
f 1258 1259 1260
f 1261 1262 1263
f 1264 1265 1266
f 1267 1268 1269
f 1270 1271 1272
f 1273 1274 1275
f 1276 1277 1278
f 1279 1280 1281
f 1282 1283 1284
f 1285 1286 1287
f 1288 1289 1290
f 1291 1292 1293
f 1294 1295 1296
f 1297 1298 1299
f 1300 1301 1302
f 1303 1304 1305
f 1306 1307 1308
f 1309 1310 1311
f 1312 1313 1314
f 1315 1316 1317
f 1318 1319 1320

o geometry_52
usemtl material_5
v -0.18080358 0.14805152 0.26660869
v -0.18738841 0.15532692 0.30681270
v -0.20606360 0.14797312 0.27062136
v -0.18080358 0.14805152 0.26660869
v -0.20606360 0.14797312 0.27062136
v -0.18118916 0.15984242 0.26441184
v -0.18118916 0.15984242 0.26441184
v -0.20606360 0.14797312 0.27062136
v -0.20644918 0.15976401 0.26842451
v -0.18118916 0.15984242 0.26441184
v -0.20644918 0.15976401 0.26842451
v -0.18777397 0.16711780 0.30461586
v -0.20606360 0.14797312 0.27062136
v -0.18738841 0.15532692 0.30681270
v -0.22419032 0.15070362 0.28845790
v -0.20606360 0.14797312 0.27062136
v -0.22419032 0.15070362 0.28845790
v -0.20644918 0.15976401 0.26842451
v -0.20644918 0.15976401 0.26842451
v -0.22419032 0.15070362 0.28845790
v -0.22457591 0.16249451 0.28626105
v -0.20644918 0.15976401 0.26842451
v -0.22457591 0.16249451 0.28626105
v -0.18777397 0.16711780 0.30461586
v -0.22419032 0.15070362 0.28845790
v -0.18738841 0.15532692 0.30681270
v -0.22825997 0.15520006 0.31330538
v -0.22419032 0.15070362 0.28845790
v -0.22825997 0.15520006 0.31330538
v -0.22457591 0.16249451 0.28626105
v -0.22457591 0.16249451 0.28626105
v -0.22825997 0.15520006 0.31330538
v -0.22864553 0.16699097 0.31110850
v -0.22457591 0.16249451 0.28626105
v -0.22864553 0.16699097 0.31110850
v -0.18777397 0.16711780 0.30461586
v -0.22825997 0.15520006 0.31330538
v -0.18738841 0.15532692 0.30681270
v -0.21671805 0.15974496 0.33567286
v -0.22825997 0.15520006 0.31330538
v -0.21671805 0.15974496 0.33567286
v -0.22864553 0.16699097 0.31110850
v -0.22864553 0.16699097 0.31110850
v -0.21671805 0.15974496 0.33567286
v -0.21710363 0.17153586 0.33347601
v -0.22864553 0.16699097 0.31110850
v -0.21710363 0.17153586 0.33347601
v -0.18777397 0.16711780 0.30461586
v -0.21671805 0.15974496 0.33567286
v -0.18738841 0.15532692 0.30681270
v -0.19397321 0.16260232 0.34701675
v -0.21671805 0.15974496 0.33567286
v -0.19397321 0.16260232 0.34701675
v -0.21710363 0.17153586 0.33347601
v -0.21710363 0.17153586 0.33347601
v -0.19397321 0.16260232 0.34701675
v -0.19435880 0.17439321 0.34481987
v -0.21710363 0.17153586 0.33347601
v -0.19435880 0.17439321 0.34481987
v -0.18777397 0.16711780 0.30461586
v -0.19397321 0.16260232 0.34701675
v -0.18738841 0.15532692 0.30681270
v -0.16871320 0.16268072 0.34300405
v -0.19397321 0.16260232 0.34701675
v -0.16871320 0.16268072 0.34300405
v -0.19435880 0.17439321 0.34481987
v -0.19435880 0.17439321 0.34481987
v -0.16871320 0.16268072 0.34300405
v -0.16909878 0.17447160 0.34080720
v -0.19435880 0.17439321 0.34481987
v -0.16909878 0.17447160 0.34080720
v -0.18777397 0.16711780 0.30461586
v -0.16871320 0.16268072 0.34300405
v -0.18738841 0.15532692 0.30681270
v -0.15058649 0.15995021 0.32516751
v -0.16871320 0.16268072 0.34300405
v -0.15058649 0.15995021 0.32516751
v -0.16909878 0.17447160 0.34080720
v -0.16909878 0.17447160 0.34080720
v -0.15058649 0.15995021 0.32516751
v -0.15097205 0.17174111 0.32297066
v -0.16909878 0.17447160 0.34080720
v -0.15097205 0.17174111 0.32297066
v -0.18777397 0.16711780 0.30461586
v -0.15058649 0.15995021 0.32516751
v -0.18738841 0.15532692 0.30681270
v -0.14651684 0.15545377 0.30032006
v -0.15058649 0.15995021 0.32516751
v -0.14651684 0.15545377 0.30032006
v -0.15097205 0.17174111 0.32297066
v -0.15097205 0.17174111 0.32297066
v -0.14651684 0.15545377 0.30032006
v -0.14690241 0.16724466 0.29812321
v -0.15097205 0.17174111 0.32297066
v -0.14690241 0.16724466 0.29812321
v -0.18777397 0.16711780 0.30461586
v -0.14651684 0.15545377 0.30032006
v -0.18738841 0.15532692 0.30681270
v -0.15805875 0.15090887 0.27795258
v -0.14651684 0.15545377 0.30032006
v -0.15805875 0.15090887 0.27795258
v -0.14690241 0.16724466 0.29812321
v -0.14690241 0.16724466 0.29812321
v -0.15805875 0.15090887 0.27795258
v -0.15844433 0.16269976 0.27575573
v -0.14690241 0.16724466 0.29812321
v -0.15844433 0.16269976 0.27575573
v -0.18777397 0.16711780 0.30461586
v -0.15805875 0.15090887 0.27795258
v -0.18738841 0.15532692 0.30681270
v -0.18080358 0.14805152 0.26660869
v -0.15805875 0.15090887 0.27795258
v -0.18080358 0.14805152 0.26660869
v -0.15844433 0.16269976 0.27575573
v -0.15844433 0.16269976 0.27575573
v -0.18080358 0.14805152 0.26660869
v -0.18118916 0.15984242 0.26441184
v -0.15844433 0.16269976 0.27575573
v -0.18118916 0.15984242 0.26441184
v -0.18777397 0.16711780 0.30461586
f 1321 1322 1323
f 1324 1325 1326
f 1327 1328 1329
f 1330 1331 1332
f 1333 1334 1335
f 1336 1337 1338
f 1339 1340 1341
f 1342 1343 1344
f 1345 1346 1347
f 1348 1349 1350
f 1351 1352 1353
f 1354 1355 1356
f 1357 1358 1359
f 1360 1361 1362
f 1363 1364 1365
f 1366 1367 1368
f 1369 1370 1371
f 1372 1373 1374
f 1375 1376 1377
f 1378 1379 1380
f 1381 1382 1383
f 1384 1385 1386
f 1387 1388 1389
f 1390 1391 1392
f 1393 1394 1395
f 1396 1397 1398
f 1399 1400 1401
f 1402 1403 1404
f 1405 1406 1407
f 1408 1409 1410
f 1411 1412 1413
f 1414 1415 1416
f 1417 1418 1419
f 1420 1421 1422
f 1423 1424 1425
f 1426 1427 1428
f 1429 1430 1431
f 1432 1433 1434
f 1435 1436 1437
f 1438 1439 1440

o geometry_51
usemtl material_4
v 0.12655988 0.18893452 0.29944354
v 0.08822781 0.19734503 0.27301720
v 0.13542920 0.19424526 0.27209145
v 0.12655988 0.18893452 0.29944354
v 0.13542920 0.19424526 0.27209145
v 0.12737800 0.20063469 0.30198058
v 0.12737800 0.20063469 0.30198058
v 0.13542920 0.19424526 0.27209145
v 0.13624732 0.20594545 0.27462846
v 0.12737800 0.20063469 0.30198058
v 0.13624732 0.20594545 0.27462846
v 0.08904593 0.20904522 0.27555424
v 0.13542920 0.19424526 0.27209145
v 0.08822781 0.19734503 0.27301720
v 0.12626919 0.20074002 0.24509294
v 0.13542920 0.19424526 0.27209145
v 0.12626919 0.20074002 0.24509294
v 0.13624732 0.20594545 0.27462846
v 0.13624732 0.20594545 0.27462846
v 0.12626919 0.20074002 0.24509294
v 0.12708731 0.21244021 0.24762997
v 0.13624732 0.20594545 0.27462846
v 0.12708731 0.21244021 0.24762997
v 0.08904593 0.20904522 0.27555424
v 0.12626919 0.20074002 0.24509294
v 0.08822781 0.19734503 0.27301720
v 0.10257866 0.20593801 0.22876056
v 0.12626919 0.20074002 0.24509294
v 0.10257866 0.20593801 0.22876056
v 0.12708731 0.21244021 0.24762997
v 0.12708731 0.21244021 0.24762997
v 0.10257866 0.20593801 0.22876056
v 0.10339679 0.21763819 0.23129758
v 0.12708731 0.21244021 0.24762997
v 0.10339679 0.21763819 0.23129758
v 0.08904593 0.20904522 0.27555424
v 0.10257866 0.20593801 0.22876056
v 0.08822781 0.19734503 0.27301720
v 0.07340661 0.20785378 0.22933272
v 0.10257866 0.20593801 0.22876056
v 0.07340661 0.20785378 0.22933272
v 0.10339679 0.21763819 0.23129758
v 0.10339679 0.21763819 0.23129758
v 0.07340661 0.20785378 0.22933272
v 0.07422473 0.21955396 0.23186974
v 0.10339679 0.21763819 0.23129758
v 0.07422473 0.21955396 0.23186974
v 0.08904593 0.20904522 0.27555424
v 0.07340661 0.20785378 0.22933272
v 0.08822781 0.19734503 0.27301720
v 0.04989574 0.20575556 0.24659085
v 0.07340661 0.20785378 0.22933272
v 0.04989574 0.20575556 0.24659085
v 0.07422473 0.21955396 0.23186974
v 0.07422473 0.21955396 0.23186974
v 0.04989574 0.20575556 0.24659085
v 0.05071386 0.21745573 0.24912788
v 0.07422473 0.21955396 0.23186974
v 0.05071386 0.21745573 0.24912788
v 0.08904593 0.20904522 0.27555424
v 0.04989574 0.20575556 0.24659085
v 0.08822781 0.19734503 0.27301720
v 0.04102642 0.20044480 0.27394295
v 0.04989574 0.20575556 0.24659085
v 0.04102642 0.20044480 0.27394295
v 0.05071386 0.21745573 0.24912788
v 0.05071386 0.21745573 0.24912788
v 0.04102642 0.20044480 0.27394295
v 0.04184455 0.21214499 0.27647999
v 0.05071386 0.21745573 0.24912788
v 0.04184455 0.21214499 0.27647999
v 0.08904593 0.20904522 0.27555424
v 0.04102642 0.20044480 0.27394295
v 0.08822781 0.19734503 0.27301720
v 0.05018644 0.19395004 0.30094147
v 0.04102642 0.20044480 0.27394295
v 0.05018644 0.19395004 0.30094147
v 0.04184455 0.21214499 0.27647999
v 0.04184455 0.21214499 0.27647999
v 0.05018644 0.19395004 0.30094147
v 0.05100456 0.20565023 0.30347848
v 0.04184455 0.21214499 0.27647999
v 0.05100456 0.20565023 0.30347848
v 0.08904593 0.20904522 0.27555424
v 0.05018644 0.19395004 0.30094147
v 0.08822781 0.19734503 0.27301720
v 0.07387696 0.18875206 0.31727386
v 0.05018644 0.19395004 0.30094147
v 0.07387696 0.18875206 0.31727386
v 0.05100456 0.20565023 0.30347848
v 0.05100456 0.20565023 0.30347848
v 0.07387696 0.18875206 0.31727386
v 0.07469508 0.20045224 0.31981087
v 0.05100456 0.20565023 0.30347848
v 0.07469508 0.20045224 0.31981087
v 0.08904593 0.20904522 0.27555424
v 0.07387696 0.18875206 0.31727386
v 0.08822781 0.19734503 0.27301720
v 0.10304902 0.18683629 0.31670168
v 0.07387696 0.18875206 0.31727386
v 0.10304902 0.18683629 0.31670168
v 0.07469508 0.20045224 0.31981087
v 0.07469508 0.20045224 0.31981087
v 0.10304902 0.18683629 0.31670168
v 0.10386714 0.19853647 0.31923872
v 0.07469508 0.20045224 0.31981087
v 0.10386714 0.19853647 0.31923872
v 0.08904593 0.20904522 0.27555424
v 0.10304902 0.18683629 0.31670168
v 0.08822781 0.19734503 0.27301720
v 0.12655988 0.18893452 0.29944354
v 0.10304902 0.18683629 0.31670168
v 0.12655988 0.18893452 0.29944354
v 0.10386714 0.19853647 0.31923872
v 0.10386714 0.19853647 0.31923872
v 0.12655988 0.18893452 0.29944354
v 0.12737800 0.20063469 0.30198058
v 0.10386714 0.19853647 0.31923872
v 0.12737800 0.20063469 0.30198058
v 0.08904593 0.20904522 0.27555424
f 1441 1442 1443
f 1444 1445 1446
f 1447 1448 1449
f 1450 1451 1452
f 1453 1454 1455
f 1456 1457 1458
f 1459 1460 1461
f 1462 1463 1464
f 1465 1466 1467
f 1468 1469 1470
f 1471 1472 1473
f 1474 1475 1476
f 1477 1478 1479
f 1480 1481 1482
f 1483 1484 1485
f 1486 1487 1488
f 1489 1490 1491
f 1492 1493 1494
f 1495 1496 1497
f 1498 1499 1500
f 1501 1502 1503
f 1504 1505 1506
f 1507 1508 1509
f 1510 1511 1512
f 1513 1514 1515
f 1516 1517 1518
f 1519 1520 1521
f 1522 1523 1524
f 1525 1526 1527
f 1528 1529 1530
f 1531 1532 1533
f 1534 1535 1536
f 1537 1538 1539
f 1540 1541 1542
f 1543 1544 1545
f 1546 1547 1548
f 1549 1550 1551
f 1552 1553 1554
f 1555 1556 1557
f 1558 1559 1560

o geometry_50
usemtl material_5
v -0.03710341 0.22650142 0.26701835
v -0.00134768 0.23826331 0.24273875
v -0.01652867 0.23261870 0.28449985
v -0.03710341 0.22650142 0.26701835
v -0.01652867 0.23261870 0.28449985
v -0.04070704 0.23794509 0.26725516
v -0.04070704 0.23794509 0.26725516
v -0.01652867 0.23261870 0.28449985
v -0.02013230 0.24406238 0.28473663
v -0.04070704 0.23794509 0.26725516
v -0.02013230 0.24406238 0.28473663
v -0.00495131 0.24970700 0.24297553
v -0.01652867 0.23261870 0.28449985
v -0.00134768 0.23826331 0.24273875
v 0.00984469 0.24089202 0.28603002
v -0.01652867 0.23261870 0.28449985
v 0.00984469 0.24089202 0.28603002
v -0.02013230 0.24406238 0.28473663
v -0.02013230 0.24406238 0.28473663
v 0.00984469 0.24089202 0.28603002
v 0.00624107 0.25233570 0.28626680
v -0.02013230 0.24406238 0.28473663
v 0.00624107 0.25233570 0.28626680
v -0.00495131 0.24970700 0.24297553
v 0.00984469 0.24089202 0.28603002
v -0.00134768 0.23826331 0.24273875
v 0.03194295 0.24816129 0.27102441
v 0.00984469 0.24089202 0.28603002
v 0.03194295 0.24816129 0.27102441
v 0.00624107 0.25233570 0.28626680
v 0.00624107 0.25233570 0.28626680
v 0.03194295 0.24816129 0.27102441
v 0.02833933 0.25960496 0.27126119
v 0.00624107 0.25233570 0.28626680
v 0.02833933 0.25960496 0.27126119
v -0.00495131 0.24970700 0.24297553
v 0.03194295 0.24816129 0.27102441
v -0.00134768 0.23826331 0.24273875
v 0.04132532 0.25164983 0.24521461
v 0.03194295 0.24816129 0.27102441
v 0.04132532 0.25164983 0.24521461
v 0.02833933 0.25960496 0.27126119
v 0.02833933 0.25960496 0.27126119
v 0.04132532 0.25164983 0.24521461
v 0.03772169 0.26309353 0.24545141
v 0.02833933 0.25960496 0.27126119
v 0.03772169 0.26309353 0.24545141
v -0.00495131 0.24970700 0.24297553
v 0.04132532 0.25164983 0.24521461
v -0.00134768 0.23826331 0.24273875
v 0.03440805 0.25002521 0.21845914
v 0.04132532 0.25164983 0.24521461
v 0.03440805 0.25002521 0.21845914
v 0.03772169 0.26309353 0.24545141
v 0.03772169 0.26309353 0.24545141
v 0.03440805 0.25002521 0.21845914
v 0.03080443 0.26146889 0.21869592
v 0.03772169 0.26309353 0.24545141
v 0.03080443 0.26146889 0.21869592
v -0.00495131 0.24970700 0.24297553
v 0.03440805 0.25002521 0.21845914
v -0.00134768 0.23826331 0.24273875
v 0.01383331 0.24390793 0.20097764
v 0.03440805 0.25002521 0.21845914
v 0.01383331 0.24390793 0.20097764
v 0.03080443 0.26146889 0.21869592
v 0.03080443 0.26146889 0.21869592
v 0.01383331 0.24390793 0.20097764
v 0.01022968 0.25535160 0.20121443
v 0.03080443 0.26146889 0.21869592
v 0.01022968 0.25535160 0.20121443
v -0.00495131 0.24970700 0.24297553
v 0.01383331 0.24390793 0.20097764
v -0.00134768 0.23826331 0.24273875
v -0.01254006 0.23563460 0.19944747
v 0.01383331 0.24390793 0.20097764
v -0.01254006 0.23563460 0.19944747
v 0.01022968 0.25535160 0.20121443
v 0.01022968 0.25535160 0.20121443
v -0.01254006 0.23563460 0.19944747
v -0.01614368 0.24707827 0.19968426
v 0.01022968 0.25535160 0.20121443
v -0.01614368 0.24707827 0.19968426
v -0.00495131 0.24970700 0.24297553
v -0.01254006 0.23563460 0.19944747
v -0.00134768 0.23826331 0.24273875
v -0.03463832 0.22836535 0.21445310
v -0.01254006 0.23563460 0.19944747
v -0.03463832 0.22836535 0.21445310
v -0.01614368 0.24707827 0.19968426
v -0.01614368 0.24707827 0.19968426
v -0.03463832 0.22836535 0.21445310
v -0.03824194 0.23980902 0.21468988
v -0.01614368 0.24707827 0.19968426
v -0.03824194 0.23980902 0.21468988
v -0.00495131 0.24970700 0.24297553
v -0.03463832 0.22836535 0.21445310
v -0.00134768 0.23826331 0.24273875
v -0.04402068 0.22487678 0.24026288
v -0.03463832 0.22836535 0.21445310
v -0.04402068 0.22487678 0.24026288
v -0.03824194 0.23980902 0.21468988
v -0.03824194 0.23980902 0.21468988
v -0.04402068 0.22487678 0.24026288
v -0.04762431 0.23632047 0.24049968
v -0.03824194 0.23980902 0.21468988
v -0.04762431 0.23632047 0.24049968
v -0.00495131 0.24970700 0.24297553
v -0.04402068 0.22487678 0.24026288
v -0.00134768 0.23826331 0.24273875
v -0.03710341 0.22650142 0.26701835
v -0.04402068 0.22487678 0.24026288
v -0.03710341 0.22650142 0.26701835
v -0.04762431 0.23632047 0.24049968
v -0.04762431 0.23632047 0.24049968
v -0.03710341 0.22650142 0.26701835
v -0.04070704 0.23794509 0.26725516
v -0.04762431 0.23632047 0.24049968
v -0.04070704 0.23794509 0.26725516
v -0.00495131 0.24970700 0.24297553
f 1561 1562 1563
f 1564 1565 1566
f 1567 1568 1569
f 1570 1571 1572
f 1573 1574 1575
f 1576 1577 1578
f 1579 1580 1581
f 1582 1583 1584
f 1585 1586 1587
f 1588 1589 1590
f 1591 1592 1593
f 1594 1595 1596
f 1597 1598 1599
f 1600 1601 1602
f 1603 1604 1605
f 1606 1607 1608
f 1609 1610 1611
f 1612 1613 1614
f 1615 1616 1617
f 1618 1619 1620
f 1621 1622 1623
f 1624 1625 1626
f 1627 1628 1629
f 1630 1631 1632
f 1633 1634 1635
f 1636 1637 1638
f 1639 1640 1641
f 1642 1643 1644
f 1645 1646 1647
f 1648 1649 1650
f 1651 1652 1653
f 1654 1655 1656
f 1657 1658 1659
f 1660 1661 1662
f 1663 1664 1665
f 1666 1667 1668
f 1669 1670 1671
f 1672 1673 1674
f 1675 1676 1677
f 1678 1679 1680

o geometry_49
usemtl material_4
v -0.10007351 0.27352986 0.24100974
v -0.12293666 0.27823061 0.21103451
v -0.08680011 0.27323788 0.22164387
v -0.10007351 0.27352986 0.24100974
v -0.08680011 0.27323788 0.22164387
v -0.09866206 0.28542048 0.24179788
v -0.09866206 0.28542048 0.24179788
v -0.08680011 0.27323788 0.22164387
v -0.08538866 0.28512850 0.22243200
v -0.09866206 0.28542048 0.24179788
v -0.08538866 0.28512850 0.22243200
v -0.12152521 0.29012123 0.21182264
v -0.08680011 0.27323788 0.22164387
v -0.12293666 0.27823061 0.21103451
v -0.08732965 0.27485296 0.19822557
v -0.08680011 0.27323788 0.22164387
v -0.08732965 0.27485296 0.19822557
v -0.08538866 0.28512850 0.22243200
v -0.08538866 0.28512850 0.22243200
v -0.08732965 0.27485296 0.19822557
v -0.08591820 0.28674358 0.19901371
v -0.08538866 0.28512850 0.22243200
v -0.08591820 0.28674358 0.19901371
v -0.12152521 0.29012123 0.21182264
v -0.08732965 0.27485296 0.19822557
v -0.12293666 0.27823061 0.21103451
v -0.10145986 0.27775818 0.17969985
v -0.08732965 0.27485296 0.19822557
v -0.10145986 0.27775818 0.17969985
v -0.08591820 0.28674358 0.19901371
v -0.08591820 0.28674358 0.19901371
v -0.10145986 0.27775818 0.17969985
v -0.10004841 0.28964880 0.18048799
v -0.08591820 0.28674358 0.19901371
v -0.10004841 0.28964880 0.18048799
v -0.12152521 0.29012123 0.21182264
v -0.10145986 0.27775818 0.17969985
v -0.12293666 0.27823061 0.21103451
v -0.12379348 0.28084385 0.17314291
v -0.10145986 0.27775818 0.17969985
v -0.12379348 0.28084385 0.17314291
v -0.10004841 0.28964880 0.18048799
v -0.10004841 0.28964880 0.18048799
v -0.12379348 0.28084385 0.17314291
v -0.12238202 0.29273447 0.17393105
v -0.10004841 0.28964880 0.18048799
v -0.12238202 0.29273447 0.17393105
v -0.12152521 0.29012123 0.21182264
v -0.12379348 0.28084385 0.17314291
v -0.12293666 0.27823061 0.21103451
v -0.14579982 0.28293136 0.18105926
v -0.12379348 0.28084385 0.17314291
v -0.14579982 0.28293136 0.18105926
v -0.12238202 0.29273447 0.17393105
v -0.12238202 0.29273447 0.17393105
v -0.14579982 0.28293136 0.18105926
v -0.14438836 0.29482198 0.18184739
v -0.12238202 0.29273447 0.17393105
v -0.14438836 0.29482198 0.18184739
v -0.12152521 0.29012123 0.21182264
v -0.14579982 0.28293136 0.18105926
v -0.12293666 0.27823061 0.21103451
v -0.15907320 0.28322333 0.20042513
v -0.14579982 0.28293136 0.18105926
v -0.15907320 0.28322333 0.20042513
v -0.14438836 0.29482198 0.18184739
v -0.14438836 0.29482198 0.18184739
v -0.15907320 0.28322333 0.20042513
v -0.15766177 0.29511395 0.20121327
v -0.14438836 0.29482198 0.18184739
v -0.15766177 0.29511395 0.20121327
v -0.12152521 0.29012123 0.21182264
v -0.15907320 0.28322333 0.20042513
v -0.12293666 0.27823061 0.21103451
v -0.15854366 0.28160825 0.22384343
v -0.15907320 0.28322333 0.20042513
v -0.15854366 0.28160825 0.22384343
v -0.15766177 0.29511395 0.20121327
v -0.15766177 0.29511395 0.20121327
v -0.15854366 0.28160825 0.22384343
v -0.15713222 0.29349887 0.22463156
v -0.15766177 0.29511395 0.20121327
v -0.15713222 0.29349887 0.22463156
v -0.12152521 0.29012123 0.21182264
v -0.15854366 0.28160825 0.22384343
v -0.12293666 0.27823061 0.21103451
v -0.14441346 0.27870303 0.24236915
v -0.15854366 0.28160825 0.22384343
v -0.14441346 0.27870303 0.24236915
v -0.15713222 0.29349887 0.22463156
v -0.15713222 0.29349887 0.22463156
v -0.14441346 0.27870303 0.24236915
v -0.14300202 0.29059365 0.24315728
v -0.15713222 0.29349887 0.22463156
v -0.14300202 0.29059365 0.24315728
v -0.12152521 0.29012123 0.21182264
v -0.14441346 0.27870303 0.24236915
v -0.12293666 0.27823061 0.21103451
v -0.12207985 0.27561736 0.24892609
v -0.14441346 0.27870303 0.24236915
v -0.12207985 0.27561736 0.24892609
v -0.14300202 0.29059365 0.24315728
v -0.14300202 0.29059365 0.24315728
v -0.12207985 0.27561736 0.24892609
v -0.12066840 0.28750798 0.24971424
v -0.14300202 0.29059365 0.24315728
v -0.12066840 0.28750798 0.24971424
v -0.12152521 0.29012123 0.21182264
v -0.12207985 0.27561736 0.24892609
v -0.12293666 0.27823061 0.21103451
v -0.10007351 0.27352986 0.24100974
v -0.12207985 0.27561736 0.24892609
v -0.10007351 0.27352986 0.24100974
v -0.12066840 0.28750798 0.24971424
v -0.12066840 0.28750798 0.24971424
v -0.10007351 0.27352986 0.24100974
v -0.09866206 0.28542048 0.24179788
v -0.12066840 0.28750798 0.24971424
v -0.09866206 0.28542048 0.24179788
v -0.12152521 0.29012123 0.21182264
f 1681 1682 1683
f 1684 1685 1686
f 1687 1688 1689
f 1690 1691 1692
f 1693 1694 1695
f 1696 1697 1698
f 1699 1700 1701
f 1702 1703 1704
f 1705 1706 1707
f 1708 1709 1710
f 1711 1712 1713
f 1714 1715 1716
f 1717 1718 1719
f 1720 1721 1722
f 1723 1724 1725
f 1726 1727 1728
f 1729 1730 1731
f 1732 1733 1734
f 1735 1736 1737
f 1738 1739 1740
f 1741 1742 1743
f 1744 1745 1746
f 1747 1748 1749
f 1750 1751 1752
f 1753 1754 1755
f 1756 1757 1758
f 1759 1760 1761
f 1762 1763 1764
f 1765 1766 1767
f 1768 1769 1770
f 1771 1772 1773
f 1774 1775 1776
f 1777 1778 1779
f 1780 1781 1782
f 1783 1784 1785
f 1786 1787 1788
f 1789 1790 1791
f 1792 1793 1794
f 1795 1796 1797
f 1798 1799 1800

o geometry_48
usemtl material_5
v 0.16752069 0.32505378 0.13956025
v 0.14279929 0.32084507 0.17850293
v 0.14066745 0.33320957 0.13391630
v 0.16752069 0.32505378 0.13956025
v 0.14066745 0.33320957 0.13391630
v 0.17031702 0.33633277 0.14255437
v 0.17031702 0.33633277 0.14255437
v 0.14066745 0.33320957 0.13391630
v 0.14346379 0.34448856 0.13691042
v 0.17031702 0.33633277 0.14255437
v 0.14346379 0.34448856 0.13691042
v 0.14559561 0.33212408 0.18149707
v 0.14066745 0.33320957 0.13391630
v 0.14279929 0.32084507 0.17850293
v 0.11462851 0.33664256 0.14530292
v 0.14066745 0.33320957 0.13391630
v 0.11462851 0.33664256 0.14530292
v 0.14346379 0.34448856 0.13691042
v 0.14346379 0.34448856 0.13691042
v 0.11462851 0.33664256 0.14530292
v 0.11742484 0.34792155 0.14829704
v 0.14346379 0.34448856 0.13691042
v 0.11742484 0.34792155 0.14829704
v 0.14559561 0.33212408 0.18149707
v 0.11462851 0.33664256 0.14530292
v 0.14279929 0.32084507 0.17850293
v 0.09934984 0.33404145 0.16937083
v 0.11462851 0.33664256 0.14530292
v 0.09934984 0.33404145 0.16937083
v 0.11742484 0.34792155 0.14829704
v 0.11742484 0.34792155 0.14829704
v 0.09934984 0.33404145 0.16937083
v 0.10214617 0.34532043 0.17236495
v 0.11742484 0.34792155 0.14829704
v 0.10214617 0.34532043 0.17236495
v 0.14559561 0.33212408 0.18149707
v 0.09934984 0.33404145 0.16937083
v 0.14279929 0.32084507 0.17850293
v 0.10066738 0.32639974 0.19692689
v 0.09934984 0.33404145 0.16937083
v 0.10066738 0.32639974 0.19692689
v 0.10214617 0.34532043 0.17236495
v 0.10214617 0.34532043 0.17236495
v 0.10066738 0.32639974 0.19692689
v 0.10346371 0.33767876 0.19992101
v 0.10214617 0.34532043 0.17236495
v 0.10346371 0.33767876 0.19992101
v 0.14559561 0.33212408 0.18149707
v 0.10066738 0.32639974 0.19692689
v 0.14279929 0.32084507 0.17850293
v 0.11807787 0.31663638 0.21744563
v 0.10066738 0.32639974 0.19692689
v 0.11807787 0.31663638 0.21744563
v 0.10346371 0.33767876 0.19992101
v 0.10346371 0.33767876 0.19992101
v 0.11807787 0.31663638 0.21744563
v 0.12087420 0.32791537 0.22043975
v 0.10346371 0.33767876 0.19992101
v 0.12087420 0.32791537 0.22043975
v 0.14559561 0.33212408 0.18149707
v 0.11807787 0.31663638 0.21744563
v 0.14279929 0.32084507 0.17850293
v 0.14493111 0.30848059 0.22308958
v 0.11807787 0.31663638 0.21744563
v 0.14493111 0.30848059 0.22308958
v 0.12087420 0.32791537 0.22043975
v 0.12087420 0.32791537 0.22043975
v 0.14493111 0.30848059 0.22308958
v 0.14772744 0.31975958 0.22608370
v 0.12087420 0.32791537 0.22043975
v 0.14772744 0.31975958 0.22608370
v 0.14559561 0.33212408 0.18149707
v 0.14493111 0.30848059 0.22308958
v 0.14279929 0.32084507 0.17850293
v 0.17097005 0.30504760 0.21170296
v 0.14493111 0.30848059 0.22308958
v 0.17097005 0.30504760 0.21170296
v 0.14772744 0.31975958 0.22608370
v 0.14772744 0.31975958 0.22608370
v 0.17097005 0.30504760 0.21170296
v 0.17376639 0.31632659 0.21469708
v 0.14772744 0.31975958 0.22608370
v 0.17376639 0.31632659 0.21469708
v 0.14559561 0.33212408 0.18149707
v 0.17097005 0.30504760 0.21170296
v 0.14279929 0.32084507 0.17850293
v 0.18624872 0.30764872 0.18763505
v 0.17097005 0.30504760 0.21170296
v 0.18624872 0.30764872 0.18763505
v 0.17376639 0.31632659 0.21469708
v 0.17376639 0.31632659 0.21469708
v 0.18624872 0.30764872 0.18763505
v 0.18904506 0.31892771 0.19062917
v 0.17376639 0.31632659 0.21469708
v 0.18904506 0.31892771 0.19062917
v 0.14559561 0.33212408 0.18149707
v 0.18624872 0.30764872 0.18763505
v 0.14279929 0.32084507 0.17850293
v 0.18493119 0.31529039 0.16007899
v 0.18624872 0.30764872 0.18763505
v 0.18493119 0.31529039 0.16007899
v 0.18904506 0.31892771 0.19062917
v 0.18904506 0.31892771 0.19062917
v 0.18493119 0.31529039 0.16007899
v 0.18772751 0.32656938 0.16307312
v 0.18904506 0.31892771 0.19062917
v 0.18772751 0.32656938 0.16307312
v 0.14559561 0.33212408 0.18149707
v 0.18493119 0.31529039 0.16007899
v 0.14279929 0.32084507 0.17850293
v 0.16752069 0.32505378 0.13956025
v 0.18493119 0.31529039 0.16007899
v 0.16752069 0.32505378 0.13956025
v 0.18772751 0.32656938 0.16307312
v 0.18772751 0.32656938 0.16307312
v 0.16752069 0.32505378 0.13956025
v 0.17031702 0.33633277 0.14255437
v 0.18772751 0.32656938 0.16307312
v 0.17031702 0.33633277 0.14255437
v 0.14559561 0.33212408 0.18149707
f 1801 1802 1803
f 1804 1805 1806
f 1807 1808 1809
f 1810 1811 1812
f 1813 1814 1815
f 1816 1817 1818
f 1819 1820 1821
f 1822 1823 1824
f 1825 1826 1827
f 1828 1829 1830
f 1831 1832 1833
f 1834 1835 1836
f 1837 1838 1839
f 1840 1841 1842
f 1843 1844 1845
f 1846 1847 1848
f 1849 1850 1851
f 1852 1853 1854
f 1855 1856 1857
f 1858 1859 1860
f 1861 1862 1863
f 1864 1865 1866
f 1867 1868 1869
f 1870 1871 1872
f 1873 1874 1875
f 1876 1877 1878
f 1879 1880 1881
f 1882 1883 1884
f 1885 1886 1887
f 1888 1889 1890
f 1891 1892 1893
f 1894 1895 1896
f 1897 1898 1899
f 1900 1901 1902
f 1903 1904 1905
f 1906 1907 1908
f 1909 1910 1911
f 1912 1913 1914
f 1915 1916 1917
f 1918 1919 1920

o geometry_47
usemtl material_5
v -0.12617546 0.37485728 -0.02000000
v -0.16650732 0.36178008 0.00569953
v -0.10413326 0.37591481 0.02158271
v -0.16650732 0.36178008 0.00569953
v -0.19416408 0.34400001 0.02944272
v -0.14106846 0.36056080 0.04805207
v -0.10413326 0.37591481 0.02158271
v -0.14106846 0.36056080 0.04805207
v -0.07416408 0.37119350 0.06000000
v -0.16650732 0.36178008 0.00569953
v -0.14106846 0.36056080 0.04805207
v -0.10413326 0.37591481 0.02158271
v -0.19416408 0.34400001 0.02944272
v -0.20704043 0.32287049 0.04942217
v -0.16516583 0.33742863 0.07404564
v -0.20704043 0.32287049 0.04942217
v -0.20415619 0.30000001 0.06411698
v -0.16849114 0.31413475 0.09100488
v -0.16516583 0.33742863 0.07404564
v -0.16849114 0.31413475 0.09100488
v -0.12000000 0.32719350 0.10944272
v -0.20704043 0.32287049 0.04942217
v -0.16849114 0.31413475 0.09100488
v -0.16516583 0.33742863 0.07404564
v -0.07416408 0.37119350 0.06000000
v -0.10207810 0.35172510 0.09011056
v -0.03854929 0.36105269 0.09232743
v -0.10207810 0.35172510 0.09011056
v -0.12000000 0.32719350 0.10944272
v -0.06237406 0.33818218 0.11802696
v -0.03854929 0.36105269 0.09232743
v -0.06237406 0.33818218 0.11802696
v 0.00000000 0.34626433 0.11610413
v -0.10207810 0.35172510 0.09011056
v -0.06237406 0.33818218 0.11802696
v -0.03854929 0.36105269 0.09232743
v -0.19416408 0.34400001 0.02944272
v -0.16516583 0.33742863 0.07404564
v -0.14106846 0.36056080 0.04805207
v -0.16516583 0.33742863 0.07404564
v -0.12000000 0.32719350 0.10944272
v -0.10207810 0.35172510 0.09011056
v -0.14106846 0.36056080 0.04805207
v -0.10207810 0.35172510 0.09011056
v -0.07416408 0.37119350 0.06000000
v -0.16516583 0.33742863 0.07404564
v -0.10207810 0.35172510 0.09011056
v -0.14106846 0.36056080 0.04805207
v -0.12617546 0.37485728 -0.02000000
v -0.10413326 0.37591481 0.02158271
v -0.06558397 0.38465059 -0.02000000
v -0.10413326 0.37591481 0.02158271
v -0.07416408 0.37119350 0.06000000
v -0.03899036 0.38369298 0.02205849
v -0.06558397 0.38465059 -0.02000000
v -0.03899036 0.38369298 0.02205849
v 0.00000000 0.38800001 -0.02000000
v -0.10413326 0.37591481 0.02158271
v -0.03899036 0.38369298 0.02205849
v -0.06558397 0.38465059 -0.02000000
v -0.07416408 0.37119350 0.06000000
v -0.03854929 0.36105269 0.09232743
v 0.00000000 0.37485728 0.06411698
v -0.03854929 0.36105269 0.09232743
v 0.00000000 0.34626433 0.11610413
v 0.03854929 0.36105269 0.09232743
v 0.00000000 0.37485728 0.06411698
v 0.03854929 0.36105269 0.09232743
v 0.07416408 0.37119350 0.06000000
v -0.03854929 0.36105269 0.09232743
v 0.03854929 0.36105269 0.09232743
v 0.00000000 0.37485728 0.06411698
v 0.00000000 0.38800001 -0.02000000
v 0.03899036 0.38369298 0.02205849
v 0.06558397 0.38465059 -0.02000000
v 0.03899036 0.38369298 0.02205849
v 0.07416408 0.37119350 0.06000000
v 0.10413326 0.37591481 0.02158271
v 0.06558397 0.38465059 -0.02000000
v 0.10413326 0.37591481 0.02158271
v 0.12617546 0.37485728 -0.02000000
v 0.03899036 0.38369298 0.02205849
v 0.10413326 0.37591481 0.02158271
v 0.06558397 0.38465059 -0.02000000
v -0.07416408 0.37119350 0.06000000
v 0.00000000 0.37485728 0.06411698
v -0.03899036 0.38369298 0.02205849
v 0.00000000 0.37485728 0.06411698
v 0.07416408 0.37119350 0.06000000
v 0.03899036 0.38369298 0.02205849
v -0.03899036 0.38369298 0.02205849
v 0.03899036 0.38369298 0.02205849
v 0.00000000 0.38800001 -0.02000000
v 0.00000000 0.37485728 0.06411698
v 0.03899036 0.38369298 0.02205849
v -0.03899036 0.38369298 0.02205849
v -0.12617546 0.37485728 -0.02000000
v -0.06558397 0.38465059 -0.02000000
v -0.10413326 0.37591481 -0.06158271
v -0.06558397 0.38465059 -0.02000000
v 0.00000000 0.38800001 -0.02000000
v -0.03899036 0.38369298 -0.06205849
v -0.10413326 0.37591481 -0.06158271
v -0.03899036 0.38369298 -0.06205849
v -0.07416408 0.37119350 -0.10000000
v -0.06558397 0.38465059 -0.02000000
v -0.03899036 0.38369298 -0.06205849
v -0.10413326 0.37591481 -0.06158271
v 0.00000000 0.38800001 -0.02000000
v 0.06558397 0.38465059 -0.02000000
v 0.03899036 0.38369298 -0.06205849
v 0.06558397 0.38465059 -0.02000000
v 0.12617546 0.37485728 -0.02000000
v 0.10413326 0.37591481 -0.06158271
v 0.03899036 0.38369298 -0.06205849
v 0.10413326 0.37591481 -0.06158271
v 0.07416408 0.37119350 -0.10000000
v 0.06558397 0.38465059 -0.02000000
v 0.10413326 0.37591481 -0.06158271
v 0.03899036 0.38369298 -0.06205849
v -0.07416408 0.37119350 -0.10000000
v 0.00000000 0.37485728 -0.10411698
v -0.03854929 0.36105269 -0.13232744
v 0.00000000 0.37485728 -0.10411698
v 0.07416408 0.37119350 -0.10000000
v 0.03854929 0.36105269 -0.13232744
v -0.03854929 0.36105269 -0.13232744
v 0.03854929 0.36105269 -0.13232744
v 0.00000000 0.34626433 -0.15610413
v 0.00000000 0.37485728 -0.10411698
v 0.03854929 0.36105269 -0.13232744
v -0.03854929 0.36105269 -0.13232744
v 0.00000000 0.38800001 -0.02000000
v 0.03899036 0.38369298 -0.06205849
v -0.03899036 0.38369298 -0.06205849
v 0.03899036 0.38369298 -0.06205849
v 0.07416408 0.37119350 -0.10000000
v 0.00000000 0.37485728 -0.10411698
v -0.03899036 0.38369298 -0.06205849
v 0.00000000 0.37485728 -0.10411698
v -0.07416408 0.37119350 -0.10000000
v 0.03899036 0.38369298 -0.06205849
v 0.00000000 0.37485728 -0.10411698
v -0.03899036 0.38369298 -0.06205849
v -0.12617546 0.37485728 -0.02000000
v -0.10413326 0.37591481 -0.06158271
v -0.16650732 0.36178008 -0.04569953
v -0.10413326 0.37591481 -0.06158271
v -0.07416408 0.37119350 -0.10000000
v -0.14106846 0.36056080 -0.08805206
v -0.16650732 0.36178008 -0.04569953
v -0.14106846 0.36056080 -0.08805206
v -0.19416408 0.34400001 -0.06944272
v -0.10413326 0.37591481 -0.06158271
v -0.14106846 0.36056080 -0.08805206
v -0.16650732 0.36178008 -0.04569953
v -0.07416408 0.37119350 -0.10000000
v -0.03854929 0.36105269 -0.13232744
v -0.10207810 0.35172510 -0.13011055
v -0.03854929 0.36105269 -0.13232744
v 0.00000000 0.34626433 -0.15610413
v -0.06237406 0.33818218 -0.15802696
v -0.10207810 0.35172510 -0.13011055
v -0.06237406 0.33818218 -0.15802696
v -0.12000000 0.32719350 -0.14944272
v -0.03854929 0.36105269 -0.13232744
v -0.06237406 0.33818218 -0.15802696
v -0.10207810 0.35172510 -0.13011055
v -0.19416408 0.34400001 -0.06944272
v -0.16516583 0.33742863 -0.11404564
v -0.20704043 0.32287049 -0.08942217
v -0.16516583 0.33742863 -0.11404564
v -0.12000000 0.32719350 -0.14944272
v -0.16849114 0.31413475 -0.13100487
v -0.20704043 0.32287049 -0.08942217
v -0.16849114 0.31413475 -0.13100487
v -0.20415619 0.30000001 -0.10411698
v -0.16516583 0.33742863 -0.11404564
v -0.16849114 0.31413475 -0.13100487
v -0.20704043 0.32287049 -0.08942217
v -0.07416408 0.37119350 -0.10000000
v -0.10207810 0.35172510 -0.13011055
v -0.14106846 0.36056080 -0.08805206
v -0.10207810 0.35172510 -0.13011055
v -0.12000000 0.32719350 -0.14944272
v -0.16516583 0.33742863 -0.11404564
v -0.14106846 0.36056080 -0.08805206
v -0.16516583 0.33742863 -0.11404564
v -0.19416408 0.34400001 -0.06944272
v -0.10207810 0.35172510 -0.13011055
v -0.16516583 0.33742863 -0.11404564
v -0.14106846 0.36056080 -0.08805206
v -0.12617546 0.37485728 -0.02000000
v -0.16650732 0.36178008 -0.04569953
v -0.16650732 0.36178008 0.00569953
v -0.16650732 0.36178008 -0.04569953
v -0.19416408 0.34400001 -0.06944272
v -0.20415619 0.34626433 -0.02000000
v -0.16650732 0.36178008 0.00569953
v -0.20415619 0.34626433 -0.02000000
v -0.19416408 0.34400001 0.02944272
v -0.16650732 0.36178008 -0.04569953
v -0.20415619 0.34626433 -0.02000000
v -0.16650732 0.36178008 0.00569953
v -0.19416408 0.34400001 -0.06944272
v -0.20704043 0.32287049 -0.08942217
v -0.22825356 0.32313216 -0.04599357
v -0.20704043 0.32287049 -0.08942217
v -0.20415619 0.30000001 -0.10411698
v -0.23086521 0.30000001 -0.06372265
v -0.22825356 0.32313216 -0.04599357
v -0.23086521 0.30000001 -0.06372265
v -0.23999999 0.30000001 -0.02000000
v -0.20704043 0.32287049 -0.08942217
v -0.23086521 0.30000001 -0.06372265
v -0.22825356 0.32313216 -0.04599357
v -0.19416408 0.34400001 0.02944272
v -0.22825356 0.32313216 0.00599358
v -0.20704043 0.32287049 0.04942217
v -0.22825356 0.32313216 0.00599358
v -0.23999999 0.30000001 -0.02000000
v -0.23086521 0.30000001 0.02372264
v -0.20704043 0.32287049 0.04942217
v -0.23086521 0.30000001 0.02372264
v -0.20415619 0.30000001 0.06411698
v -0.22825356 0.32313216 0.00599358
v -0.23086521 0.30000001 0.02372264
v -0.20704043 0.32287049 0.04942217
v -0.19416408 0.34400001 -0.06944272
v -0.22825356 0.32313216 -0.04599357
v -0.20415619 0.34626433 -0.02000000
v -0.22825356 0.32313216 -0.04599357
v -0.23999999 0.30000001 -0.02000000
v -0.22825356 0.32313216 0.00599358
v -0.20415619 0.34626433 -0.02000000
v -0.22825356 0.32313216 0.00599358
v -0.19416408 0.34400001 0.02944272
v -0.22825356 0.32313216 -0.04599357
v -0.22825356 0.32313216 0.00599358
v -0.20415619 0.34626433 -0.02000000
v 0.12617546 0.37485728 -0.02000000
v 0.10413326 0.37591481 0.02158271
v 0.16650732 0.36178008 0.00569953
v 0.10413326 0.37591481 0.02158271
v 0.07416408 0.37119350 0.06000000
v 0.14106846 0.36056080 0.04805207
v 0.16650732 0.36178008 0.00569953
v 0.14106846 0.36056080 0.04805207
v 0.19416408 0.34400001 0.02944272
v 0.10413326 0.37591481 0.02158271
v 0.14106846 0.36056080 0.04805207
v 0.16650732 0.36178008 0.00569953
v 0.07416408 0.37119350 0.06000000
v 0.03854929 0.36105269 0.09232743
v 0.10207810 0.35172510 0.09011056
v 0.03854929 0.36105269 0.09232743
v 0.00000000 0.34626433 0.11610413
v 0.06237406 0.33818218 0.11802696
v 0.10207810 0.35172510 0.09011056
v 0.06237406 0.33818218 0.11802696
v 0.12000000 0.32719350 0.10944272
v 0.03854929 0.36105269 0.09232743
v 0.06237406 0.33818218 0.11802696
v 0.10207810 0.35172510 0.09011056
v 0.19416408 0.34400001 0.02944272
v 0.16516583 0.33742863 0.07404564
v 0.20704043 0.32287049 0.04942217
v 0.16516583 0.33742863 0.07404564
v 0.12000000 0.32719350 0.10944272
v 0.16849114 0.31413475 0.09100488
v 0.20704043 0.32287049 0.04942217
v 0.16849114 0.31413475 0.09100488
v 0.20415619 0.30000001 0.06411698
v 0.16516583 0.33742863 0.07404564
v 0.16849114 0.31413475 0.09100488
v 0.20704043 0.32287049 0.04942217
v 0.07416408 0.37119350 0.06000000
v 0.10207810 0.35172510 0.09011056
v 0.14106846 0.36056080 0.04805207
v 0.10207810 0.35172510 0.09011056
v 0.12000000 0.32719350 0.10944272
v 0.16516583 0.33742863 0.07404564
v 0.14106846 0.36056080 0.04805207
v 0.16516583 0.33742863 0.07404564
v 0.19416408 0.34400001 0.02944272
v 0.10207810 0.35172510 0.09011056
v 0.16516583 0.33742863 0.07404564
v 0.14106846 0.36056080 0.04805207
v 0.00000000 0.34626433 0.11610413
v -0.06237406 0.33818218 0.11802696
v 0.00000000 0.32404745 0.13391013
v -0.06237406 0.33818218 0.11802696
v -0.12000000 0.32719350 0.10944272
v -0.06308773 0.31429645 0.13216904
v 0.00000000 0.32404745 0.13391013
v -0.06308773 0.31429645 0.13216904
v 0.00000000 0.30000001 0.14000000
v -0.06237406 0.33818218 0.11802696
v -0.06308773 0.31429645 0.13216904
v 0.00000000 0.32404745 0.13391013
v -0.12000000 0.32719350 0.10944272
v -0.16849114 0.31413475 0.09100488
v -0.12617546 0.30000001 0.11610413
v -0.16849114 0.31413475 0.09100488
v -0.20415619 0.30000001 0.06411698
v -0.16849114 0.28586525 0.09100488
v -0.12617546 0.30000001 0.11610413
v -0.16849114 0.28586525 0.09100488
v -0.12000000 0.27280650 0.10944272
v -0.16849114 0.31413475 0.09100488
v -0.16849114 0.28586525 0.09100488
v -0.12617546 0.30000001 0.11610413
v 0.00000000 0.30000001 0.14000000
v -0.06308773 0.28570354 0.13216904
v 0.00000000 0.27595255 0.13391013
v -0.06308773 0.28570354 0.13216904
v -0.12000000 0.27280650 0.10944272
v -0.06237406 0.26181781 0.11802696
v 0.00000000 0.27595255 0.13391013
v -0.06237406 0.26181781 0.11802696
v 0.00000000 0.25373566 0.11610413
v -0.06308773 0.28570354 0.13216904
v -0.06237406 0.26181781 0.11802696
v 0.00000000 0.27595255 0.13391013
v -0.12000000 0.32719350 0.10944272
v -0.12617546 0.30000001 0.11610413
v -0.06308773 0.31429645 0.13216904
v -0.12617546 0.30000001 0.11610413
v -0.12000000 0.27280650 0.10944272
v -0.06308773 0.28570354 0.13216904
v -0.06308773 0.31429645 0.13216904
v -0.06308773 0.28570354 0.13216904
v 0.00000000 0.30000001 0.14000000
v -0.12617546 0.30000001 0.11610413
v -0.06308773 0.28570354 0.13216904
v -0.06308773 0.31429645 0.13216904
v -0.20415619 0.30000001 0.06411698
v -0.23086521 0.30000001 0.02372264
v -0.20704043 0.27712950 0.04942217
v -0.23086521 0.30000001 0.02372264
v -0.23999999 0.30000001 -0.02000000
v -0.22825356 0.27686784 0.00599358
v -0.20704043 0.27712950 0.04942217
v -0.22825356 0.27686784 0.00599358
v -0.19416408 0.25600001 0.02944272
v -0.23086521 0.30000001 0.02372264
v -0.22825356 0.27686784 0.00599358
v -0.20704043 0.27712950 0.04942217
v -0.23999999 0.30000001 -0.02000000
v -0.23086521 0.30000001 -0.06372265
v -0.22825356 0.27686784 -0.04599357
v -0.23086521 0.30000001 -0.06372265
v -0.20415619 0.30000001 -0.10411698
v -0.20704043 0.27712950 -0.08942217
v -0.22825356 0.27686784 -0.04599357
v -0.20704043 0.27712950 -0.08942217
v -0.19416408 0.25600001 -0.06944272
v -0.23086521 0.30000001 -0.06372265
v -0.20704043 0.27712950 -0.08942217
v -0.22825356 0.27686784 -0.04599357
v -0.19416408 0.25600001 0.02944272
v -0.20415619 0.25373566 -0.02000000
v -0.16650732 0.23821992 0.00569953
v -0.20415619 0.25373566 -0.02000000
v -0.19416408 0.25600001 -0.06944272
v -0.16650732 0.23821992 -0.04569953
v -0.16650732 0.23821992 0.00569953
v -0.16650732 0.23821992 -0.04569953
v -0.12617546 0.22514273 -0.02000000
v -0.20415619 0.25373566 -0.02000000
v -0.16650732 0.23821992 -0.04569953
v -0.16650732 0.23821992 0.00569953
v -0.23999999 0.30000001 -0.02000000
v -0.22825356 0.27686784 -0.04599357
v -0.22825356 0.27686784 0.00599358
v -0.22825356 0.27686784 -0.04599357
v -0.19416408 0.25600001 -0.06944272
v -0.20415619 0.25373566 -0.02000000
v -0.22825356 0.27686784 0.00599358
v -0.20415619 0.25373566 -0.02000000
v -0.19416408 0.25600001 0.02944272
v -0.22825356 0.27686784 -0.04599357
v -0.20415619 0.25373566 -0.02000000
v -0.22825356 0.27686784 0.00599358
v -0.20415619 0.30000001 -0.10411698
v -0.16849114 0.31413475 -0.13100487
v -0.16849114 0.28586525 -0.13100487
v -0.16849114 0.31413475 -0.13100487
v -0.12000000 0.32719350 -0.14944272
v -0.12617546 0.30000001 -0.15610413
v -0.16849114 0.28586525 -0.13100487
v -0.12617546 0.30000001 -0.15610413
v -0.12000000 0.27280650 -0.14944272
v -0.16849114 0.31413475 -0.13100487
v -0.12617546 0.30000001 -0.15610413
v -0.16849114 0.28586525 -0.13100487
v -0.12000000 0.32719350 -0.14944272
v -0.06237406 0.33818218 -0.15802696
v -0.06308773 0.31429645 -0.17216904
v -0.06237406 0.33818218 -0.15802696
v 0.00000000 0.34626433 -0.15610413
v 0.00000000 0.32404745 -0.17391014
v -0.06308773 0.31429645 -0.17216904
v 0.00000000 0.32404745 -0.17391014
v 0.00000000 0.30000001 -0.18000001
v -0.06237406 0.33818218 -0.15802696
v 0.00000000 0.32404745 -0.17391014
v -0.06308773 0.31429645 -0.17216904
v -0.12000000 0.27280650 -0.14944272
v -0.06308773 0.28570354 -0.17216904
v -0.06237406 0.26181781 -0.15802696
v -0.06308773 0.28570354 -0.17216904
v 0.00000000 0.30000001 -0.18000001
v 0.00000000 0.27595255 -0.17391014
v -0.06237406 0.26181781 -0.15802696
v 0.00000000 0.27595255 -0.17391014
v 0.00000000 0.25373566 -0.15610413
v -0.06308773 0.28570354 -0.17216904
v 0.00000000 0.27595255 -0.17391014
v -0.06237406 0.26181781 -0.15802696
v -0.12000000 0.32719350 -0.14944272
v -0.06308773 0.31429645 -0.17216904
v -0.12617546 0.30000001 -0.15610413
v -0.06308773 0.31429645 -0.17216904
v 0.00000000 0.30000001 -0.18000001
v -0.06308773 0.28570354 -0.17216904
v -0.12617546 0.30000001 -0.15610413
v -0.06308773 0.28570354 -0.17216904
v -0.12000000 0.27280650 -0.14944272
v -0.06308773 0.31429645 -0.17216904
v -0.06308773 0.28570354 -0.17216904
v -0.12617546 0.30000001 -0.15610413
v 0.00000000 0.34626433 -0.15610413
v 0.03854929 0.36105269 -0.13232744
v 0.06237406 0.33818218 -0.15802696
v 0.03854929 0.36105269 -0.13232744
v 0.07416408 0.37119350 -0.10000000
v 0.10207810 0.35172510 -0.13011055
v 0.06237406 0.33818218 -0.15802696
v 0.10207810 0.35172510 -0.13011055
v 0.12000000 0.32719350 -0.14944272
v 0.03854929 0.36105269 -0.13232744
v 0.10207810 0.35172510 -0.13011055
v 0.06237406 0.33818218 -0.15802696
v 0.07416408 0.37119350 -0.10000000
v 0.10413326 0.37591481 -0.06158271
v 0.14106846 0.36056080 -0.08805206
v 0.10413326 0.37591481 -0.06158271
v 0.12617546 0.37485728 -0.02000000
v 0.16650732 0.36178008 -0.04569953
v 0.14106846 0.36056080 -0.08805206
v 0.16650732 0.36178008 -0.04569953
v 0.19416408 0.34400001 -0.06944272
v 0.10413326 0.37591481 -0.06158271
v 0.16650732 0.36178008 -0.04569953
v 0.14106846 0.36056080 -0.08805206
v 0.12000000 0.32719350 -0.14944272
v 0.16516583 0.33742863 -0.11404564
v 0.16849114 0.31413475 -0.13100487
v 0.16516583 0.33742863 -0.11404564
v 0.19416408 0.34400001 -0.06944272
v 0.20704043 0.32287049 -0.08942217
v 0.16849114 0.31413475 -0.13100487
v 0.20704043 0.32287049 -0.08942217
v 0.20415619 0.30000001 -0.10411698
v 0.16516583 0.33742863 -0.11404564
v 0.20704043 0.32287049 -0.08942217
v 0.16849114 0.31413475 -0.13100487
v 0.07416408 0.37119350 -0.10000000
v 0.14106846 0.36056080 -0.08805206
v 0.10207810 0.35172510 -0.13011055
v 0.14106846 0.36056080 -0.08805206
v 0.19416408 0.34400001 -0.06944272
v 0.16516583 0.33742863 -0.11404564
v 0.10207810 0.35172510 -0.13011055
v 0.16516583 0.33742863 -0.11404564
v 0.12000000 0.32719350 -0.14944272
v 0.14106846 0.36056080 -0.08805206
v 0.16516583 0.33742863 -0.11404564
v 0.10207810 0.35172510 -0.13011055
v 0.12617546 0.22514273 -0.02000000
v 0.16650732 0.23821992 0.00569953
v 0.10413326 0.22408517 0.02158271
v 0.16650732 0.23821992 0.00569953
v 0.19416408 0.25600001 0.02944272
v 0.14106846 0.23943919 0.04805207
v 0.10413326 0.22408517 0.02158271
v 0.14106846 0.23943919 0.04805207
v 0.07416408 0.22880651 0.06000000
v 0.16650732 0.23821992 0.00569953
v 0.14106846 0.23943919 0.04805207
v 0.10413326 0.22408517 0.02158271
v 0.19416408 0.25600001 0.02944272
v 0.20704043 0.27712950 0.04942217
v 0.16516583 0.26257136 0.07404564
v 0.20704043 0.27712950 0.04942217
v 0.20415619 0.30000001 0.06411698
v 0.16849114 0.28586525 0.09100488
v 0.16516583 0.26257136 0.07404564
v 0.16849114 0.28586525 0.09100488
v 0.12000000 0.27280650 0.10944272
v 0.20704043 0.27712950 0.04942217
v 0.16849114 0.28586525 0.09100488
v 0.16516583 0.26257136 0.07404564
v 0.07416408 0.22880651 0.06000000
v 0.10207810 0.24827489 0.09011056
v 0.03854929 0.23894732 0.09232743
v 0.10207810 0.24827489 0.09011056
v 0.12000000 0.27280650 0.10944272
v 0.06237406 0.26181781 0.11802696
v 0.03854929 0.23894732 0.09232743
v 0.06237406 0.26181781 0.11802696
v 0.00000000 0.25373566 0.11610413
v 0.10207810 0.24827489 0.09011056
v 0.06237406 0.26181781 0.11802696
v 0.03854929 0.23894732 0.09232743
v 0.19416408 0.25600001 0.02944272
v 0.16516583 0.26257136 0.07404564
v 0.14106846 0.23943919 0.04805207
v 0.16516583 0.26257136 0.07404564
v 0.12000000 0.27280650 0.10944272
v 0.10207810 0.24827489 0.09011056
v 0.14106846 0.23943919 0.04805207
v 0.10207810 0.24827489 0.09011056
v 0.07416408 0.22880651 0.06000000
v 0.16516583 0.26257136 0.07404564
v 0.10207810 0.24827489 0.09011056
v 0.14106846 0.23943919 0.04805207
v 0.12617546 0.22514273 -0.02000000
v 0.10413326 0.22408517 0.02158271
v 0.06558397 0.21534942 -0.02000000
v 0.10413326 0.22408517 0.02158271
v 0.07416408 0.22880651 0.06000000
v 0.03899036 0.21630703 0.02205849
v 0.06558397 0.21534942 -0.02000000
v 0.03899036 0.21630703 0.02205849
v 0.00000000 0.21200000 -0.02000000
v 0.10413326 0.22408517 0.02158271
v 0.03899036 0.21630703 0.02205849
v 0.06558397 0.21534942 -0.02000000
v 0.07416408 0.22880651 0.06000000
v 0.03854929 0.23894732 0.09232743
v 0.00000000 0.22514273 0.06411698
v 0.03854929 0.23894732 0.09232743
v 0.00000000 0.25373566 0.11610413
v -0.03854929 0.23894732 0.09232743
v 0.00000000 0.22514273 0.06411698
v -0.03854929 0.23894732 0.09232743
v -0.07416408 0.22880651 0.06000000
v 0.03854929 0.23894732 0.09232743
v -0.03854929 0.23894732 0.09232743
v 0.00000000 0.22514273 0.06411698
v 0.00000000 0.21200000 -0.02000000
v -0.03899036 0.21630703 0.02205849
v -0.06558397 0.21534942 -0.02000000
v -0.03899036 0.21630703 0.02205849
v -0.07416408 0.22880651 0.06000000
v -0.10413326 0.22408517 0.02158271
v -0.06558397 0.21534942 -0.02000000
v -0.10413326 0.22408517 0.02158271
v -0.12617546 0.22514273 -0.02000000
v -0.03899036 0.21630703 0.02205849
v -0.10413326 0.22408517 0.02158271
v -0.06558397 0.21534942 -0.02000000
v 0.07416408 0.22880651 0.06000000
v 0.00000000 0.22514273 0.06411698
v 0.03899036 0.21630703 0.02205849
v 0.00000000 0.22514273 0.06411698
v -0.07416408 0.22880651 0.06000000
v -0.03899036 0.21630703 0.02205849
v 0.03899036 0.21630703 0.02205849
v -0.03899036 0.21630703 0.02205849
v 0.00000000 0.21200000 -0.02000000
v 0.00000000 0.22514273 0.06411698
v -0.03899036 0.21630703 0.02205849
v 0.03899036 0.21630703 0.02205849
v 0.12617546 0.22514273 -0.02000000
v 0.06558397 0.21534942 -0.02000000
v 0.10413326 0.22408517 -0.06158271
v 0.06558397 0.21534942 -0.02000000
v 0.00000000 0.21200000 -0.02000000
v 0.03899036 0.21630703 -0.06205849
v 0.10413326 0.22408517 -0.06158271
v 0.03899036 0.21630703 -0.06205849
v 0.07416408 0.22880651 -0.10000000
v 0.06558397 0.21534942 -0.02000000
v 0.03899036 0.21630703 -0.06205849
v 0.10413326 0.22408517 -0.06158271
v 0.00000000 0.21200000 -0.02000000
v -0.06558397 0.21534942 -0.02000000
v -0.03899036 0.21630703 -0.06205849
v -0.06558397 0.21534942 -0.02000000
v -0.12617546 0.22514273 -0.02000000
v -0.10413326 0.22408517 -0.06158271
v -0.03899036 0.21630703 -0.06205849
v -0.10413326 0.22408517 -0.06158271
v -0.07416408 0.22880651 -0.10000000
v -0.06558397 0.21534942 -0.02000000
v -0.10413326 0.22408517 -0.06158271
v -0.03899036 0.21630703 -0.06205849
v 0.07416408 0.22880651 -0.10000000
v 0.00000000 0.22514273 -0.10411698
v 0.03854929 0.23894732 -0.13232744
v 0.00000000 0.22514273 -0.10411698
v -0.07416408 0.22880651 -0.10000000
v -0.03854929 0.23894732 -0.13232744
v 0.03854929 0.23894732 -0.13232744
v -0.03854929 0.23894732 -0.13232744
v 0.00000000 0.25373566 -0.15610413
v 0.00000000 0.22514273 -0.10411698
v -0.03854929 0.23894732 -0.13232744
v 0.03854929 0.23894732 -0.13232744
v 0.00000000 0.21200000 -0.02000000
v -0.03899036 0.21630703 -0.06205849
v 0.03899036 0.21630703 -0.06205849
v -0.03899036 0.21630703 -0.06205849
v -0.07416408 0.22880651 -0.10000000
v 0.00000000 0.22514273 -0.10411698
v 0.03899036 0.21630703 -0.06205849
v 0.00000000 0.22514273 -0.10411698
v 0.07416408 0.22880651 -0.10000000
v -0.03899036 0.21630703 -0.06205849
v 0.00000000 0.22514273 -0.10411698
v 0.03899036 0.21630703 -0.06205849
v 0.12617546 0.22514273 -0.02000000
v 0.10413326 0.22408517 -0.06158271
v 0.16650732 0.23821992 -0.04569953
v 0.10413326 0.22408517 -0.06158271
v 0.07416408 0.22880651 -0.10000000
v 0.14106846 0.23943919 -0.08805206
v 0.16650732 0.23821992 -0.04569953
v 0.14106846 0.23943919 -0.08805206
v 0.19416408 0.25600001 -0.06944272
v 0.10413326 0.22408517 -0.06158271
v 0.14106846 0.23943919 -0.08805206
v 0.16650732 0.23821992 -0.04569953
v 0.07416408 0.22880651 -0.10000000
v 0.03854929 0.23894732 -0.13232744
v 0.10207810 0.24827489 -0.13011055
v 0.03854929 0.23894732 -0.13232744
v 0.00000000 0.25373566 -0.15610413
v 0.06237406 0.26181781 -0.15802696
v 0.10207810 0.24827489 -0.13011055
v 0.06237406 0.26181781 -0.15802696
v 0.12000000 0.27280650 -0.14944272
v 0.03854929 0.23894732 -0.13232744
v 0.06237406 0.26181781 -0.15802696
v 0.10207810 0.24827489 -0.13011055
v 0.19416408 0.25600001 -0.06944272
v 0.16516583 0.26257136 -0.11404564
v 0.20704043 0.27712950 -0.08942217
v 0.16516583 0.26257136 -0.11404564
v 0.12000000 0.27280650 -0.14944272
v 0.16849114 0.28586525 -0.13100487
v 0.20704043 0.27712950 -0.08942217
v 0.16849114 0.28586525 -0.13100487
v 0.20415619 0.30000001 -0.10411698
v 0.16516583 0.26257136 -0.11404564
v 0.16849114 0.28586525 -0.13100487
v 0.20704043 0.27712950 -0.08942217
v 0.07416408 0.22880651 -0.10000000
v 0.10207810 0.24827489 -0.13011055
v 0.14106846 0.23943919 -0.08805206
v 0.10207810 0.24827489 -0.13011055
v 0.12000000 0.27280650 -0.14944272
v 0.16516583 0.26257136 -0.11404564
v 0.14106846 0.23943919 -0.08805206
v 0.16516583 0.26257136 -0.11404564
v 0.19416408 0.25600001 -0.06944272
v 0.10207810 0.24827489 -0.13011055
v 0.16516583 0.26257136 -0.11404564
v 0.14106846 0.23943919 -0.08805206
v 0.12617546 0.22514273 -0.02000000
v 0.16650732 0.23821992 -0.04569953
v 0.16650732 0.23821992 0.00569953
v 0.16650732 0.23821992 -0.04569953
v 0.19416408 0.25600001 -0.06944272
v 0.20415619 0.25373566 -0.02000000
v 0.16650732 0.23821992 0.00569953
v 0.20415619 0.25373566 -0.02000000
v 0.19416408 0.25600001 0.02944272
v 0.16650732 0.23821992 -0.04569953
v 0.20415619 0.25373566 -0.02000000
v 0.16650732 0.23821992 0.00569953
v 0.19416408 0.25600001 -0.06944272
v 0.20704043 0.27712950 -0.08942217
v 0.22825356 0.27686784 -0.04599357
v 0.20704043 0.27712950 -0.08942217
v 0.20415619 0.30000001 -0.10411698
v 0.23086521 0.30000001 -0.06372265
v 0.22825356 0.27686784 -0.04599357
v 0.23086521 0.30000001 -0.06372265
v 0.23999999 0.30000001 -0.02000000
v 0.20704043 0.27712950 -0.08942217
v 0.23086521 0.30000001 -0.06372265
v 0.22825356 0.27686784 -0.04599357
v 0.19416408 0.25600001 0.02944272
v 0.22825356 0.27686784 0.00599358
v 0.20704043 0.27712950 0.04942217
v 0.22825356 0.27686784 0.00599358
v 0.23999999 0.30000001 -0.02000000
v 0.23086521 0.30000001 0.02372264
v 0.20704043 0.27712950 0.04942217
v 0.23086521 0.30000001 0.02372264
v 0.20415619 0.30000001 0.06411698
v 0.22825356 0.27686784 0.00599358
v 0.23086521 0.30000001 0.02372264
v 0.20704043 0.27712950 0.04942217
v 0.19416408 0.25600001 -0.06944272
v 0.22825356 0.27686784 -0.04599357
v 0.20415619 0.25373566 -0.02000000
v 0.22825356 0.27686784 -0.04599357
v 0.23999999 0.30000001 -0.02000000
v 0.22825356 0.27686784 0.00599358
v 0.20415619 0.25373566 -0.02000000
v 0.22825356 0.27686784 0.00599358
v 0.19416408 0.25600001 0.02944272
v 0.22825356 0.27686784 -0.04599357
v 0.22825356 0.27686784 0.00599358
v 0.20415619 0.25373566 -0.02000000
v 0.00000000 0.25373566 0.11610413
v 0.06237406 0.26181781 0.11802696
v 0.00000000 0.27595255 0.13391013
v 0.06237406 0.26181781 0.11802696
v 0.12000000 0.27280650 0.10944272
v 0.06308773 0.28570354 0.13216904
v 0.00000000 0.27595255 0.13391013
v 0.06308773 0.28570354 0.13216904
v 0.00000000 0.30000001 0.14000000
v 0.06237406 0.26181781 0.11802696
v 0.06308773 0.28570354 0.13216904
v 0.00000000 0.27595255 0.13391013
v 0.12000000 0.27280650 0.10944272
v 0.16849114 0.28586525 0.09100488
v 0.12617546 0.30000001 0.11610413
v 0.16849114 0.28586525 0.09100488
v 0.20415619 0.30000001 0.06411698
v 0.16849114 0.31413475 0.09100488
v 0.12617546 0.30000001 0.11610413
v 0.16849114 0.31413475 0.09100488
v 0.12000000 0.32719350 0.10944272
v 0.16849114 0.28586525 0.09100488
v 0.16849114 0.31413475 0.09100488
v 0.12617546 0.30000001 0.11610413
v 0.00000000 0.30000001 0.14000000
v 0.06308773 0.31429645 0.13216904
v 0.00000000 0.32404745 0.13391013
v 0.06308773 0.31429645 0.13216904
v 0.12000000 0.32719350 0.10944272
v 0.06237406 0.33818218 0.11802696
v 0.00000000 0.32404745 0.13391013
v 0.06237406 0.33818218 0.11802696
v 0.00000000 0.34626433 0.11610413
v 0.06308773 0.31429645 0.13216904
v 0.06237406 0.33818218 0.11802696
v 0.00000000 0.32404745 0.13391013
v 0.12000000 0.27280650 0.10944272
v 0.12617546 0.30000001 0.11610413
v 0.06308773 0.28570354 0.13216904
v 0.12617546 0.30000001 0.11610413
v 0.12000000 0.32719350 0.10944272
v 0.06308773 0.31429645 0.13216904
v 0.06308773 0.28570354 0.13216904
v 0.06308773 0.31429645 0.13216904
v 0.00000000 0.30000001 0.14000000
v 0.12617546 0.30000001 0.11610413
v 0.06308773 0.31429645 0.13216904
v 0.06308773 0.28570354 0.13216904
v -0.12617546 0.22514273 -0.02000000
v -0.10413326 0.22408517 0.02158271
v -0.16650732 0.23821992 0.00569953
v -0.10413326 0.22408517 0.02158271
v -0.07416408 0.22880651 0.06000000
v -0.14106846 0.23943919 0.04805207
v -0.16650732 0.23821992 0.00569953
v -0.14106846 0.23943919 0.04805207
v -0.19416408 0.25600001 0.02944272
v -0.10413326 0.22408517 0.02158271
v -0.14106846 0.23943919 0.04805207
v -0.16650732 0.23821992 0.00569953
v -0.07416408 0.22880651 0.06000000
v -0.03854929 0.23894732 0.09232743
v -0.10207810 0.24827489 0.09011056
v -0.03854929 0.23894732 0.09232743
v 0.00000000 0.25373566 0.11610413
v -0.06237406 0.26181781 0.11802696
v -0.10207810 0.24827489 0.09011056
v -0.06237406 0.26181781 0.11802696
v -0.12000000 0.27280650 0.10944272
v -0.03854929 0.23894732 0.09232743
v -0.06237406 0.26181781 0.11802696
v -0.10207810 0.24827489 0.09011056
v -0.19416408 0.25600001 0.02944272
v -0.16516583 0.26257136 0.07404564
v -0.20704043 0.27712950 0.04942217
v -0.16516583 0.26257136 0.07404564
v -0.12000000 0.27280650 0.10944272
v -0.16849114 0.28586525 0.09100488
v -0.20704043 0.27712950 0.04942217
v -0.16849114 0.28586525 0.09100488
v -0.20415619 0.30000001 0.06411698
v -0.16516583 0.26257136 0.07404564
v -0.16849114 0.28586525 0.09100488
v -0.20704043 0.27712950 0.04942217
v -0.07416408 0.22880651 0.06000000
v -0.10207810 0.24827489 0.09011056
v -0.14106846 0.23943919 0.04805207
v -0.10207810 0.24827489 0.09011056
v -0.12000000 0.27280650 0.10944272
v -0.16516583 0.26257136 0.07404564
v -0.14106846 0.23943919 0.04805207
v -0.16516583 0.26257136 0.07404564
v -0.19416408 0.25600001 0.02944272
v -0.10207810 0.24827489 0.09011056
v -0.16516583 0.26257136 0.07404564
v -0.14106846 0.23943919 0.04805207
v 0.00000000 0.25373566 -0.15610413
v -0.03854929 0.23894732 -0.13232744
v -0.06237406 0.26181781 -0.15802696
v -0.03854929 0.23894732 -0.13232744
v -0.07416408 0.22880651 -0.10000000
v -0.10207810 0.24827489 -0.13011055
v -0.06237406 0.26181781 -0.15802696
v -0.10207810 0.24827489 -0.13011055
v -0.12000000 0.27280650 -0.14944272
v -0.03854929 0.23894732 -0.13232744
v -0.10207810 0.24827489 -0.13011055
v -0.06237406 0.26181781 -0.15802696
v -0.07416408 0.22880651 -0.10000000
v -0.10413326 0.22408517 -0.06158271
v -0.14106846 0.23943919 -0.08805206
v -0.10413326 0.22408517 -0.06158271
v -0.12617546 0.22514273 -0.02000000
v -0.16650732 0.23821992 -0.04569953
v -0.14106846 0.23943919 -0.08805206
v -0.16650732 0.23821992 -0.04569953
v -0.19416408 0.25600001 -0.06944272
v -0.10413326 0.22408517 -0.06158271
v -0.16650732 0.23821992 -0.04569953
v -0.14106846 0.23943919 -0.08805206
v -0.12000000 0.27280650 -0.14944272
v -0.16516583 0.26257136 -0.11404564
v -0.16849114 0.28586525 -0.13100487
v -0.16516583 0.26257136 -0.11404564
v -0.19416408 0.25600001 -0.06944272
v -0.20704043 0.27712950 -0.08942217
v -0.16849114 0.28586525 -0.13100487
v -0.20704043 0.27712950 -0.08942217
v -0.20415619 0.30000001 -0.10411698
v -0.16516583 0.26257136 -0.11404564
v -0.20704043 0.27712950 -0.08942217
v -0.16849114 0.28586525 -0.13100487
v -0.07416408 0.22880651 -0.10000000
v -0.14106846 0.23943919 -0.08805206
v -0.10207810 0.24827489 -0.13011055
v -0.14106846 0.23943919 -0.08805206
v -0.19416408 0.25600001 -0.06944272
v -0.16516583 0.26257136 -0.11404564
v -0.10207810 0.24827489 -0.13011055
v -0.16516583 0.26257136 -0.11404564
v -0.12000000 0.27280650 -0.14944272
v -0.14106846 0.23943919 -0.08805206
v -0.16516583 0.26257136 -0.11404564
v -0.10207810 0.24827489 -0.13011055
v 0.20415619 0.30000001 -0.10411698
v 0.16849114 0.28586525 -0.13100487
v 0.16849114 0.31413475 -0.13100487
v 0.16849114 0.28586525 -0.13100487
v 0.12000000 0.27280650 -0.14944272
v 0.12617546 0.30000001 -0.15610413
v 0.16849114 0.31413475 -0.13100487
v 0.12617546 0.30000001 -0.15610413
v 0.12000000 0.32719350 -0.14944272
v 0.16849114 0.28586525 -0.13100487
v 0.12617546 0.30000001 -0.15610413
v 0.16849114 0.31413475 -0.13100487
v 0.12000000 0.27280650 -0.14944272
v 0.06237406 0.26181781 -0.15802696
v 0.06308773 0.28570354 -0.17216904
v 0.06237406 0.26181781 -0.15802696
v 0.00000000 0.25373566 -0.15610413
v 0.00000000 0.27595255 -0.17391014
v 0.06308773 0.28570354 -0.17216904
v 0.00000000 0.27595255 -0.17391014
v 0.00000000 0.30000001 -0.18000001
v 0.06237406 0.26181781 -0.15802696
v 0.00000000 0.27595255 -0.17391014
v 0.06308773 0.28570354 -0.17216904
v 0.12000000 0.32719350 -0.14944272
v 0.06308773 0.31429645 -0.17216904
v 0.06237406 0.33818218 -0.15802696
v 0.06308773 0.31429645 -0.17216904
v 0.00000000 0.30000001 -0.18000001
v 0.00000000 0.32404745 -0.17391014
v 0.06237406 0.33818218 -0.15802696
v 0.00000000 0.32404745 -0.17391014
v 0.00000000 0.34626433 -0.15610413
v 0.06308773 0.31429645 -0.17216904
v 0.00000000 0.32404745 -0.17391014
v 0.06237406 0.33818218 -0.15802696
v 0.12000000 0.27280650 -0.14944272
v 0.06308773 0.28570354 -0.17216904
v 0.12617546 0.30000001 -0.15610413
v 0.06308773 0.28570354 -0.17216904
v 0.00000000 0.30000001 -0.18000001
v 0.06308773 0.31429645 -0.17216904
v 0.12617546 0.30000001 -0.15610413
v 0.06308773 0.31429645 -0.17216904
v 0.12000000 0.32719350 -0.14944272
v 0.06308773 0.28570354 -0.17216904
v 0.06308773 0.31429645 -0.17216904
v 0.12617546 0.30000001 -0.15610413
v 0.20415619 0.30000001 0.06411698
v 0.23086521 0.30000001 0.02372264
v 0.20704043 0.32287049 0.04942217
v 0.23086521 0.30000001 0.02372264
v 0.23999999 0.30000001 -0.02000000
v 0.22825356 0.32313216 0.00599358
v 0.20704043 0.32287049 0.04942217
v 0.22825356 0.32313216 0.00599358
v 0.19416408 0.34400001 0.02944272
v 0.23086521 0.30000001 0.02372264
v 0.22825356 0.32313216 0.00599358
v 0.20704043 0.32287049 0.04942217
v 0.23999999 0.30000001 -0.02000000
v 0.23086521 0.30000001 -0.06372265
v 0.22825356 0.32313216 -0.04599357
v 0.23086521 0.30000001 -0.06372265
v 0.20415619 0.30000001 -0.10411698
v 0.20704043 0.32287049 -0.08942217
v 0.22825356 0.32313216 -0.04599357
v 0.20704043 0.32287049 -0.08942217
v 0.19416408 0.34400001 -0.06944272
v 0.23086521 0.30000001 -0.06372265
v 0.20704043 0.32287049 -0.08942217
v 0.22825356 0.32313216 -0.04599357
v 0.19416408 0.34400001 0.02944272
v 0.20415619 0.34626433 -0.02000000
v 0.16650732 0.36178008 0.00569953
v 0.20415619 0.34626433 -0.02000000
v 0.19416408 0.34400001 -0.06944272
v 0.16650732 0.36178008 -0.04569953
v 0.16650732 0.36178008 0.00569953
v 0.16650732 0.36178008 -0.04569953
v 0.12617546 0.37485728 -0.02000000
v 0.20415619 0.34626433 -0.02000000
v 0.16650732 0.36178008 -0.04569953
v 0.16650732 0.36178008 0.00569953
v 0.23999999 0.30000001 -0.02000000
v 0.22825356 0.32313216 -0.04599357
v 0.22825356 0.32313216 0.00599358
v 0.22825356 0.32313216 -0.04599357
v 0.19416408 0.34400001 -0.06944272
v 0.20415619 0.34626433 -0.02000000
v 0.22825356 0.32313216 0.00599358
v 0.20415619 0.34626433 -0.02000000
v 0.19416408 0.34400001 0.02944272
v 0.22825356 0.32313216 -0.04599357
v 0.20415619 0.34626433 -0.02000000
v 0.22825356 0.32313216 0.00599358
f 1921 1922 1923
f 1924 1925 1926
f 1927 1928 1929
f 1930 1931 1932
f 1933 1934 1935
f 1936 1937 1938
f 1939 1940 1941
f 1942 1943 1944
f 1945 1946 1947
f 1948 1949 1950
f 1951 1952 1953
f 1954 1955 1956
f 1957 1958 1959
f 1960 1961 1962
f 1963 1964 1965
f 1966 1967 1968
f 1969 1970 1971
f 1972 1973 1974
f 1975 1976 1977
f 1978 1979 1980
f 1981 1982 1983
f 1984 1985 1986
f 1987 1988 1989
f 1990 1991 1992
f 1993 1994 1995
f 1996 1997 1998
f 1999 2000 2001
f 2002 2003 2004
f 2005 2006 2007
f 2008 2009 2010
f 2011 2012 2013
f 2014 2015 2016
f 2017 2018 2019
f 2020 2021 2022
f 2023 2024 2025
f 2026 2027 2028
f 2029 2030 2031
f 2032 2033 2034
f 2035 2036 2037
f 2038 2039 2040
f 2041 2042 2043
f 2044 2045 2046
f 2047 2048 2049
f 2050 2051 2052
f 2053 2054 2055
f 2056 2057 2058
f 2059 2060 2061
f 2062 2063 2064
f 2065 2066 2067
f 2068 2069 2070
f 2071 2072 2073
f 2074 2075 2076
f 2077 2078 2079
f 2080 2081 2082
f 2083 2084 2085
f 2086 2087 2088
f 2089 2090 2091
f 2092 2093 2094
f 2095 2096 2097
f 2098 2099 2100
f 2101 2102 2103
f 2104 2105 2106
f 2107 2108 2109
f 2110 2111 2112
f 2113 2114 2115
f 2116 2117 2118
f 2119 2120 2121
f 2122 2123 2124
f 2125 2126 2127
f 2128 2129 2130
f 2131 2132 2133
f 2134 2135 2136
f 2137 2138 2139
f 2140 2141 2142
f 2143 2144 2145
f 2146 2147 2148
f 2149 2150 2151
f 2152 2153 2154
f 2155 2156 2157
f 2158 2159 2160
f 2161 2162 2163
f 2164 2165 2166
f 2167 2168 2169
f 2170 2171 2172
f 2173 2174 2175
f 2176 2177 2178
f 2179 2180 2181
f 2182 2183 2184
f 2185 2186 2187
f 2188 2189 2190
f 2191 2192 2193
f 2194 2195 2196
f 2197 2198 2199
f 2200 2201 2202
f 2203 2204 2205
f 2206 2207 2208
f 2209 2210 2211
f 2212 2213 2214
f 2215 2216 2217
f 2218 2219 2220
f 2221 2222 2223
f 2224 2225 2226
f 2227 2228 2229
f 2230 2231 2232
f 2233 2234 2235
f 2236 2237 2238
f 2239 2240 2241
f 2242 2243 2244
f 2245 2246 2247
f 2248 2249 2250
f 2251 2252 2253
f 2254 2255 2256
f 2257 2258 2259
f 2260 2261 2262
f 2263 2264 2265
f 2266 2267 2268
f 2269 2270 2271
f 2272 2273 2274
f 2275 2276 2277
f 2278 2279 2280
f 2281 2282 2283
f 2284 2285 2286
f 2287 2288 2289
f 2290 2291 2292
f 2293 2294 2295
f 2296 2297 2298
f 2299 2300 2301
f 2302 2303 2304
f 2305 2306 2307
f 2308 2309 2310
f 2311 2312 2313
f 2314 2315 2316
f 2317 2318 2319
f 2320 2321 2322
f 2323 2324 2325
f 2326 2327 2328
f 2329 2330 2331
f 2332 2333 2334
f 2335 2336 2337
f 2338 2339 2340
f 2341 2342 2343
f 2344 2345 2346
f 2347 2348 2349
f 2350 2351 2352
f 2353 2354 2355
f 2356 2357 2358
f 2359 2360 2361
f 2362 2363 2364
f 2365 2366 2367
f 2368 2369 2370
f 2371 2372 2373
f 2374 2375 2376
f 2377 2378 2379
f 2380 2381 2382
f 2383 2384 2385
f 2386 2387 2388
f 2389 2390 2391
f 2392 2393 2394
f 2395 2396 2397
f 2398 2399 2400
f 2401 2402 2403
f 2404 2405 2406
f 2407 2408 2409
f 2410 2411 2412
f 2413 2414 2415
f 2416 2417 2418
f 2419 2420 2421
f 2422 2423 2424
f 2425 2426 2427
f 2428 2429 2430
f 2431 2432 2433
f 2434 2435 2436
f 2437 2438 2439
f 2440 2441 2442
f 2443 2444 2445
f 2446 2447 2448
f 2449 2450 2451
f 2452 2453 2454
f 2455 2456 2457
f 2458 2459 2460
f 2461 2462 2463
f 2464 2465 2466
f 2467 2468 2469
f 2470 2471 2472
f 2473 2474 2475
f 2476 2477 2478
f 2479 2480 2481
f 2482 2483 2484
f 2485 2486 2487
f 2488 2489 2490
f 2491 2492 2493
f 2494 2495 2496
f 2497 2498 2499
f 2500 2501 2502
f 2503 2504 2505
f 2506 2507 2508
f 2509 2510 2511
f 2512 2513 2514
f 2515 2516 2517
f 2518 2519 2520
f 2521 2522 2523
f 2524 2525 2526
f 2527 2528 2529
f 2530 2531 2532
f 2533 2534 2535
f 2536 2537 2538
f 2539 2540 2541
f 2542 2543 2544
f 2545 2546 2547
f 2548 2549 2550
f 2551 2552 2553
f 2554 2555 2556
f 2557 2558 2559
f 2560 2561 2562
f 2563 2564 2565
f 2566 2567 2568
f 2569 2570 2571
f 2572 2573 2574
f 2575 2576 2577
f 2578 2579 2580
f 2581 2582 2583
f 2584 2585 2586
f 2587 2588 2589
f 2590 2591 2592
f 2593 2594 2595
f 2596 2597 2598
f 2599 2600 2601
f 2602 2603 2604
f 2605 2606 2607
f 2608 2609 2610
f 2611 2612 2613
f 2614 2615 2616
f 2617 2618 2619
f 2620 2621 2622
f 2623 2624 2625
f 2626 2627 2628
f 2629 2630 2631
f 2632 2633 2634
f 2635 2636 2637
f 2638 2639 2640
f 2641 2642 2643
f 2644 2645 2646
f 2647 2648 2649
f 2650 2651 2652
f 2653 2654 2655
f 2656 2657 2658
f 2659 2660 2661
f 2662 2663 2664
f 2665 2666 2667
f 2668 2669 2670
f 2671 2672 2673
f 2674 2675 2676
f 2677 2678 2679
f 2680 2681 2682
f 2683 2684 2685
f 2686 2687 2688
f 2689 2690 2691
f 2692 2693 2694
f 2695 2696 2697
f 2698 2699 2700
f 2701 2702 2703
f 2704 2705 2706
f 2707 2708 2709
f 2710 2711 2712
f 2713 2714 2715
f 2716 2717 2718
f 2719 2720 2721
f 2722 2723 2724
f 2725 2726 2727
f 2728 2729 2730
f 2731 2732 2733
f 2734 2735 2736
f 2737 2738 2739
f 2740 2741 2742
f 2743 2744 2745
f 2746 2747 2748
f 2749 2750 2751
f 2752 2753 2754
f 2755 2756 2757
f 2758 2759 2760
f 2761 2762 2763
f 2764 2765 2766
f 2767 2768 2769
f 2770 2771 2772
f 2773 2774 2775
f 2776 2777 2778
f 2779 2780 2781
f 2782 2783 2784
f 2785 2786 2787
f 2788 2789 2790
f 2791 2792 2793
f 2794 2795 2796
f 2797 2798 2799
f 2800 2801 2802
f 2803 2804 2805
f 2806 2807 2808
f 2809 2810 2811
f 2812 2813 2814
f 2815 2816 2817
f 2818 2819 2820
f 2821 2822 2823
f 2824 2825 2826
f 2827 2828 2829
f 2830 2831 2832
f 2833 2834 2835
f 2836 2837 2838
f 2839 2840 2841
f 2842 2843 2844
f 2845 2846 2847
f 2848 2849 2850
f 2851 2852 2853
f 2854 2855 2856
f 2857 2858 2859
f 2860 2861 2862
f 2863 2864 2865
f 2866 2867 2868
f 2869 2870 2871
f 2872 2873 2874
f 2875 2876 2877
f 2878 2879 2880

o geometry_46
usemtl material_4
v -0.07081071 0.03006764 0.03369376
v -0.02947332 0.02233243 0.02311306
v -0.05573793 0.03447918 0.05541153
v -0.07081071 0.03006764 0.03369376
v -0.05573793 0.03447918 0.05541153
v -0.06949371 0.04154512 0.03044830
v -0.06949371 0.04154512 0.03044830
v -0.05573793 0.03447918 0.05541153
v -0.05442093 0.04595666 0.05216607
v -0.06949371 0.04154512 0.03044830
v -0.05442093 0.04595666 0.05216607
v -0.02815632 0.03380990 0.01986760
v -0.05573793 0.03447918 0.05541153
v -0.02947332 0.02233243 0.02311306
v -0.03063296 0.03425108 0.06479238
v -0.05573793 0.03447918 0.05541153
v -0.03063296 0.03425108 0.06479238
v -0.05442093 0.04595666 0.05216607
v -0.05442093 0.04595666 0.05216607
v -0.03063296 0.03425108 0.06479238
v -0.02931596 0.04572855 0.06154692
v -0.05442093 0.04595666 0.05216607
v -0.02931596 0.04572855 0.06154692
v -0.02815632 0.03380990 0.01986760
v -0.03063296 0.03425108 0.06479238
v -0.02947332 0.02233243 0.02311306
v -0.00508505 0.02947045 0.05825315
v -0.03063296 0.03425108 0.06479238
v -0.00508505 0.02947045 0.05825315
v -0.02931596 0.04572855 0.06154692
v -0.02931596 0.04572855 0.06154692
v -0.00508505 0.02947045 0.05825315
v -0.00376804 0.04094793 0.05500768
v -0.02931596 0.04572855 0.06154692
v -0.00376804 0.04094793 0.05500768
v -0.02815632 0.03380990 0.01986760
v -0.00508505 0.02947045 0.05825315
v -0.02947332 0.02233243 0.02311306
v 0.01114738 0.02196334 0.03829159
v -0.00508505 0.02947045 0.05825315
v 0.01114738 0.02196334 0.03829159
v -0.00376804 0.04094793 0.05500768
v -0.00376804 0.04094793 0.05500768
v 0.01114738 0.02196334 0.03829159
v 0.01246438 0.03344082 0.03504613
v -0.00376804 0.04094793 0.05500768
v 0.01246438 0.03344082 0.03504613
v -0.02815632 0.03380990 0.01986760
v 0.01114738 0.02196334 0.03829159
v -0.02947332 0.02233243 0.02311306
v 0.01186407 0.01459722 0.01253235
v 0.01114738 0.02196334 0.03829159
v 0.01186407 0.01459722 0.01253235
v 0.01246438 0.03344082 0.03504613
v 0.01246438 0.03344082 0.03504613
v 0.01186407 0.01459722 0.01253235
v 0.01318108 0.02607469 0.00928689
v 0.01246438 0.03344082 0.03504613
v 0.01318108 0.02607469 0.00928689
v -0.02815632 0.03380990 0.01986760
v 0.01186407 0.01459722 0.01253235
v -0.02947332 0.02233243 0.02311306
v -0.00320871 0.01018568 -0.00918542
v 0.01186407 0.01459722 0.01253235
v -0.00320871 0.01018568 -0.00918542
v 0.01318108 0.02607469 0.00928689
v 0.01318108 0.02607469 0.00928689
v -0.00320871 0.01018568 -0.00918542
v -0.00189170 0.02166315 -0.01243088
v 0.01318108 0.02607469 0.00928689
v -0.00189170 0.02166315 -0.01243088
v -0.02815632 0.03380990 0.01986760
v -0.00320871 0.01018568 -0.00918542
v -0.02947332 0.02233243 0.02311306
v -0.02831368 0.01041378 -0.01856626
v -0.00320871 0.01018568 -0.00918542
v -0.02831368 0.01041378 -0.01856626
v -0.00189170 0.02166315 -0.01243088
v -0.00189170 0.02166315 -0.01243088
v -0.02831368 0.01041378 -0.01856626
v -0.02699667 0.02189126 -0.02181173
v -0.00189170 0.02166315 -0.01243088
v -0.02699667 0.02189126 -0.02181173
v -0.02815632 0.03380990 0.01986760
v -0.02831368 0.01041378 -0.01856626
v -0.02947332 0.02233243 0.02311306
v -0.05386159 0.01519441 -0.01202703
v -0.02831368 0.01041378 -0.01856626
v -0.05386159 0.01519441 -0.01202703
v -0.02699667 0.02189126 -0.02181173
v -0.02699667 0.02189126 -0.02181173
v -0.05386159 0.01519441 -0.01202703
v -0.05254459 0.02667188 -0.01527249
v -0.02699667 0.02189126 -0.02181173
v -0.05254459 0.02667188 -0.01527249
v -0.02815632 0.03380990 0.01986760
v -0.05386159 0.01519441 -0.01202703
v -0.02947332 0.02233243 0.02311306
v -0.07009401 0.02270151 0.00793453
v -0.05386159 0.01519441 -0.01202703
v -0.07009401 0.02270151 0.00793453
v -0.05254459 0.02667188 -0.01527249
v -0.05254459 0.02667188 -0.01527249
v -0.07009401 0.02270151 0.00793453
v -0.06877701 0.03417899 0.00468906
v -0.05254459 0.02667188 -0.01527249
v -0.06877701 0.03417899 0.00468906
v -0.02815632 0.03380990 0.01986760
v -0.07009401 0.02270151 0.00793453
v -0.02947332 0.02233243 0.02311306
v -0.07081071 0.03006764 0.03369376
v -0.07009401 0.02270151 0.00793453
v -0.07081071 0.03006764 0.03369376
v -0.06877701 0.03417899 0.00468906
v -0.06877701 0.03417899 0.00468906
v -0.07081071 0.03006764 0.03369376
v -0.06949371 0.04154512 0.03044830
v -0.06877701 0.03417899 0.00468906
v -0.06949371 0.04154512 0.03044830
v -0.02815632 0.03380990 0.01986760
f 2881 2882 2883
f 2884 2885 2886
f 2887 2888 2889
f 2890 2891 2892
f 2893 2894 2895
f 2896 2897 2898
f 2899 2900 2901
f 2902 2903 2904
f 2905 2906 2907
f 2908 2909 2910
f 2911 2912 2913
f 2914 2915 2916
f 2917 2918 2919
f 2920 2921 2922
f 2923 2924 2925
f 2926 2927 2928
f 2929 2930 2931
f 2932 2933 2934
f 2935 2936 2937
f 2938 2939 2940
f 2941 2942 2943
f 2944 2945 2946
f 2947 2948 2949
f 2950 2951 2952
f 2953 2954 2955
f 2956 2957 2958
f 2959 2960 2961
f 2962 2963 2964
f 2965 2966 2967
f 2968 2969 2970
f 2971 2972 2973
f 2974 2975 2976
f 2977 2978 2979
f 2980 2981 2982
f 2983 2984 2985
f 2986 2987 2988
f 2989 2990 2991
f 2992 2993 2994
f 2995 2996 2997
f 2998 2999 3000

o geometry_45
usemtl material_5
v -0.02716711 0.00948572 0.06259160
v -0.02843064 0.01080395 0.02128758
v -0.00316806 0.01131708 0.05401211
v -0.02716711 0.00948572 0.06259160
v -0.00316806 0.01131708 0.05401211
v -0.02793546 0.02145423 0.06299708
v -0.02793546 0.02145423 0.06299708
v -0.00316806 0.01131708 0.05401211
v -0.00393641 0.02328559 0.05441760
v -0.02793546 0.02145423 0.06299708
v -0.00393641 0.02328559 0.05441760
v -0.02919899 0.02277246 0.02169307
v -0.00316806 0.01131708 0.05401211
v -0.02843064 0.01080395 0.02128758
v 0.01118154 0.01295243 0.03293297
v -0.00316806 0.01131708 0.05401211
v 0.01118154 0.01295243 0.03293297
v -0.00393641 0.02328559 0.05441760
v -0.00393641 0.02328559 0.05441760
v 0.01118154 0.01295243 0.03293297
v 0.01041319 0.02492094 0.03333845
v -0.00393641 0.02328559 0.05441760
v 0.01041319 0.02492094 0.03333845
v -0.02919899 0.02277246 0.02169307
v 0.01118154 0.01295243 0.03293297
v -0.02843064 0.01080395 0.02128758
v 0.01040064 0.01376715 0.00740568
v 0.01118154 0.01295243 0.03293297
v 0.01040064 0.01376715 0.00740568
v 0.01041319 0.02492094 0.03333845
v 0.01041319 0.02492094 0.03333845
v 0.01040064 0.01376715 0.00740568
v 0.00963228 0.02573566 0.00781117
v 0.01041319 0.02492094 0.03333845
v 0.00963228 0.02573566 0.00781117
v -0.02919899 0.02277246 0.02169307
v 0.01040064 0.01376715 0.00740568
v -0.02843064 0.01080395 0.02128758
v -0.00521250 0.01345002 -0.01281919
v 0.01040064 0.01376715 0.00740568
v -0.00521250 0.01345002 -0.01281919
v 0.00963228 0.02573566 0.00781117
v 0.00963228 0.02573566 0.00781117
v -0.00521250 0.01345002 -0.01281919
v -0.00598085 0.02541853 -0.01241370
v 0.00963228 0.02573566 0.00781117
v -0.00598085 0.02541853 -0.01241370
v -0.02919899 0.02277246 0.02169307
v -0.00521250 0.01345002 -0.01281919
v -0.02843064 0.01080395 0.02128758
v -0.02969417 0.01212219 -0.02001643
v -0.00521250 0.01345002 -0.01281919
v -0.02969417 0.01212219 -0.02001643
v -0.00598085 0.02541853 -0.01241370
v -0.00598085 0.02541853 -0.01241370
v -0.02969417 0.01212219 -0.02001643
v -0.03046252 0.02409070 -0.01961095
v -0.00598085 0.02541853 -0.01241370
v -0.03046252 0.02409070 -0.01961095
v -0.02919899 0.02277246 0.02169307
v -0.02969417 0.01212219 -0.02001643
v -0.02843064 0.01080395 0.02128758
v -0.05369322 0.01029083 -0.01143694
v -0.02969417 0.01212219 -0.02001643
v -0.05369322 0.01029083 -0.01143694
v -0.03046252 0.02409070 -0.01961095
v -0.03046252 0.02409070 -0.01961095
v -0.05369322 0.01029083 -0.01143694
v -0.05446157 0.02225934 -0.01103146
v -0.03046252 0.02409070 -0.01961095
v -0.05446157 0.02225934 -0.01103146
v -0.02919899 0.02277246 0.02169307
v -0.05369322 0.01029083 -0.01143694
v -0.02843064 0.01080395 0.02128758
v -0.06804282 0.00865548 0.00964220
v -0.05369322 0.01029083 -0.01143694
v -0.06804282 0.00865548 0.00964220
v -0.05446157 0.02225934 -0.01103146
v -0.05446157 0.02225934 -0.01103146
v -0.06804282 0.00865548 0.00964220
v -0.06881117 0.02062399 0.01004769
v -0.05446157 0.02225934 -0.01103146
v -0.06881117 0.02062399 0.01004769
v -0.02919899 0.02277246 0.02169307
v -0.06804282 0.00865548 0.00964220
v -0.02843064 0.01080395 0.02128758
v -0.06726192 0.00784076 0.03516949
v -0.06804282 0.00865548 0.00964220
v -0.06726192 0.00784076 0.03516949
v -0.06881117 0.02062399 0.01004769
v -0.06881117 0.02062399 0.01004769
v -0.06726192 0.00784076 0.03516949
v -0.06803027 0.01980927 0.03557497
v -0.06881117 0.02062399 0.01004769
v -0.06803027 0.01980927 0.03557497
v -0.02919899 0.02277246 0.02169307
v -0.06726192 0.00784076 0.03516949
v -0.02843064 0.01080395 0.02128758
v -0.05164878 0.00815789 0.05539436
v -0.06726192 0.00784076 0.03516949
v -0.05164878 0.00815789 0.05539436
v -0.06803027 0.01980927 0.03557497
v -0.06803027 0.01980927 0.03557497
v -0.05164878 0.00815789 0.05539436
v -0.05241714 0.02012640 0.05579984
v -0.06803027 0.01980927 0.03557497
v -0.05241714 0.02012640 0.05579984
v -0.02919899 0.02277246 0.02169307
v -0.05164878 0.00815789 0.05539436
v -0.02843064 0.01080395 0.02128758
v -0.02716711 0.00948572 0.06259160
v -0.05164878 0.00815789 0.05539436
v -0.02716711 0.00948572 0.06259160
v -0.05241714 0.02012640 0.05579984
v -0.05241714 0.02012640 0.05579984
v -0.02716711 0.00948572 0.06259160
v -0.02793546 0.02145423 0.06299708
v -0.05241714 0.02012640 0.05579984
v -0.02793546 0.02145423 0.06299708
v -0.02919899 0.02277246 0.02169307
f 3001 3002 3003
f 3004 3005 3006
f 3007 3008 3009
f 3010 3011 3012
f 3013 3014 3015
f 3016 3017 3018
f 3019 3020 3021
f 3022 3023 3024
f 3025 3026 3027
f 3028 3029 3030
f 3031 3032 3033
f 3034 3035 3036
f 3037 3038 3039
f 3040 3041 3042
f 3043 3044 3045
f 3046 3047 3048
f 3049 3050 3051
f 3052 3053 3054
f 3055 3056 3057
f 3058 3059 3060
f 3061 3062 3063
f 3064 3065 3066
f 3067 3068 3069
f 3070 3071 3072
f 3073 3074 3075
f 3076 3077 3078
f 3079 3080 3081
f 3082 3083 3084
f 3085 3086 3087
f 3088 3089 3090
f 3091 3092 3093
f 3094 3095 3096
f 3097 3098 3099
f 3100 3101 3102
f 3103 3104 3105
f 3106 3107 3108
f 3109 3110 3111
f 3112 3113 3114
f 3115 3116 3117
f 3118 3119 3120

o geometry_44
usemtl material_5
v -0.06443106 -0.00085051 -0.01090224
v -0.02878551 0.00077816 0.02175725
v -0.07684349 0.00029889 0.01627078
v -0.06443106 -0.00085051 -0.01090224
v -0.07684349 0.00029889 0.01627078
v -0.06448966 0.01113747 -0.01143609
v -0.06448966 0.01113747 -0.01143609
v -0.07684349 0.00029889 0.01627078
v -0.07690208 0.01228687 0.01573692
v -0.06448966 0.01113747 -0.01143609
v -0.07690208 0.01228687 0.01573692
v -0.02884412 0.01276614 0.02122340
v -0.07684349 0.00029889 0.01627078
v -0.02878551 0.00077816 0.02175725
v -0.07089940 0.00163136 0.04553943
v -0.07684349 0.00029889 0.01627078
v -0.07089940 0.00163136 0.04553943
v -0.07690208 0.01228687 0.01573692
v -0.07690208 0.01228687 0.01573692
v -0.07089940 0.00163136 0.04553943
v -0.07095800 0.01361934 0.04500558
v -0.07690208 0.01228687 0.01573692
v -0.07095800 0.01361934 0.04500558
v -0.02884412 0.01276614 0.02122340
v -0.07089940 0.00163136 0.04553943
v -0.02878551 0.00077816 0.02175725
v -0.04886924 0.00263793 0.06572411
v -0.07089940 0.00163136 0.04553943
v -0.04886924 0.00263793 0.06572411
v -0.07095800 0.01361934 0.04500558
v -0.07095800 0.01361934 0.04500558
v -0.04886924 0.00263793 0.06572411
v -0.04892785 0.01462591 0.06519026
v -0.07095800 0.01361934 0.04500558
v -0.04892785 0.01462591 0.06519026
v -0.02884412 0.01276614 0.02122340
v -0.04886924 0.00263793 0.06572411
v -0.02878551 0.00077816 0.02175725
v -0.01916778 0.00293414 0.06911494
v -0.04886924 0.00263793 0.06572411
v -0.01916778 0.00293414 0.06911494
v -0.04892785 0.01462591 0.06519026
v -0.04892785 0.01462591 0.06519026
v -0.01916778 0.00293414 0.06911494
v -0.01922639 0.01492212 0.06858109
v -0.04892785 0.01462591 0.06519026
v -0.01922639 0.01492212 0.06858109
v -0.02884412 0.01276614 0.02122340
v -0.01916778 0.00293414 0.06911494
v -0.02878551 0.00077816 0.02175725
v 0.00686003 0.00240684 0.05441674
v -0.01916778 0.00293414 0.06911494
v 0.00686003 0.00240684 0.05441674
v -0.01922639 0.01492212 0.06858109
v -0.01922639 0.01492212 0.06858109
v 0.00686003 0.00240684 0.05441674
v 0.00680142 0.01439481 0.05388289
v -0.01922639 0.01492212 0.06858109
v 0.00680142 0.01439481 0.05388289
v -0.02884412 0.01276614 0.02122340
v 0.00686003 0.00240684 0.05441674
v -0.02878551 0.00077816 0.02175725
v 0.01927245 0.00125743 0.02724373
v 0.00686003 0.00240684 0.05441674
v 0.01927245 0.00125743 0.02724373
v 0.00680142 0.01439481 0.05388289
v 0.00680142 0.01439481 0.05388289
v 0.01927245 0.00125743 0.02724373
v 0.01921385 0.01324541 0.02670988
v 0.00680142 0.01439481 0.05388289
v 0.01921385 0.01324541 0.02670988
v -0.02884412 0.01276614 0.02122340
v 0.01927245 0.00125743 0.02724373
v -0.02878551 0.00077816 0.02175725
v 0.01332837 -0.00007503 -0.00202493
v 0.01927245 0.00125743 0.02724373
v 0.01332837 -0.00007503 -0.00202493
v 0.01921385 0.01324541 0.02670988
v 0.01921385 0.01324541 0.02670988
v 0.01332837 -0.00007503 -0.00202493
v 0.01326976 0.01191294 -0.00255878
v 0.01921385 0.01324541 0.02670988
v 0.01326976 0.01191294 -0.00255878
v -0.02884412 0.01276614 0.02122340
v 0.01332837 -0.00007503 -0.00202493
v -0.02878551 0.00077816 0.02175725
v -0.00870178 -0.00108161 -0.02220960
v 0.01332837 -0.00007503 -0.00202493
v -0.00870178 -0.00108161 -0.02220960
v 0.01326976 0.01191294 -0.00255878
v 0.01326976 0.01191294 -0.00255878
v -0.00870178 -0.00108161 -0.02220960
v -0.00876039 0.01090637 -0.02274346
v 0.01326976 0.01191294 -0.00255878
v -0.00876039 0.01090637 -0.02274346
v -0.02884412 0.01276614 0.02122340
v -0.00870178 -0.00108161 -0.02220960
v -0.02878551 0.00077816 0.02175725
v -0.03840324 -0.00137781 -0.02560043
v -0.00870178 -0.00108161 -0.02220960
v -0.03840324 -0.00137781 -0.02560043
v -0.00876039 0.01090637 -0.02274346
v -0.00876039 0.01090637 -0.02274346
v -0.03840324 -0.00137781 -0.02560043
v -0.03846185 0.01061016 -0.02613429
v -0.00876039 0.01090637 -0.02274346
v -0.03846185 0.01061016 -0.02613429
v -0.02884412 0.01276614 0.02122340
v -0.03840324 -0.00137781 -0.02560043
v -0.02878551 0.00077816 0.02175725
v -0.06443106 -0.00085051 -0.01090224
v -0.03840324 -0.00137781 -0.02560043
v -0.06443106 -0.00085051 -0.01090224
v -0.03846185 0.01061016 -0.02613429
v -0.03846185 0.01061016 -0.02613429
v -0.06443106 -0.00085051 -0.01090224
v -0.06448966 0.01113747 -0.01143609
v -0.03846185 0.01061016 -0.02613429
v -0.06448966 0.01113747 -0.01143609
v -0.02884412 0.01276614 0.02122340
f 3121 3122 3123
f 3124 3125 3126
f 3127 3128 3129
f 3130 3131 3132
f 3133 3134 3135
f 3136 3137 3138
f 3139 3140 3141
f 3142 3143 3144
f 3145 3146 3147
f 3148 3149 3150
f 3151 3152 3153
f 3154 3155 3156
f 3157 3158 3159
f 3160 3161 3162
f 3163 3164 3165
f 3166 3167 3168
f 3169 3170 3171
f 3172 3173 3174
f 3175 3176 3177
f 3178 3179 3180
f 3181 3182 3183
f 3184 3185 3186
f 3187 3188 3189
f 3190 3191 3192
f 3193 3194 3195
f 3196 3197 3198
f 3199 3200 3201
f 3202 3203 3204
f 3205 3206 3207
f 3208 3209 3210
f 3211 3212 3213
f 3214 3215 3216
f 3217 3218 3219
f 3220 3221 3222
f 3223 3224 3225
f 3226 3227 3228
f 3229 3230 3231
f 3232 3233 3234
f 3235 3236 3237
f 3238 3239 3240

o geometry_43
usemtl material_5
v -0.03261636 0.02095241 -0.00737383
v -0.00918887 0.02176232 0.02638291
v -0.04797649 0.02231248 0.01280946
v -0.03261636 0.02095241 -0.00737383
v -0.04797649 0.02231248 0.01280946
v -0.03225900 0.03293513 -0.00790934
v -0.03225900 0.03293513 -0.00790934
v -0.04797649 0.02231248 0.01280946
v -0.04761913 0.03429520 0.01227395
v -0.03225900 0.03293513 -0.00790934
v -0.04761913 0.03429520 0.01227395
v -0.00883151 0.03374504 0.02584740
v -0.04797649 0.02231248 0.01280946
v -0.00918887 0.02176232 0.02638291
v -0.04852106 0.02346241 0.03817734
v -0.04797649 0.02231248 0.01280946
v -0.04852106 0.02346241 0.03817734
v -0.04761913 0.03429520 0.01227395
v -0.04761913 0.03429520 0.01227395
v -0.04852106 0.02346241 0.03817734
v -0.04816370 0.03544513 0.03764183
v -0.04761913 0.03429520 0.01227395
v -0.04816370 0.03544513 0.03764183
v -0.00883151 0.03374504 0.02584740
v -0.04852106 0.02346241 0.03817734
v -0.00918887 0.02176232 0.02638291
v -0.03404208 0.02396297 0.05904016
v -0.04852106 0.02346241 0.03817734
v -0.03404208 0.02396297 0.05904016
v -0.04816370 0.03544513 0.03764183
v -0.04816370 0.03544513 0.03764183
v -0.03404208 0.02396297 0.05904016
v -0.03368472 0.03594568 0.05850465
v -0.04816370 0.03544513 0.03764183
v -0.03368472 0.03594568 0.05850465
v -0.00883151 0.03374504 0.02584740
v -0.03404208 0.02396297 0.05904016
v -0.00918887 0.02176232 0.02638291
v -0.01007001 0.02362294 0.06742901
v -0.03404208 0.02396297 0.05904016
v -0.01007001 0.02362294 0.06742901
v -0.03368472 0.03594568 0.05850465
v -0.03368472 0.03594568 0.05850465
v -0.01007001 0.02362294 0.06742901
v -0.00971265 0.03560566 0.06689350
v -0.03368472 0.03594568 0.05850465
v -0.00971265 0.03560566 0.06689350
v -0.00883151 0.03374504 0.02584740
v -0.01007001 0.02362294 0.06742901
v -0.00918887 0.02176232 0.02638291
v 0.01423863 0.02257223 0.06013965
v -0.01007001 0.02362294 0.06742901
v 0.01423863 0.02257223 0.06013965
v -0.00971265 0.03560566 0.06689350
v -0.00971265 0.03560566 0.06689350
v 0.01423863 0.02257223 0.06013965
v 0.01459599 0.03455495 0.05960414
v -0.00971265 0.03560566 0.06689350
v 0.01459599 0.03455495 0.05960414
v -0.00883151 0.03374504 0.02584740
v 0.01423863 0.02257223 0.06013965
v -0.00918887 0.02176232 0.02638291
v 0.02959876 0.02121215 0.03995636
v 0.01423863 0.02257223 0.06013965
v 0.02959876 0.02121215 0.03995636
v 0.01459599 0.03455495 0.05960414
v 0.01459599 0.03455495 0.05960414
v 0.02959876 0.02121215 0.03995636
v 0.02995612 0.03319487 0.03942085
v 0.01459599 0.03455495 0.05960414
v 0.02995612 0.03319487 0.03942085
v -0.00883151 0.03374504 0.02584740
v 0.02959876 0.02121215 0.03995636
v -0.00918887 0.02176232 0.02638291
v 0.03014333 0.02006222 0.01458847
v 0.02959876 0.02121215 0.03995636
v 0.03014333 0.02006222 0.01458847
v 0.02995612 0.03319487 0.03942085
v 0.02995612 0.03319487 0.03942085
v 0.03014333 0.02006222 0.01458847
v 0.03050069 0.03204494 0.01405297
v 0.02995612 0.03319487 0.03942085
v 0.03050069 0.03204494 0.01405297
v -0.00883151 0.03374504 0.02584740
v 0.03014333 0.02006222 0.01458847
v -0.00918887 0.02176232 0.02638291
v 0.01566435 0.01956167 -0.00627434
v 0.03014333 0.02006222 0.01458847
v 0.01566435 0.01956167 -0.00627434
v 0.03050069 0.03204494 0.01405297
v 0.03050069 0.03204494 0.01405297
v 0.01566435 0.01956167 -0.00627434
v 0.01602171 0.03154439 -0.00680985
v 0.03050069 0.03204494 0.01405297
v 0.01602171 0.03154439 -0.00680985
v -0.00883151 0.03374504 0.02584740
v 0.01566435 0.01956167 -0.00627434
v -0.00918887 0.02176232 0.02638291
v -0.00830772 0.01990169 -0.01466319
v 0.01566435 0.01956167 -0.00627434
v -0.00830772 0.01990169 -0.01466319
v 0.01602171 0.03154439 -0.00680985
v 0.01602171 0.03154439 -0.00680985
v -0.00830772 0.01990169 -0.01466319
v -0.00795036 0.03188441 -0.01519870
v 0.01602171 0.03154439 -0.00680985
v -0.00795036 0.03188441 -0.01519870
v -0.00883151 0.03374504 0.02584740
v -0.00830772 0.01990169 -0.01466319
v -0.00918887 0.02176232 0.02638291
v -0.03261636 0.02095241 -0.00737383
v -0.00830772 0.01990169 -0.01466319
v -0.03261636 0.02095241 -0.00737383
v -0.00795036 0.03188441 -0.01519870
v -0.00795036 0.03188441 -0.01519870
v -0.03261636 0.02095241 -0.00737383
v -0.03225900 0.03293513 -0.00790934
v -0.00795036 0.03188441 -0.01519870
v -0.03225900 0.03293513 -0.00790934
v -0.00883151 0.03374504 0.02584740
f 3241 3242 3243
f 3244 3245 3246
f 3247 3248 3249
f 3250 3251 3252
f 3253 3254 3255
f 3256 3257 3258
f 3259 3260 3261
f 3262 3263 3264
f 3265 3266 3267
f 3268 3269 3270
f 3271 3272 3273
f 3274 3275 3276
f 3277 3278 3279
f 3280 3281 3282
f 3283 3284 3285
f 3286 3287 3288
f 3289 3290 3291
f 3292 3293 3294
f 3295 3296 3297
f 3298 3299 3300
f 3301 3302 3303
f 3304 3305 3306
f 3307 3308 3309
f 3310 3311 3312
f 3313 3314 3315
f 3316 3317 3318
f 3319 3320 3321
f 3322 3323 3324
f 3325 3326 3327
f 3328 3329 3330
f 3331 3332 3333
f 3334 3335 3336
f 3337 3338 3339
f 3340 3341 3342
f 3343 3344 3345
f 3346 3347 3348
f 3349 3350 3351
f 3352 3353 3354
f 3355 3356 3357
f 3358 3359 3360

o geometry_42
usemtl material_5
v -0.04302177 0.01004433 0.05426937
v -0.00809765 0.01134246 0.02700490
v -0.02080507 0.01577367 0.06923778
v -0.04302177 0.01004433 0.05426937
v -0.02080507 0.01577367 0.06923778
v -0.04484683 0.02177048 0.05248988
v -0.04484683 0.02177048 0.05248988
v -0.02080507 0.01577367 0.06923778
v -0.02263014 0.02749982 0.06745829
v -0.04484683 0.02177048 0.05248988
v -0.02263014 0.02749982 0.06745829
v -0.00992272 0.02306861 0.02522541
v -0.02080507 0.01577367 0.06923778
v -0.00809765 0.01134246 0.02700490
v 0.00626543 0.01981043 0.06807467
v -0.02080507 0.01577367 0.06923778
v 0.00626543 0.01981043 0.06807467
v -0.02263014 0.02749982 0.06745829
v -0.02263014 0.02749982 0.06745829
v 0.00626543 0.01981043 0.06807467
v 0.00444036 0.03153658 0.06629518
v -0.02263014 0.02749982 0.06745829
v 0.00444036 0.03153658 0.06629518
v -0.00992272 0.02306861 0.02522541
v 0.00626543 0.01981043 0.06807467
v -0.00809765 0.01134246 0.02700490
v 0.02784972 0.02061272 0.05122430
v 0.00626543 0.01981043 0.06807467
v 0.02784972 0.02061272 0.05122430
v 0.00444036 0.03153658 0.06629518
v 0.00444036 0.03153658 0.06629518
v 0.02784972 0.02061272 0.05122430
v 0.02602465 0.03233887 0.04944481
v 0.00444036 0.03153658 0.06629518
v 0.02602465 0.03233887 0.04944481
v -0.00992272 0.02306861 0.02522541
v 0.02784972 0.02061272 0.05122430
v -0.00809765 0.01134246 0.02700490
v 0.03570333 0.01787408 0.02512294
v 0.02784972 0.02061272 0.05122430
v 0.03570333 0.01787408 0.02512294
v 0.02602465 0.03233887 0.04944481
v 0.02602465 0.03233887 0.04944481
v 0.03570333 0.01787408 0.02512294
v 0.03387827 0.02960023 0.02334346
v 0.02602465 0.03233887 0.04944481
v 0.03387827 0.02960023 0.02334346
v -0.00992272 0.02306861 0.02522541
v 0.03570333 0.01787408 0.02512294
v -0.00809765 0.01134246 0.02700490
v 0.02682646 0.01264059 -0.00025957
v 0.03570333 0.01787408 0.02512294
v 0.02682646 0.01264059 -0.00025957
v 0.03387827 0.02960023 0.02334346
v 0.03387827 0.02960023 0.02334346
v 0.02682646 0.01264059 -0.00025957
v 0.02500140 0.02436674 -0.00203906
v 0.03387827 0.02960023 0.02334346
v 0.02500140 0.02436674 -0.00203906
v -0.00992272 0.02306861 0.02522541
v 0.02682646 0.01264059 -0.00025957
v -0.00809765 0.01134246 0.02700490
v 0.00460977 0.00691126 -0.01522798
v 0.02682646 0.01264059 -0.00025957
v 0.00460977 0.00691126 -0.01522798
v 0.02500140 0.02436674 -0.00203906
v 0.02500140 0.02436674 -0.00203906
v 0.00460977 0.00691126 -0.01522798
v 0.00278470 0.01863741 -0.01700747
v 0.02500140 0.02436674 -0.00203906
v 0.00278470 0.01863741 -0.01700747
v -0.00992272 0.02306861 0.02522541
v 0.00460977 0.00691126 -0.01522798
v -0.00809765 0.01134246 0.02700490
v -0.02246073 0.00287450 -0.01406487
v 0.00460977 0.00691126 -0.01522798
v -0.02246073 0.00287450 -0.01406487
v 0.00278470 0.01863741 -0.01700747
v 0.00278470 0.01863741 -0.01700747
v -0.02246073 0.00287450 -0.01406487
v -0.02428580 0.01460065 -0.01584435
v 0.00278470 0.01863741 -0.01700747
v -0.02428580 0.01460065 -0.01584435
v -0.00992272 0.02306861 0.02522541
v -0.02246073 0.00287450 -0.01406487
v -0.00809765 0.01134246 0.02700490
v -0.04404502 0.00207221 0.00278550
v -0.02246073 0.00287450 -0.01406487
v -0.04404502 0.00207221 0.00278550
v -0.02428580 0.01460065 -0.01584435
v -0.02428580 0.01460065 -0.01584435
v -0.04404502 0.00207221 0.00278550
v -0.04587009 0.01379836 0.00100601
v -0.02428580 0.01460065 -0.01584435
v -0.04587009 0.01379836 0.00100601
v -0.00992272 0.02306861 0.02522541
v -0.04404502 0.00207221 0.00278550
v -0.00809765 0.01134246 0.02700490
v -0.05189864 0.00481084 0.02888685
v -0.04404502 0.00207221 0.00278550
v -0.05189864 0.00481084 0.02888685
v -0.04587009 0.01379836 0.00100601
v -0.04587009 0.01379836 0.00100601
v -0.05189864 0.00481084 0.02888685
v -0.05372370 0.01653699 0.02710737
v -0.04587009 0.01379836 0.00100601
v -0.05372370 0.01653699 0.02710737
v -0.00992272 0.02306861 0.02522541
v -0.05189864 0.00481084 0.02888685
v -0.00809765 0.01134246 0.02700490
v -0.04302177 0.01004433 0.05426937
v -0.05189864 0.00481084 0.02888685
v -0.04302177 0.01004433 0.05426937
v -0.05372370 0.01653699 0.02710737
v -0.05372370 0.01653699 0.02710737
v -0.04302177 0.01004433 0.05426937
v -0.04484683 0.02177048 0.05248988
v -0.05372370 0.01653699 0.02710737
v -0.04484683 0.02177048 0.05248988
v -0.00992272 0.02306861 0.02522541
f 3361 3362 3363
f 3364 3365 3366
f 3367 3368 3369
f 3370 3371 3372
f 3373 3374 3375
f 3376 3377 3378
f 3379 3380 3381
f 3382 3383 3384
f 3385 3386 3387
f 3388 3389 3390
f 3391 3392 3393
f 3394 3395 3396
f 3397 3398 3399
f 3400 3401 3402
f 3403 3404 3405
f 3406 3407 3408
f 3409 3410 3411
f 3412 3413 3414
f 3415 3416 3417
f 3418 3419 3420
f 3421 3422 3423
f 3424 3425 3426
f 3427 3428 3429
f 3430 3431 3432
f 3433 3434 3435
f 3436 3437 3438
f 3439 3440 3441
f 3442 3443 3444
f 3445 3446 3447
f 3448 3449 3450
f 3451 3452 3453
f 3454 3455 3456
f 3457 3458 3459
f 3460 3461 3462
f 3463 3464 3465
f 3466 3467 3468
f 3469 3470 3471
f 3472 3473 3474
f 3475 3476 3477
f 3478 3479 3480

o geometry_41
usemtl material_4
v 0.01177743 -0.00202977 0.05959127
v -0.00941823 -0.00043120 0.02608769
v 0.02738083 -0.00300671 0.04069923
v 0.01177743 -0.00202977 0.05959127
v 0.02738083 -0.00300671 0.04069923
v 0.01259353 0.00994233 0.05964620
v 0.01259353 0.00994233 0.05964620
v 0.02738083 -0.00300671 0.04069923
v 0.02819693 0.00896538 0.04075417
v 0.01259353 0.00994233 0.05964620
v 0.02819693 0.00896538 0.04075417
v -0.00860214 0.01154089 0.02614262
v 0.02738083 -0.00300671 0.04069923
v -0.00941823 -0.00043120 0.02608769
v 0.02892824 -0.00299990 0.01622608
v 0.02738083 -0.00300671 0.04069923
v 0.02892824 -0.00299990 0.01622608
v 0.02819693 0.00896538 0.04075417
v 0.02819693 0.00896538 0.04075417
v 0.02892824 -0.00299990 0.01622608
v 0.02974434 0.00897219 0.01628101
v 0.02819693 0.00896538 0.04075417
v 0.02974434 0.00897219 0.01628101
v -0.00860214 0.01154089 0.02614262
v 0.02892824 -0.00299990 0.01622608
v -0.00941823 -0.00043120 0.02608769
v 0.01582860 -0.00201193 -0.00448028
v 0.02892824 -0.00299990 0.01622608
v 0.01582860 -0.00201193 -0.00448028
v 0.02974434 0.00897219 0.01628101
v 0.02974434 0.00897219 0.01628101
v 0.01582860 -0.00201193 -0.00448028
v 0.01664470 0.00996016 -0.00442534
v 0.02974434 0.00897219 0.01628101
v 0.01664470 0.00996016 -0.00442534
v -0.00860214 0.01154089 0.02614262
v 0.01582860 -0.00201193 -0.00448028
v -0.00941823 -0.00043120 0.02608769
v -0.00691447 -0.00042018 -0.01351071
v 0.01582860 -0.00201193 -0.00448028
v -0.00691447 -0.00042018 -0.01351071
v 0.01664470 0.00996016 -0.00442534
v 0.01664470 0.00996016 -0.00442534
v -0.00691447 -0.00042018 -0.01351071
v -0.00609838 0.01155191 -0.01345577
v 0.01664470 0.00996016 -0.00442534
v -0.00609838 0.01155191 -0.01345577
v -0.00860214 0.01154089 0.02614262
v -0.00691447 -0.00042018 -0.01351071
v -0.00941823 -0.00043120 0.02608769
v -0.03061390 0.00116737 -0.00741590
v -0.00691447 -0.00042018 -0.01351071
v -0.03061390 0.00116737 -0.00741590
v -0.00609838 0.01155191 -0.01345577
v -0.00609838 0.01155191 -0.01345577
v -0.03061390 0.00116737 -0.00741590
v -0.02979780 0.01313946 -0.00736096
v -0.00609838 0.01155191 -0.01345577
v -0.02979780 0.01313946 -0.00736096
v -0.00860214 0.01154089 0.02614262
v -0.03061390 0.00116737 -0.00741590
v -0.00941823 -0.00043120 0.02608769
v -0.04621730 0.00214431 0.01147615
v -0.03061390 0.00116737 -0.00741590
v -0.04621730 0.00214431 0.01147615
v -0.02979780 0.01313946 -0.00736096
v -0.02979780 0.01313946 -0.00736096
v -0.04621730 0.00214431 0.01147615
v -0.04540120 0.01411641 0.01153108
v -0.02979780 0.01313946 -0.00736096
v -0.04540120 0.01411641 0.01153108
v -0.00860214 0.01154089 0.02614262
v -0.04621730 0.00214431 0.01147615
v -0.00941823 -0.00043120 0.02608769
v -0.04776471 0.00213750 0.03594930
v -0.04621730 0.00214431 0.01147615
v -0.04776471 0.00213750 0.03594930
v -0.04540120 0.01411641 0.01153108
v -0.04540120 0.01411641 0.01153108
v -0.04776471 0.00213750 0.03594930
v -0.04694861 0.01410959 0.03600423
v -0.04540120 0.01411641 0.01153108
v -0.04694861 0.01410959 0.03600423
v -0.00860214 0.01154089 0.02614262
v -0.04776471 0.00213750 0.03594930
v -0.00941823 -0.00043120 0.02608769
v -0.03466507 0.00114953 0.05665565
v -0.04776471 0.00213750 0.03594930
v -0.03466507 0.00114953 0.05665565
v -0.04694861 0.01410959 0.03600423
v -0.04694861 0.01410959 0.03600423
v -0.03466507 0.00114953 0.05665565
v -0.03384897 0.01312163 0.05671059
v -0.04694861 0.01410959 0.03600423
v -0.03384897 0.01312163 0.05671059
v -0.00860214 0.01154089 0.02614262
v -0.03466507 0.00114953 0.05665565
v -0.00941823 -0.00043120 0.02608769
v -0.01192199 -0.00044222 0.06568608
v -0.03466507 0.00114953 0.05665565
v -0.01192199 -0.00044222 0.06568608
v -0.03384897 0.01312163 0.05671059
v -0.03384897 0.01312163 0.05671059
v -0.01192199 -0.00044222 0.06568608
v -0.01110590 0.01152987 0.06574102
v -0.03384897 0.01312163 0.05671059
v -0.01110590 0.01152987 0.06574102
v -0.00860214 0.01154089 0.02614262
v -0.01192199 -0.00044222 0.06568608
v -0.00941823 -0.00043120 0.02608769
v 0.01177743 -0.00202977 0.05959127
v -0.01192199 -0.00044222 0.06568608
v 0.01177743 -0.00202977 0.05959127
v -0.01110590 0.01152987 0.06574102
v -0.01110590 0.01152987 0.06574102
v 0.01177743 -0.00202977 0.05959127
v 0.01259353 0.00994233 0.05964620
v -0.01110590 0.01152987 0.06574102
v 0.01259353 0.00994233 0.05964620
v -0.00860214 0.01154089 0.02614262
f 3481 3482 3483
f 3484 3485 3486
f 3487 3488 3489
f 3490 3491 3492
f 3493 3494 3495
f 3496 3497 3498
f 3499 3500 3501
f 3502 3503 3504
f 3505 3506 3507
f 3508 3509 3510
f 3511 3512 3513
f 3514 3515 3516
f 3517 3518 3519
f 3520 3521 3522
f 3523 3524 3525
f 3526 3527 3528
f 3529 3530 3531
f 3532 3533 3534
f 3535 3536 3537
f 3538 3539 3540
f 3541 3542 3543
f 3544 3545 3546
f 3547 3548 3549
f 3550 3551 3552
f 3553 3554 3555
f 3556 3557 3558
f 3559 3560 3561
f 3562 3563 3564
f 3565 3566 3567
f 3568 3569 3570
f 3571 3572 3573
f 3574 3575 3576
f 3577 3578 3579
f 3580 3581 3582
f 3583 3584 3585
f 3586 3587 3588
f 3589 3590 3591
f 3592 3593 3594
f 3595 3596 3597
f 3598 3599 3600

o geometry_40
usemtl material_4
v 0.00368102 0.01273387 0.06222362
v -0.03223173 0.01069841 0.07946058
v -0.01334477 0.01673791 0.04485149
v 0.00368102 0.01273387 0.06222362
v -0.01334477 0.01673791 0.04485149
v 0.00411291 0.02450544 0.06451352
v 0.00411291 0.02450544 0.06451352
v -0.01334477 0.01673791 0.04485149
v -0.01291288 0.02850948 0.04714139
v 0.00411291 0.02450544 0.06451352
v -0.01291288 0.02850948 0.04714139
v -0.03179984 0.02246998 0.08175048
v -0.01334477 0.01673791 0.04485149
v -0.03223173 0.01069841 0.07946058
v -0.03758475 0.01843507 0.04069885
v -0.01334477 0.01673791 0.04485149
v -0.03758475 0.01843507 0.04069885
v -0.01291288 0.02850948 0.04714139
v -0.01291288 0.02850948 0.04714139
v -0.03758475 0.01843507 0.04069885
v -0.03715285 0.03020664 0.04298875
v -0.01291288 0.02850948 0.04714139
v -0.03715285 0.03020664 0.04298875
v -0.03179984 0.02246998 0.08175048
v -0.03758475 0.01843507 0.04069885
v -0.03223173 0.01069841 0.07946058
v -0.05978005 0.01717709 0.05135188
v -0.03758475 0.01843507 0.04069885
v -0.05978005 0.01717709 0.05135188
v -0.03715285 0.03020664 0.04298875
v -0.03715285 0.03020664 0.04298875
v -0.05978005 0.01717709 0.05135188
v -0.05934816 0.02894866 0.05364178
v -0.03715285 0.03020664 0.04298875
v -0.05934816 0.02894866 0.05364178
v -0.03179984 0.02246998 0.08175048
v -0.05978005 0.01717709 0.05135188
v -0.03223173 0.01069841 0.07946058
v -0.07145283 0.01344447 0.07274147
v -0.05978005 0.01717709 0.05135188
v -0.07145283 0.01344447 0.07274147
v -0.05934816 0.02894866 0.05364178
v -0.05934816 0.02894866 0.05364178
v -0.07145283 0.01344447 0.07274147
v -0.07102094 0.02521604 0.07503138
v -0.05934816 0.02894866 0.05364178
v -0.07102094 0.02521604 0.07503138
v -0.03179984 0.02246998 0.08175048
v -0.07145283 0.01344447 0.07274147
v -0.03223173 0.01069841 0.07946058
v -0.06814449 0.00866295 0.09669753
v -0.07145283 0.01344447 0.07274147
v -0.06814449 0.00866295 0.09669753
v -0.07102094 0.02521604 0.07503138
v -0.07102094 0.02521604 0.07503138
v -0.06814449 0.00866295 0.09669753
v -0.06771260 0.02043452 0.09898744
v -0.07102094 0.02521604 0.07503138
v -0.06771260 0.02043452 0.09898744
v -0.03179984 0.02246998 0.08175048
v -0.06814449 0.00866295 0.09669753
v -0.03223173 0.01069841 0.07946058
v -0.05111869 0.00465891 0.11406966
v -0.06814449 0.00866295 0.09669753
v -0.05111869 0.00465891 0.11406966
v -0.06771260 0.02043452 0.09898744
v -0.06771260 0.02043452 0.09898744
v -0.05111869 0.00465891 0.11406966
v -0.05068680 0.01643048 0.11635957
v -0.06771260 0.02043452 0.09898744
v -0.05068680 0.01643048 0.11635957
v -0.03179984 0.02246998 0.08175048
v -0.05111869 0.00465891 0.11406966
v -0.03223173 0.01069841 0.07946058
v -0.02687872 0.00296175 0.11822230
v -0.05111869 0.00465891 0.11406966
v -0.02687872 0.00296175 0.11822230
v -0.05068680 0.01643048 0.11635957
v -0.05068680 0.01643048 0.11635957
v -0.02687872 0.00296175 0.11822230
v -0.02644683 0.01473332 0.12051220
v -0.05068680 0.01643048 0.11635957
v -0.02644683 0.01473332 0.12051220
v -0.03179984 0.02246998 0.08175048
v -0.02687872 0.00296175 0.11822230
v -0.03223173 0.01069841 0.07946058
v -0.00468342 0.00421973 0.10756927
v -0.02687872 0.00296175 0.11822230
v -0.00468342 0.00421973 0.10756927
v -0.02644683 0.01473332 0.12051220
v -0.02644683 0.01473332 0.12051220
v -0.00468342 0.00421973 0.10756927
v -0.00425153 0.01599130 0.10985918
v -0.02644683 0.01473332 0.12051220
v -0.00425153 0.01599130 0.10985918
v -0.03179984 0.02246998 0.08175048
v -0.00468342 0.00421973 0.10756927
v -0.03223173 0.01069841 0.07946058
v 0.00698936 0.00795235 0.08617968
v -0.00468342 0.00421973 0.10756927
v 0.00698936 0.00795235 0.08617968
v -0.00425153 0.01599130 0.10985918
v -0.00425153 0.01599130 0.10985918
v 0.00698936 0.00795235 0.08617968
v 0.00742126 0.01972392 0.08846959
v -0.00425153 0.01599130 0.10985918
v 0.00742126 0.01972392 0.08846959
v -0.03179984 0.02246998 0.08175048
v 0.00698936 0.00795235 0.08617968
v -0.03223173 0.01069841 0.07946058
v 0.00368102 0.01273387 0.06222362
v 0.00698936 0.00795235 0.08617968
v 0.00368102 0.01273387 0.06222362
v 0.00742126 0.01972392 0.08846959
v 0.00742126 0.01972392 0.08846959
v 0.00368102 0.01273387 0.06222362
v 0.00411291 0.02450544 0.06451352
v 0.00742126 0.01972392 0.08846959
v 0.00411291 0.02450544 0.06451352
v -0.03179984 0.02246998 0.08175048
f 3601 3602 3603
f 3604 3605 3606
f 3607 3608 3609
f 3610 3611 3612
f 3613 3614 3615
f 3616 3617 3618
f 3619 3620 3621
f 3622 3623 3624
f 3625 3626 3627
f 3628 3629 3630
f 3631 3632 3633
f 3634 3635 3636
f 3637 3638 3639
f 3640 3641 3642
f 3643 3644 3645
f 3646 3647 3648
f 3649 3650 3651
f 3652 3653 3654
f 3655 3656 3657
f 3658 3659 3660
f 3661 3662 3663
f 3664 3665 3666
f 3667 3668 3669
f 3670 3671 3672
f 3673 3674 3675
f 3676 3677 3678
f 3679 3680 3681
f 3682 3683 3684
f 3685 3686 3687
f 3688 3689 3690
f 3691 3692 3693
f 3694 3695 3696
f 3697 3698 3699
f 3700 3701 3702
f 3703 3704 3705
f 3706 3707 3708
f 3709 3710 3711
f 3712 3713 3714
f 3715 3716 3717
f 3718 3719 3720

o geometry_39
usemtl material_5
v -0.06195681 0.00242870 0.04300677
v -0.03385520 0.00110760 0.08174894
v -0.07767861 0.01230533 0.06604797
v -0.06195681 0.00242870 0.04300677
v -0.07767861 0.01230533 0.06604797
v -0.05827799 0.01361962 0.04071996
v -0.05827799 0.01361962 0.04071996
v -0.07767861 0.01230533 0.06604797
v -0.07399979 0.02349625 0.06376114
v -0.05827799 0.01361962 0.04071996
v -0.07399979 0.02349625 0.06376114
v -0.03017638 0.01229853 0.07946212
v -0.07767861 0.01230533 0.06604797
v -0.03385520 0.00110760 0.08174894
v -0.07666136 0.01790481 0.09508639
v -0.07767861 0.01230533 0.06604797
v -0.07666136 0.01790481 0.09508639
v -0.07399979 0.02349625 0.06376114
v -0.07399979 0.02349625 0.06376114
v -0.07666136 0.01790481 0.09508639
v -0.07298254 0.02909573 0.09279957
v -0.07399979 0.02349625 0.06376114
v -0.07298254 0.02909573 0.09279957
v -0.03017638 0.01229853 0.07946212
v -0.07666136 0.01790481 0.09508639
v -0.03385520 0.00110760 0.08174894
v -0.05929360 0.01708833 0.11903036
v -0.07666136 0.01790481 0.09508639
v -0.05929360 0.01708833 0.11903036
v -0.07298254 0.02909573 0.09279957
v -0.07298254 0.02909573 0.09279957
v -0.05929360 0.01708833 0.11903036
v -0.05561479 0.02827925 0.11674354
v -0.07298254 0.02909573 0.09279957
v -0.05561479 0.02827925 0.11674354
v -0.03017638 0.01229853 0.07946212
v -0.05929360 0.01708833 0.11903036
v -0.03385520 0.00110760 0.08174894
v -0.03220924 0.01016775 0.12873410
v -0.05929360 0.01708833 0.11903036
v -0.03220924 0.01016775 0.12873410
v -0.05561479 0.02827925 0.11674354
v -0.05561479 0.02827925 0.11674354
v -0.03220924 0.01016775 0.12873410
v -0.02853043 0.02135868 0.12644728
v -0.05561479 0.02827925 0.11674354
v -0.02853043 0.02135868 0.12644728
v -0.03017638 0.01229853 0.07946212
v -0.03220924 0.01016775 0.12873410
v -0.03385520 0.00110760 0.08174894
v -0.00575358 -0.00021349 0.12049110
v -0.03220924 0.01016775 0.12873410
v -0.00575358 -0.00021349 0.12049110
v -0.02853043 0.02135868 0.12644728
v -0.02853043 0.02135868 0.12644728
v -0.00575358 -0.00021349 0.12049110
v -0.00207477 0.01097743 0.11820428
v -0.02853043 0.02135868 0.12644728
v -0.00207477 0.01097743 0.11820428
v -0.03017638 0.01229853 0.07946212
v -0.00575358 -0.00021349 0.12049110
v -0.03385520 0.00110760 0.08174894
v 0.00996822 -0.01009012 0.09744991
v -0.00575358 -0.00021349 0.12049110
v 0.00996822 -0.01009012 0.09744991
v -0.00207477 0.01097743 0.11820428
v -0.00207477 0.01097743 0.11820428
v 0.00996822 -0.01009012 0.09744991
v 0.01364703 0.00110080 0.09516309
v -0.00207477 0.01097743 0.11820428
v 0.01364703 0.00110080 0.09516309
v -0.03017638 0.01229853 0.07946212
v 0.00996822 -0.01009012 0.09744991
v -0.03385520 0.00110760 0.08174894
v 0.00895096 -0.01568961 0.06841148
v 0.00996822 -0.01009012 0.09744991
v 0.00895096 -0.01568961 0.06841148
v 0.01364703 0.00110080 0.09516309
v 0.01364703 0.00110080 0.09516309
v 0.00895096 -0.01568961 0.06841148
v 0.01262978 -0.00449868 0.06612466
v 0.01364703 0.00110080 0.09516309
v 0.01262978 -0.00449868 0.06612466
v -0.03017638 0.01229853 0.07946212
v 0.00895096 -0.01568961 0.06841148
v -0.03385520 0.00110760 0.08174894
v -0.00841679 -0.01487312 0.04446751
v 0.00895096 -0.01568961 0.06841148
v -0.00841679 -0.01487312 0.04446751
v 0.01262978 -0.00449868 0.06612466
v 0.01262978 -0.00449868 0.06612466
v -0.00841679 -0.01487312 0.04446751
v -0.00473797 -0.00368220 0.04218069
v 0.01262978 -0.00449868 0.06612466
v -0.00473797 -0.00368220 0.04218069
v -0.03017638 0.01229853 0.07946212
v -0.00841679 -0.01487312 0.04446751
v -0.03385520 0.00110760 0.08174894
v -0.03550114 -0.00795255 0.03476378
v -0.00841679 -0.01487312 0.04446751
v -0.03550114 -0.00795255 0.03476378
v -0.00473797 -0.00368220 0.04218069
v -0.00473797 -0.00368220 0.04218069
v -0.03550114 -0.00795255 0.03476378
v -0.03182233 0.00323838 0.03247695
v -0.00473797 -0.00368220 0.04218069
v -0.03182233 0.00323838 0.03247695
v -0.03017638 0.01229853 0.07946212
v -0.03550114 -0.00795255 0.03476378
v -0.03385520 0.00110760 0.08174894
v -0.06195681 0.00242870 0.04300677
v -0.03550114 -0.00795255 0.03476378
v -0.06195681 0.00242870 0.04300677
v -0.03182233 0.00323838 0.03247695
v -0.03182233 0.00323838 0.03247695
v -0.06195681 0.00242870 0.04300677
v -0.05827799 0.01361962 0.04071996
v -0.03182233 0.00323838 0.03247695
v -0.05827799 0.01361962 0.04071996
v -0.03017638 0.01229853 0.07946212
f 3721 3722 3723
f 3724 3725 3726
f 3727 3728 3729
f 3730 3731 3732
f 3733 3734 3735
f 3736 3737 3738
f 3739 3740 3741
f 3742 3743 3744
f 3745 3746 3747
f 3748 3749 3750
f 3751 3752 3753
f 3754 3755 3756
f 3757 3758 3759
f 3760 3761 3762
f 3763 3764 3765
f 3766 3767 3768
f 3769 3770 3771
f 3772 3773 3774
f 3775 3776 3777
f 3778 3779 3780
f 3781 3782 3783
f 3784 3785 3786
f 3787 3788 3789
f 3790 3791 3792
f 3793 3794 3795
f 3796 3797 3798
f 3799 3800 3801
f 3802 3803 3804
f 3805 3806 3807
f 3808 3809 3810
f 3811 3812 3813
f 3814 3815 3816
f 3817 3818 3819
f 3820 3821 3822
f 3823 3824 3825
f 3826 3827 3828
f 3829 3830 3831
f 3832 3833 3834
f 3835 3836 3837
f 3838 3839 3840

o geometry_38
usemtl material_5
v -0.04546503 -0.00036654 0.01280088
v 0.00126834 0.01212306 0.02112268
v -0.04253261 0.00580905 0.04235617
v -0.04546503 -0.00036654 0.01280088
v -0.04253261 0.00580905 0.04235617
v -0.04815752 0.01113090 0.01066563
v -0.04815752 0.01113090 0.01066563
v -0.04253261 0.00580905 0.04235617
v -0.04522510 0.01730650 0.04022091
v -0.04815752 0.01113090 0.01066563
v -0.04522510 0.01730650 0.04022091
v -0.00142415 0.02362050 0.01898743
v -0.04253261 0.00580905 0.04235617
v 0.00126834 0.01212306 0.02112268
v -0.02286971 0.01439638 0.06380098
v -0.04253261 0.00580905 0.04235617
v -0.02286971 0.01439638 0.06380098
v -0.04522510 0.01730650 0.04022091
v -0.04522510 0.01730650 0.04022091
v -0.02286971 0.01439638 0.06380098
v -0.02556220 0.02589382 0.06166573
v -0.04522510 0.01730650 0.04022091
v -0.02556220 0.02589382 0.06166573
v -0.00142415 0.02362050 0.01898743
v -0.02286971 0.01439638 0.06380098
v 0.00126834 0.01212306 0.02112268
v 0.00601310 0.02211538 0.06894413
v -0.02286971 0.01439638 0.06380098
v 0.00601310 0.02211538 0.06894413
v -0.02556220 0.02589382 0.06166573
v -0.02556220 0.02589382 0.06166573
v 0.00601310 0.02211538 0.06894413
v 0.00332061 0.03361282 0.06680889
v -0.02556220 0.02589382 0.06166573
v 0.00332061 0.03361282 0.06680889
v -0.00142415 0.02362050 0.01898743
v 0.00601310 0.02211538 0.06894413
v 0.00126834 0.01212306 0.02112268
v 0.03308358 0.02601765 0.05582112
v 0.00601310 0.02211538 0.06894413
v 0.03308358 0.02601765 0.05582112
v 0.00332061 0.03361282 0.06680889
v 0.00332061 0.03361282 0.06680889
v 0.03308358 0.02601765 0.05582112
v 0.03039109 0.03751509 0.05368587
v 0.00332061 0.03361282 0.06680889
v 0.03039109 0.03751509 0.05368587
v -0.00142415 0.02362050 0.01898743
v 0.03308358 0.02601765 0.05582112
v 0.00126834 0.01212306 0.02112268
v 0.04800172 0.02461265 0.02944448
v 0.03308358 0.02601765 0.05582112
v 0.04800172 0.02461265 0.02944448
v 0.03039109 0.03751509 0.05368587
v 0.03039109 0.03751509 0.05368587
v 0.04800172 0.02461265 0.02944448
v 0.04530922 0.03611010 0.02730923
v 0.03039109 0.03751509 0.05368587
v 0.04530922 0.03611010 0.02730923
v -0.00142415 0.02362050 0.01898743
v 0.04800172 0.02461265 0.02944448
v 0.00126834 0.01212306 0.02112268
v 0.04506929 0.01843706 -0.00011080
v 0.04800172 0.02461265 0.02944448
v 0.04506929 0.01843706 -0.00011080
v 0.04530922 0.03611010 0.02730923
v 0.04530922 0.03611010 0.02730923
v 0.04506929 0.01843706 -0.00011080
v 0.04237680 0.02993450 -0.00224605
v 0.04530922 0.03611010 0.02730923
v 0.04237680 0.02993450 -0.00224605
v -0.00142415 0.02362050 0.01898743
v 0.04506929 0.01843706 -0.00011080
v 0.00126834 0.01212306 0.02112268
v 0.02540639 0.00984973 -0.02155562
v 0.04506929 0.01843706 -0.00011080
v 0.02540639 0.00984973 -0.02155562
v 0.04237680 0.02993450 -0.00224605
v 0.04237680 0.02993450 -0.00224605
v 0.02540639 0.00984973 -0.02155562
v 0.02271390 0.02134717 -0.02369087
v 0.04237680 0.02993450 -0.00224605
v 0.02271390 0.02134717 -0.02369087
v -0.00142415 0.02362050 0.01898743
v 0.02540639 0.00984973 -0.02155562
v 0.00126834 0.01212306 0.02112268
v -0.00347642 0.00213073 -0.02669877
v 0.02540639 0.00984973 -0.02155562
v -0.00347642 0.00213073 -0.02669877
v 0.02271390 0.02134717 -0.02369087
v 0.02271390 0.02134717 -0.02369087
v -0.00347642 0.00213073 -0.02669877
v -0.00616891 0.01362817 -0.02883402
v 0.02271390 0.02134717 -0.02369087
v -0.00616891 0.01362817 -0.02883402
v -0.00142415 0.02362050 0.01898743
v -0.00347642 0.00213073 -0.02669877
v 0.00126834 0.01212306 0.02112268
v -0.03054690 -0.00177154 -0.01357576
v -0.00347642 0.00213073 -0.02669877
v -0.03054690 -0.00177154 -0.01357576
v -0.00616891 0.01362817 -0.02883402
v -0.00616891 0.01362817 -0.02883402
v -0.03054690 -0.00177154 -0.01357576
v -0.03323939 0.00972591 -0.01571101
v -0.00616891 0.01362817 -0.02883402
v -0.03323939 0.00972591 -0.01571101
v -0.00142415 0.02362050 0.01898743
v -0.03054690 -0.00177154 -0.01357576
v 0.00126834 0.01212306 0.02112268
v -0.04546503 -0.00036654 0.01280088
v -0.03054690 -0.00177154 -0.01357576
v -0.04546503 -0.00036654 0.01280088
v -0.03323939 0.00972591 -0.01571101
v -0.03323939 0.00972591 -0.01571101
v -0.04546503 -0.00036654 0.01280088
v -0.04815752 0.01113090 0.01066563
v -0.03323939 0.00972591 -0.01571101
v -0.04815752 0.01113090 0.01066563
v -0.00142415 0.02362050 0.01898743
f 3841 3842 3843
f 3844 3845 3846
f 3847 3848 3849
f 3850 3851 3852
f 3853 3854 3855
f 3856 3857 3858
f 3859 3860 3861
f 3862 3863 3864
f 3865 3866 3867
f 3868 3869 3870
f 3871 3872 3873
f 3874 3875 3876
f 3877 3878 3879
f 3880 3881 3882
f 3883 3884 3885
f 3886 3887 3888
f 3889 3890 3891
f 3892 3893 3894
f 3895 3896 3897
f 3898 3899 3900
f 3901 3902 3903
f 3904 3905 3906
f 3907 3908 3909
f 3910 3911 3912
f 3913 3914 3915
f 3916 3917 3918
f 3919 3920 3921
f 3922 3923 3924
f 3925 3926 3927
f 3928 3929 3930
f 3931 3932 3933
f 3934 3935 3936
f 3937 3938 3939
f 3940 3941 3942
f 3943 3944 3945
f 3946 3947 3948
f 3949 3950 3951
f 3952 3953 3954
f 3955 3956 3957
f 3958 3959 3960

o geometry_37
usemtl material_5
v 0.00787552 0.01145011 -0.02867397
v -0.00060961 0.00107345 0.01868519
v -0.02212681 0.01307387 -0.02392422
v 0.00787552 0.01145011 -0.02867397
v -0.02212681 0.01307387 -0.02392422
v 0.00893893 0.02308467 -0.02593424
v 0.00893893 0.02308467 -0.02593424
v -0.02212681 0.01307387 -0.02392422
v -0.02106340 0.02470844 -0.02118450
v 0.00893893 0.02308467 -0.02593424
v -0.02106340 0.02470844 -0.02118450
v 0.00045380 0.01270802 0.02142492
v -0.02212681 0.01307387 -0.02392422
v -0.00060961 0.00107345 0.01868519
v -0.04391030 0.01011389 -0.00289913
v -0.02212681 0.01307387 -0.02392422
v -0.04391030 0.01011389 -0.00289913
v -0.02106340 0.02470844 -0.02118450
v -0.02106340 0.02470844 -0.02118450
v -0.04391030 0.01011389 -0.00289913
v -0.04284689 0.02174845 -0.00015941
v -0.02106340 0.02470844 -0.02118450
v -0.04284689 0.02174845 -0.00015941
v 0.00045380 0.01270802 0.02142492
v -0.04391030 0.01011389 -0.00289913
v -0.00060961 0.00107345 0.01868519
v -0.04915440 0.00370076 0.02637044
v -0.04391030 0.01011389 -0.00289913
v -0.04915440 0.00370076 0.02637044
v -0.04284689 0.02174845 -0.00015941
v -0.04284689 0.02174845 -0.00015941
v -0.04915440 0.00370076 0.02637044
v -0.04809099 0.01533533 0.02911016
v -0.04284689 0.02174845 -0.00015941
v -0.04809099 0.01533533 0.02911016
v 0.00045380 0.01270802 0.02142492
v -0.04915440 0.00370076 0.02637044
v -0.00060961 0.00107345 0.01868519
v -0.03585604 -0.00371591 0.05270451
v -0.04915440 0.00370076 0.02637044
v -0.03585604 -0.00371591 0.05270451
v -0.04809099 0.01533533 0.02911016
v -0.04809099 0.01533533 0.02911016
v -0.03585604 -0.00371591 0.05270451
v -0.03479263 0.00791866 0.05544423
v -0.04809099 0.01533533 0.02911016
v -0.03479263 0.00791866 0.05544423
v 0.00045380 0.01270802 0.02142492
v -0.03585604 -0.00371591 0.05270451
v -0.00060961 0.00107345 0.01868519
v -0.00909474 -0.00930320 0.06604435
v -0.03585604 -0.00371591 0.05270451
v -0.00909474 -0.00930320 0.06604435
v -0.03479263 0.00791866 0.05544423
v -0.03479263 0.00791866 0.05544423
v -0.00909474 -0.00930320 0.06604435
v -0.00803133 0.00233136 0.06878408
v -0.03479263 0.00791866 0.05544423
v -0.00803133 0.00233136 0.06878408
v 0.00045380 0.01270802 0.02142492
v -0.00909474 -0.00930320 0.06604435
v -0.00060961 0.00107345 0.01868519
v 0.02090759 -0.01092697 0.06129461
v -0.00909474 -0.00930320 0.06604435
v 0.02090759 -0.01092697 0.06129461
v -0.00803133 0.00233136 0.06878408
v -0.00803133 0.00233136 0.06878408
v 0.02090759 -0.01092697 0.06129461
v 0.02197100 0.00070760 0.06403434
v -0.00803133 0.00233136 0.06878408
v 0.02197100 0.00070760 0.06403434
v 0.00045380 0.01270802 0.02142492
v 0.02090759 -0.01092697 0.06129461
v -0.00060961 0.00107345 0.01868519
v 0.04269108 -0.00796698 0.04026952
v 0.02090759 -0.01092697 0.06129461
v 0.04269108 -0.00796698 0.04026952
v 0.02197100 0.00070760 0.06403434
v 0.02197100 0.00070760 0.06403434
v 0.04269108 -0.00796698 0.04026952
v 0.04375449 0.00366758 0.04300924
v 0.02197100 0.00070760 0.06403434
v 0.04375449 0.00366758 0.04300924
v 0.00045380 0.01270802 0.02142492
v 0.04269108 -0.00796698 0.04026952
v -0.00060961 0.00107345 0.01868519
v 0.04793518 -0.00155386 0.01099995
v 0.04269108 -0.00796698 0.04026952
v 0.04793518 -0.00155386 0.01099995
v 0.04375449 0.00366758 0.04300924
v 0.04375449 0.00366758 0.04300924
v 0.04793518 -0.00155386 0.01099995
v 0.04899859 0.01008071 0.01373968
v 0.04375449 0.00366758 0.04300924
v 0.04899859 0.01008071 0.01373968
v 0.00045380 0.01270802 0.02142492
v 0.04793518 -0.00155386 0.01099995
v -0.00060961 0.00107345 0.01868519
v 0.03463682 0.00586281 -0.01533412
v 0.04793518 -0.00155386 0.01099995
v 0.03463682 0.00586281 -0.01533412
v 0.04899859 0.01008071 0.01373968
v 0.04899859 0.01008071 0.01373968
v 0.03463682 0.00586281 -0.01533412
v 0.03570023 0.01749738 -0.01259439
v 0.04899859 0.01008071 0.01373968
v 0.03570023 0.01749738 -0.01259439
v 0.00045380 0.01270802 0.02142492
v 0.03463682 0.00586281 -0.01533412
v -0.00060961 0.00107345 0.01868519
v 0.00787552 0.01145011 -0.02867397
v 0.03463682 0.00586281 -0.01533412
v 0.00787552 0.01145011 -0.02867397
v 0.03570023 0.01749738 -0.01259439
v 0.03570023 0.01749738 -0.01259439
v 0.00787552 0.01145011 -0.02867397
v 0.00893893 0.02308467 -0.02593424
v 0.03570023 0.01749738 -0.01259439
v 0.00893893 0.02308467 -0.02593424
v 0.00045380 0.01270802 0.02142492
f 3961 3962 3963
f 3964 3965 3966
f 3967 3968 3969
f 3970 3971 3972
f 3973 3974 3975
f 3976 3977 3978
f 3979 3980 3981
f 3982 3983 3984
f 3985 3986 3987
f 3988 3989 3990
f 3991 3992 3993
f 3994 3995 3996
f 3997 3998 3999
f 4000 4001 4002
f 4003 4004 4005
f 4006 4007 4008
f 4009 4010 4011
f 4012 4013 4014
f 4015 4016 4017
f 4018 4019 4020
f 4021 4022 4023
f 4024 4025 4026
f 4027 4028 4029
f 4030 4031 4032
f 4033 4034 4035
f 4036 4037 4038
f 4039 4040 4041
f 4042 4043 4044
f 4045 4046 4047
f 4048 4049 4050
f 4051 4052 4053
f 4054 4055 4056
f 4057 4058 4059
f 4060 4061 4062
f 4063 4064 4065
f 4066 4067 4068
f 4069 4070 4071
f 4072 4073 4074
f 4075 4076 4077
f 4078 4079 4080

o geometry_36
usemtl material_5
v 0.06582997 0.01014295 -0.01896687
v 0.02584853 0.02228002 -0.01754224
v 0.05562984 0.00680431 -0.04247073
v 0.06582997 0.01014295 -0.01896687
v 0.05562984 0.00680431 -0.04247073
v 0.06910646 0.02128896 -0.02197204
v 0.06910646 0.02128896 -0.02197204
v 0.05562984 0.00680431 -0.04247073
v 0.05890633 0.01795032 -0.04547590
v 0.06910646 0.02128896 -0.02197204
v 0.05890633 0.01795032 -0.04547590
v 0.02912502 0.03342603 -0.02054742
v 0.05562984 0.00680431 -0.04247073
v 0.02584853 0.02228002 -0.01754224
v 0.03405426 0.00937685 -0.05645275
v 0.05562984 0.00680431 -0.04247073
v 0.03405426 0.00937685 -0.05645275
v 0.05890633 0.01795032 -0.04547590
v 0.05890633 0.01795032 -0.04547590
v 0.03405426 0.00937685 -0.05645275
v 0.03733075 0.02052286 -0.05945792
v 0.05890633 0.01795032 -0.04547590
v 0.03733075 0.02052286 -0.05945792
v 0.02912502 0.03342603 -0.02054742
v 0.03405426 0.00937685 -0.05645275
v 0.02584853 0.02228002 -0.01754224
v 0.00934438 0.01687798 -0.05557228
v 0.03405426 0.00937685 -0.05645275
v 0.00934438 0.01687798 -0.05557228
v 0.03733075 0.02052286 -0.05945792
v 0.03733075 0.02052286 -0.05945792
v 0.00934438 0.01687798 -0.05557228
v 0.01262087 0.02802399 -0.05857746
v 0.03733075 0.02052286 -0.05945792
v 0.01262087 0.02802399 -0.05857746
v 0.02912502 0.03342603 -0.02054742
v 0.00934438 0.01687798 -0.05557228
v 0.02584853 0.02228002 -0.01754224
v -0.00906148 0.02644249 -0.04016564
v 0.00934438 0.01687798 -0.05557228
v -0.00906148 0.02644249 -0.04016564
v 0.01262087 0.02802399 -0.05857746
v 0.01262087 0.02802399 -0.05857746
v -0.00906148 0.02644249 -0.04016564
v -0.00578499 0.03758850 -0.04317081
v 0.01262087 0.02802399 -0.05857746
v -0.00578499 0.03758850 -0.04317081
v 0.02912502 0.03342603 -0.02054742
v -0.00906148 0.02644249 -0.04016564
v 0.02584853 0.02228002 -0.01754224
v -0.01413290 0.03441709 -0.01611762
v -0.00906148 0.02644249 -0.04016564
v -0.01413290 0.03441709 -0.01611762
v -0.00578499 0.03758850 -0.04317081
v -0.00578499 0.03758850 -0.04317081
v -0.01413290 0.03441709 -0.01611762
v -0.01085641 0.04556310 -0.01912279
v -0.00578499 0.03758850 -0.04317081
v -0.01085641 0.04556310 -0.01912279
v 0.02912502 0.03342603 -0.02054742
v -0.01413290 0.03441709 -0.01611762
v 0.02584853 0.02228002 -0.01754224
v -0.00393277 0.03775574 0.00738624
v -0.01413290 0.03441709 -0.01611762
v -0.00393277 0.03775574 0.00738624
v -0.01085641 0.04556310 -0.01912279
v -0.01085641 0.04556310 -0.01912279
v -0.00393277 0.03775574 0.00738624
v -0.00065629 0.04890175 0.00438106
v -0.01085641 0.04556310 -0.01912279
v -0.00065629 0.04890175 0.00438106
v 0.02912502 0.03342603 -0.02054742
v -0.00393277 0.03775574 0.00738624
v 0.02584853 0.02228002 -0.01754224
v 0.01764280 0.03518319 0.02136826
v -0.00393277 0.03775574 0.00738624
v 0.01764280 0.03518319 0.02136826
v -0.00065629 0.04890175 0.00438106
v -0.00065629 0.04890175 0.00438106
v 0.01764280 0.03518319 0.02136826
v 0.02091929 0.04632920 0.01836309
v -0.00065629 0.04890175 0.00438106
v 0.02091929 0.04632920 0.01836309
v 0.02912502 0.03342603 -0.02054742
v 0.01764280 0.03518319 0.02136826
v 0.02584853 0.02228002 -0.01754224
v 0.04235269 0.02768207 0.02048779
v 0.01764280 0.03518319 0.02136826
v 0.04235269 0.02768207 0.02048779
v 0.02091929 0.04632920 0.01836309
v 0.02091929 0.04632920 0.01836309
v 0.04235269 0.02768207 0.02048779
v 0.04562918 0.03882808 0.01748262
v 0.02091929 0.04632920 0.01836309
v 0.04562918 0.03882808 0.01748262
v 0.02912502 0.03342603 -0.02054742
v 0.04235269 0.02768207 0.02048779
v 0.02584853 0.02228002 -0.01754224
v 0.06075855 0.01811755 0.00508115
v 0.04235269 0.02768207 0.02048779
v 0.06075855 0.01811755 0.00508115
v 0.04562918 0.03882808 0.01748262
v 0.04562918 0.03882808 0.01748262
v 0.06075855 0.01811755 0.00508115
v 0.06403504 0.02926356 0.00207597
v 0.04562918 0.03882808 0.01748262
v 0.06403504 0.02926356 0.00207597
v 0.02912502 0.03342603 -0.02054742
v 0.06075855 0.01811755 0.00508115
v 0.02584853 0.02228002 -0.01754224
v 0.06582997 0.01014295 -0.01896687
v 0.06075855 0.01811755 0.00508115
v 0.06582997 0.01014295 -0.01896687
v 0.06403504 0.02926356 0.00207597
v 0.06403504 0.02926356 0.00207597
v 0.06582997 0.01014295 -0.01896687
v 0.06910646 0.02128896 -0.02197204
v 0.06403504 0.02926356 0.00207597
v 0.06910646 0.02128896 -0.02197204
v 0.02912502 0.03342603 -0.02054742
f 4081 4082 4083
f 4084 4085 4086
f 4087 4088 4089
f 4090 4091 4092
f 4093 4094 4095
f 4096 4097 4098
f 4099 4100 4101
f 4102 4103 4104
f 4105 4106 4107
f 4108 4109 4110
f 4111 4112 4113
f 4114 4115 4116
f 4117 4118 4119
f 4120 4121 4122
f 4123 4124 4125
f 4126 4127 4128
f 4129 4130 4131
f 4132 4133 4134
f 4135 4136 4137
f 4138 4139 4140
f 4141 4142 4143
f 4144 4145 4146
f 4147 4148 4149
f 4150 4151 4152
f 4153 4154 4155
f 4156 4157 4158
f 4159 4160 4161
f 4162 4163 4164
f 4165 4166 4167
f 4168 4169 4170
f 4171 4172 4173
f 4174 4175 4176
f 4177 4178 4179
f 4180 4181 4182
f 4183 4184 4185
f 4186 4187 4188
f 4189 4190 4191
f 4192 4193 4194
f 4195 4196 4197
f 4198 4199 4200

o geometry_35
usemtl material_5
v -0.01801791 0.01142420 -0.03837017
v 0.02753959 0.01193064 -0.01901216
v -0.02069657 0.01156656 -0.00789390
v -0.01801791 0.01142420 -0.03837017
v -0.02069657 0.01156656 -0.00789390
v -0.01812354 0.02342355 -0.03843550
v -0.01812354 0.02342355 -0.03843550
v -0.02069657 0.01156656 -0.00789390
v -0.02080220 0.02356591 -0.00795924
v -0.01812354 0.02342355 -0.03843550
v -0.02080220 0.02356591 -0.00795924
v 0.02743396 0.02393000 -0.01907750
v -0.02069657 0.01156656 -0.00789390
v 0.02753959 0.01193064 -0.01901216
v -0.00495064 0.01184799 0.01833557
v -0.02069657 0.01156656 -0.00789390
v -0.00495064 0.01184799 0.01833557
v -0.02080220 0.02356591 -0.00795924
v -0.02080220 0.02356591 -0.00795924
v -0.00495064 0.01184799 0.01833557
v -0.00505627 0.02384734 0.01827023
v -0.02080220 0.02356591 -0.00795924
v -0.00505627 0.02384734 0.01827023
v 0.02743396 0.02393000 -0.01907750
v -0.00495064 0.01184799 0.01833557
v 0.02753959 0.01193064 -0.01901216
v 0.02320545 0.01216099 0.03029947
v -0.00495064 0.01184799 0.01833557
v 0.02320545 0.01216099 0.03029947
v -0.00505627 0.02384734 0.01827023
v -0.00505627 0.02384734 0.01827023
v 0.02320545 0.01216099 0.03029947
v 0.02309982 0.02416034 0.03023414
v -0.00505627 0.02384734 0.01827023
v 0.02309982 0.02416034 0.03023414
v 0.02743396 0.02393000 -0.01907750
v 0.02320545 0.01216099 0.03029947
v 0.02753959 0.01193064 -0.01901216
v 0.05301703 0.01238600 0.02342801
v 0.02320545 0.01216099 0.03029947
v 0.05301703 0.01238600 0.02342801
v 0.02309982 0.02416034 0.03023414
v 0.02309982 0.02416034 0.03023414
v 0.05301703 0.01238600 0.02342801
v 0.05291140 0.02438536 0.02336267
v 0.02309982 0.02416034 0.03023414
v 0.05291140 0.02438536 0.02336267
v 0.02743396 0.02393000 -0.01907750
v 0.05301703 0.01238600 0.02342801
v 0.02753959 0.01193064 -0.01901216
v 0.07309710 0.01243709 0.00034584
v 0.05301703 0.01238600 0.02342801
v 0.07309710 0.01243709 0.00034584
v 0.05291140 0.02438536 0.02336267
v 0.05291140 0.02438536 0.02336267
v 0.07309710 0.01243709 0.00034584
v 0.07299147 0.02443644 0.00028050
v 0.05291140 0.02438536 0.02336267
v 0.07299147 0.02443644 0.00028050
v 0.02743396 0.02393000 -0.01907750
v 0.07309710 0.01243709 0.00034584
v 0.02753959 0.01193064 -0.01901216
v 0.07577575 0.01229472 -0.03013043
v 0.07309710 0.01243709 0.00034584
v 0.07577575 0.01229472 -0.03013043
v 0.07299147 0.02443644 0.00028050
v 0.07299147 0.02443644 0.00028050
v 0.07577575 0.01229472 -0.03013043
v 0.07567012 0.02429408 -0.03019576
v 0.07299147 0.02443644 0.00028050
v 0.07567012 0.02429408 -0.03019576
v 0.02743396 0.02393000 -0.01907750
v 0.07577575 0.01229472 -0.03013043
v 0.02753959 0.01193064 -0.01901216
v 0.06002983 0.01201329 -0.05635989
v 0.07577575 0.01229472 -0.03013043
v 0.06002983 0.01201329 -0.05635989
v 0.07567012 0.02429408 -0.03019576
v 0.07567012 0.02429408 -0.03019576
v 0.06002983 0.01201329 -0.05635989
v 0.05992420 0.02401265 -0.05642523
v 0.07567012 0.02429408 -0.03019576
v 0.05992420 0.02401265 -0.05642523
v 0.02743396 0.02393000 -0.01907750
v 0.06002983 0.01201329 -0.05635989
v 0.02753959 0.01193064 -0.01901216
v 0.03187374 0.01170029 -0.06832380
v 0.06002983 0.01201329 -0.05635989
v 0.03187374 0.01170029 -0.06832380
v 0.05992420 0.02401265 -0.05642523
v 0.05992420 0.02401265 -0.05642523
v 0.03187374 0.01170029 -0.06832380
v 0.03176811 0.02369965 -0.06838913
v 0.05992420 0.02401265 -0.05642523
v 0.03176811 0.02369965 -0.06838913
v 0.02743396 0.02393000 -0.01907750
v 0.03187374 0.01170029 -0.06832380
v 0.02753959 0.01193064 -0.01901216
v 0.00206215 0.01147528 -0.06145233
v 0.03187374 0.01170029 -0.06832380
v 0.00206215 0.01147528 -0.06145233
v 0.03176811 0.02369965 -0.06838913
v 0.03176811 0.02369965 -0.06838913
v 0.00206215 0.01147528 -0.06145233
v 0.00195652 0.02347464 -0.06151767
v 0.03176811 0.02369965 -0.06838913
v 0.00195652 0.02347464 -0.06151767
v 0.02743396 0.02393000 -0.01907750
v 0.00206215 0.01147528 -0.06145233
v 0.02753959 0.01193064 -0.01901216
v -0.01801791 0.01142420 -0.03837017
v 0.00206215 0.01147528 -0.06145233
v -0.01801791 0.01142420 -0.03837017
v 0.00195652 0.02347464 -0.06151767
v 0.00195652 0.02347464 -0.06151767
v -0.01801791 0.01142420 -0.03837017
v -0.01812354 0.02342355 -0.03843550
v 0.00195652 0.02347464 -0.06151767
v -0.01812354 0.02342355 -0.03843550
v 0.02743396 0.02393000 -0.01907750
f 4201 4202 4203
f 4204 4205 4206
f 4207 4208 4209
f 4210 4211 4212
f 4213 4214 4215
f 4216 4217 4218
f 4219 4220 4221
f 4222 4223 4224
f 4225 4226 4227
f 4228 4229 4230
f 4231 4232 4233
f 4234 4235 4236
f 4237 4238 4239
f 4240 4241 4242
f 4243 4244 4245
f 4246 4247 4248
f 4249 4250 4251
f 4252 4253 4254
f 4255 4256 4257
f 4258 4259 4260
f 4261 4262 4263
f 4264 4265 4266
f 4267 4268 4269
f 4270 4271 4272
f 4273 4274 4275
f 4276 4277 4278
f 4279 4280 4281
f 4282 4283 4284
f 4285 4286 4287
f 4288 4289 4290
f 4291 4292 4293
f 4294 4295 4296
f 4297 4298 4299
f 4300 4301 4302
f 4303 4304 4305
f 4306 4307 4308
f 4309 4310 4311
f 4312 4313 4314
f 4315 4316 4317
f 4318 4319 4320

o geometry_34
usemtl material_4
v -0.01424569 -0.00727380 -0.01363573
v 0.02860318 0.00028491 -0.01824440
v -0.00401804 -0.00196623 0.01082772
v -0.01424569 -0.00727380 -0.01363573
v -0.00401804 -0.00196623 0.01082772
v -0.01647850 0.00440746 -0.01523660
v -0.01647850 0.00440746 -0.01523660
v -0.00401804 -0.00196623 0.01082772
v -0.00625084 0.00971503 0.00922685
v -0.01647850 0.00440746 -0.01523660
v -0.00625084 0.00971503 0.00922685
v 0.02637038 0.01196617 -0.01984527
v -0.00401804 -0.00196623 0.01082772
v 0.02860318 0.00028491 -0.01824440
v 0.01866981 0.00420120 0.02418661
v -0.00401804 -0.00196623 0.01082772
v 0.01866981 0.00420120 0.02418661
v -0.00625084 0.00971503 0.00922685
v -0.00625084 0.00971503 0.00922685
v 0.01866981 0.00420120 0.02418661
v 0.01643701 0.01588246 0.02258574
v -0.00625084 0.00971503 0.00922685
v 0.01643701 0.01588246 0.02258574
v 0.02637038 0.01196617 -0.01984527
v 0.01866981 0.00420120 0.02418661
v 0.02860318 0.00028491 -0.01824440
v 0.04515187 0.00887274 0.02133830
v 0.01866981 0.00420120 0.02418661
v 0.04515187 0.00887274 0.02133830
v 0.01643701 0.01588246 0.02258574
v 0.01643701 0.01588246 0.02258574
v 0.04515187 0.00887274 0.02133830
v 0.04291907 0.02055400 0.01973743
v 0.01643701 0.01588246 0.02258574
v 0.04291907 0.02055400 0.01973743
v 0.02637038 0.01196617 -0.01984527
v 0.04515187 0.00887274 0.02133830
v 0.02860318 0.00028491 -0.01824440
v 0.06531289 0.01026402 0.00337074
v 0.04515187 0.00887274 0.02133830
v 0.06531289 0.01026402 0.00337074
v 0.04291907 0.02055400 0.01973743
v 0.04291907 0.02055400 0.01973743
v 0.06531289 0.01026402 0.00337074
v 0.06308009 0.02194528 0.00176987
v 0.04291907 0.02055400 0.01973743
v 0.06308009 0.02194528 0.00176987
v 0.02637038 0.01196617 -0.01984527
v 0.06531289 0.01026402 0.00337074
v 0.02860318 0.00028491 -0.01824440
v 0.07145205 0.00784362 -0.02285307
v 0.06531289 0.01026402 0.00337074
v 0.07145205 0.00784362 -0.02285307
v 0.06308009 0.02194528 0.00176987
v 0.06308009 0.02194528 0.00176987
v 0.07145205 0.00784362 -0.02285307
v 0.06921925 0.01952487 -0.02445393
v 0.06308009 0.02194528 0.00176987
v 0.06921925 0.01952487 -0.02445393
v 0.02637038 0.01196617 -0.01984527
v 0.07145205 0.00784362 -0.02285307
v 0.02860318 0.00028491 -0.01824440
v 0.06122440 0.00253605 -0.04731652
v 0.07145205 0.00784362 -0.02285307
v 0.06122440 0.00253605 -0.04731652
v 0.06921925 0.01952487 -0.02445393
v 0.06921925 0.01952487 -0.02445393
v 0.06122440 0.00253605 -0.04731652
v 0.05899160 0.01421730 -0.04891739
v 0.06921925 0.01952487 -0.02445393
v 0.05899160 0.01421730 -0.04891739
v 0.02637038 0.01196617 -0.01984527
v 0.06122440 0.00253605 -0.04731652
v 0.02860318 0.00028491 -0.01824440
v 0.03853655 -0.00363138 -0.06067540
v 0.06122440 0.00253605 -0.04731652
v 0.03853655 -0.00363138 -0.06067540
v 0.05899160 0.01421730 -0.04891739
v 0.05899160 0.01421730 -0.04891739
v 0.03853655 -0.00363138 -0.06067540
v 0.03630375 0.00804988 -0.06227627
v 0.05899160 0.01421730 -0.04891739
v 0.03630375 0.00804988 -0.06227627
v 0.02637038 0.01196617 -0.01984527
v 0.03853655 -0.00363138 -0.06067540
v 0.02860318 0.00028491 -0.01824440
v 0.01205449 -0.00830292 -0.05782709
v 0.03853655 -0.00363138 -0.06067540
v 0.01205449 -0.00830292 -0.05782709
v 0.03630375 0.00804988 -0.06227627
v 0.03630375 0.00804988 -0.06227627
v 0.01205449 -0.00830292 -0.05782709
v 0.00982169 0.00337834 -0.05942796
v 0.03630375 0.00804988 -0.06227627
v 0.00982169 0.00337834 -0.05942796
v 0.02637038 0.01196617 -0.01984527
v 0.01205449 -0.00830292 -0.05782709
v 0.02860318 0.00028491 -0.01824440
v -0.00810653 -0.00969420 -0.03985953
v 0.01205449 -0.00830292 -0.05782709
v -0.00810653 -0.00969420 -0.03985953
v 0.00982169 0.00337834 -0.05942796
v 0.00982169 0.00337834 -0.05942796
v -0.00810653 -0.00969420 -0.03985953
v -0.01033933 0.00198706 -0.04146040
v 0.00982169 0.00337834 -0.05942796
v -0.01033933 0.00198706 -0.04146040
v 0.02637038 0.01196617 -0.01984527
v -0.00810653 -0.00969420 -0.03985953
v 0.02860318 0.00028491 -0.01824440
v -0.01424569 -0.00727380 -0.01363573
v -0.00810653 -0.00969420 -0.03985953
v -0.01424569 -0.00727380 -0.01363573
v -0.01033933 0.00198706 -0.04146040
v -0.01033933 0.00198706 -0.04146040
v -0.01424569 -0.00727380 -0.01363573
v -0.01647850 0.00440746 -0.01523660
v -0.01033933 0.00198706 -0.04146040
v -0.01647850 0.00440746 -0.01523660
v 0.02637038 0.01196617 -0.01984527
f 4321 4322 4323
f 4324 4325 4326
f 4327 4328 4329
f 4330 4331 4332
f 4333 4334 4335
f 4336 4337 4338
f 4339 4340 4341
f 4342 4343 4344
f 4345 4346 4347
f 4348 4349 4350
f 4351 4352 4353
f 4354 4355 4356
f 4357 4358 4359
f 4360 4361 4362
f 4363 4364 4365
f 4366 4367 4368
f 4369 4370 4371
f 4372 4373 4374
f 4375 4376 4377
f 4378 4379 4380
f 4381 4382 4383
f 4384 4385 4386
f 4387 4388 4389
f 4390 4391 4392
f 4393 4394 4395
f 4396 4397 4398
f 4399 4400 4401
f 4402 4403 4404
f 4405 4406 4407
f 4408 4409 4410
f 4411 4412 4413
f 4414 4415 4416
f 4417 4418 4419
f 4420 4421 4422
f 4423 4424 4425
f 4426 4427 4428
f 4429 4430 4431
f 4432 4433 4434
f 4435 4436 4437
f 4438 4439 4440

o geometry_33
usemtl material_4
v 0.15027294 -0.00059803 0.00683238
v 0.12450417 0.01175126 -0.02992091
v 0.16735056 -0.00035688 -0.01632245
v 0.15027294 -0.00059803 0.00683238
v 0.16735056 -0.00035688 -0.01632245
v 0.15288296 0.01093476 0.00887750
v 0.15288296 0.01093476 0.00887750
v 0.16735056 -0.00035688 -0.01632245
v 0.16996059 0.01117591 -0.01427733
v 0.15288296 0.01093476 0.00887750
v 0.16996059 0.01117591 -0.01427733
v 0.12711419 0.02328405 -0.02787580
v 0.16735056 -0.00035688 -0.01632245
v 0.12450417 0.01175126 -0.02992091
v 0.16806233 0.00450917 -0.04467142
v 0.16735056 -0.00035688 -0.01632245
v 0.16806233 0.00450917 -0.04467142
v 0.16996059 0.01117591 -0.01427733
v 0.16996059 0.01117591 -0.01427733
v 0.16806233 0.00450917 -0.04467142
v 0.17067236 0.01604196 -0.04262631
v 0.16996059 0.01117591 -0.01427733
v 0.17067236 0.01604196 -0.04262631
v 0.12711419 0.02328405 -0.02787580
v 0.16806233 0.00450917 -0.04467142
v 0.12450417 0.01175126 -0.02992091
v 0.15213636 0.01214145 -0.06738621
v 0.16806233 0.00450917 -0.04467142
v 0.15213636 0.01214145 -0.06738621
v 0.17067236 0.01604196 -0.04262631
v 0.17067236 0.01604196 -0.04262631
v 0.15213636 0.01214145 -0.06738621
v 0.15474638 0.02367424 -0.06534109
v 0.17067236 0.01604196 -0.04262631
v 0.15474638 0.02367424 -0.06534109
v 0.12711419 0.02328405 -0.02787580
v 0.15213636 0.01214145 -0.06738621
v 0.12450417 0.01175126 -0.02992091
v 0.12565583 0.01962470 -0.07579052
v 0.15213636 0.01214145 -0.06738621
v 0.12565583 0.01962470 -0.07579052
v 0.15474638 0.02367424 -0.06534109
v 0.15474638 0.02367424 -0.06534109
v 0.12565583 0.01962470 -0.07579052
v 0.12826586 0.03115749 -0.07374541
v 0.15474638 0.02367424 -0.06534109
v 0.12826586 0.03115749 -0.07374541
v 0.12711419 0.02328405 -0.02787580
v 0.12565583 0.01962470 -0.07579052
v 0.12450417 0.01175126 -0.02992091
v 0.09873541 0.02410056 -0.06667420
v 0.12565583 0.01962470 -0.07579052
v 0.09873541 0.02410056 -0.06667420
v 0.12826586 0.03115749 -0.07374541
v 0.12826586 0.03115749 -0.07374541
v 0.09873541 0.02410056 -0.06667420
v 0.10134543 0.03563334 -0.06462909
v 0.12826586 0.03115749 -0.07374541
v 0.10134543 0.03563334 -0.06462909
v 0.12711419 0.02328405 -0.02787580
v 0.09873541 0.02410056 -0.06667420
v 0.12450417 0.01175126 -0.02992091
v 0.08165777 0.02385940 -0.04351937
v 0.09873541 0.02410056 -0.06667420
v 0.08165777 0.02385940 -0.04351937
v 0.10134543 0.03563334 -0.06462909
v 0.10134543 0.03563334 -0.06462909
v 0.08165777 0.02385940 -0.04351937
v 0.08426781 0.03539219 -0.04147426
v 0.10134543 0.03563334 -0.06462909
v 0.08426781 0.03539219 -0.04147426
v 0.12711419 0.02328405 -0.02787580
v 0.08165777 0.02385940 -0.04351937
v 0.12450417 0.01175126 -0.02992091
v 0.08094601 0.01899335 -0.01517039
v 0.08165777 0.02385940 -0.04351937
v 0.08094601 0.01899335 -0.01517039
v 0.08426781 0.03539219 -0.04147426
v 0.08426781 0.03539219 -0.04147426
v 0.08094601 0.01899335 -0.01517039
v 0.08355604 0.03052614 -0.01312528
v 0.08426781 0.03539219 -0.04147426
v 0.08355604 0.03052614 -0.01312528
v 0.12711419 0.02328405 -0.02787580
v 0.08094601 0.01899335 -0.01517039
v 0.12450417 0.01175126 -0.02992091
v 0.09687199 0.01136107 0.00754439
v 0.08094601 0.01899335 -0.01517039
v 0.09687199 0.01136107 0.00754439
v 0.08355604 0.03052614 -0.01312528
v 0.08355604 0.03052614 -0.01312528
v 0.09687199 0.01136107 0.00754439
v 0.09948201 0.02289386 0.00958950
v 0.08355604 0.03052614 -0.01312528
v 0.09948201 0.02289386 0.00958950
v 0.12711419 0.02328405 -0.02787580
v 0.09687199 0.01136107 0.00754439
v 0.12450417 0.01175126 -0.02992091
v 0.12335251 0.00387783 0.01594870
v 0.09687199 0.01136107 0.00754439
v 0.12335251 0.00387783 0.01594870
v 0.09948201 0.02289386 0.00958950
v 0.09948201 0.02289386 0.00958950
v 0.12335251 0.00387783 0.01594870
v 0.12596254 0.01541062 0.01799382
v 0.09948201 0.02289386 0.00958950
v 0.12596254 0.01541062 0.01799382
v 0.12711419 0.02328405 -0.02787580
v 0.12335251 0.00387783 0.01594870
v 0.12450417 0.01175126 -0.02992091
v 0.15027294 -0.00059803 0.00683238
v 0.12335251 0.00387783 0.01594870
v 0.15027294 -0.00059803 0.00683238
v 0.12596254 0.01541062 0.01799382
v 0.12596254 0.01541062 0.01799382
v 0.15027294 -0.00059803 0.00683238
v 0.15288296 0.01093476 0.00887750
v 0.12596254 0.01541062 0.01799382
v 0.15288296 0.01093476 0.00887750
v 0.12711419 0.02328405 -0.02787580
f 4441 4442 4443
f 4444 4445 4446
f 4447 4448 4449
f 4450 4451 4452
f 4453 4454 4455
f 4456 4457 4458
f 4459 4460 4461
f 4462 4463 4464
f 4465 4466 4467
f 4468 4469 4470
f 4471 4472 4473
f 4474 4475 4476
f 4477 4478 4479
f 4480 4481 4482
f 4483 4484 4485
f 4486 4487 4488
f 4489 4490 4491
f 4492 4493 4494
f 4495 4496 4497
f 4498 4499 4500
f 4501 4502 4503
f 4504 4505 4506
f 4507 4508 4509
f 4510 4511 4512
f 4513 4514 4515
f 4516 4517 4518
f 4519 4520 4521
f 4522 4523 4524
f 4525 4526 4527
f 4528 4529 4530
f 4531 4532 4533
f 4534 4535 4536
f 4537 4538 4539
f 4540 4541 4542
f 4543 4544 4545
f 4546 4547 4548
f 4549 4550 4551
f 4552 4553 4554
f 4555 4556 4557
f 4558 4559 4560

o geometry_32
usemtl material_5
v 0.15985894 -0.00100672 -0.04939346
v 0.12541929 -0.00039064 -0.02938573
v 0.14161451 0.00151949 -0.06572914
v 0.15985894 -0.00100672 -0.04939346
v 0.14161451 0.00151949 -0.06572914
v 0.16063872 0.01092817 -0.04841870
v 0.16063872 0.01092817 -0.04841870
v 0.14161451 0.00151949 -0.06572914
v 0.14239430 0.01345438 -0.06475439
v 0.16063872 0.01092817 -0.04841870
v 0.14239430 0.01345438 -0.06475439
v 0.12619908 0.01154426 -0.02841097
v 0.14161451 0.00151949 -0.06572914
v 0.12541929 -0.00039064 -0.02938573
v 0.11718407 0.00331609 -0.06818289
v 0.14161451 0.00151949 -0.06572914
v 0.11718407 0.00331609 -0.06818289
v 0.14239430 0.01345438 -0.06475439
v 0.14239430 0.01345438 -0.06475439
v 0.11718407 0.00331609 -0.06818289
v 0.11796387 0.01525099 -0.06720813
v 0.14239430 0.01345438 -0.06475439
v 0.11796387 0.01525099 -0.06720813
v 0.12619908 0.01154426 -0.02841097
v 0.11718407 0.00331609 -0.06818289
v 0.12541929 -0.00039064 -0.02938573
v 0.09589920 0.00369686 -0.05581743
v 0.11718407 0.00331609 -0.06818289
v 0.09589920 0.00369686 -0.05581743
v 0.11796387 0.01525099 -0.06720813
v 0.11796387 0.01525099 -0.06720813
v 0.09589920 0.00369686 -0.05581743
v 0.09667899 0.01563176 -0.05484267
v 0.11796387 0.01525099 -0.06720813
v 0.09667899 0.01563176 -0.05484267
v 0.12619908 0.01154426 -0.02841097
v 0.09589920 0.00369686 -0.05581743
v 0.12541929 -0.00039064 -0.02938573
v 0.08589000 0.00251634 -0.03335596
v 0.09589920 0.00369686 -0.05581743
v 0.08589000 0.00251634 -0.03335596
v 0.09667899 0.01563176 -0.05484267
v 0.09667899 0.01563176 -0.05484267
v 0.08589000 0.00251634 -0.03335596
v 0.08666979 0.01445124 -0.03238121
v 0.09667899 0.01563176 -0.05484267
v 0.08666979 0.01445124 -0.03238121
v 0.12619908 0.01154426 -0.02841097
v 0.08589000 0.00251634 -0.03335596
v 0.12541929 -0.00039064 -0.02938573
v 0.09097964 0.00022545 -0.00937800
v 0.08589000 0.00251634 -0.03335596
v 0.09097964 0.00022545 -0.00937800
v 0.08666979 0.01445124 -0.03238121
v 0.08666979 0.01445124 -0.03238121
v 0.09097964 0.00022545 -0.00937800
v 0.09175943 0.01216035 -0.00840325
v 0.08666979 0.01445124 -0.03238121
v 0.09175943 0.01216035 -0.00840325
v 0.12619908 0.01154426 -0.02841097
v 0.09097964 0.00022545 -0.00937800
v 0.12541929 -0.00039064 -0.02938573
v 0.10922406 -0.00230076 0.00695769
v 0.09097964 0.00022545 -0.00937800
v 0.10922406 -0.00230076 0.00695769
v 0.09175943 0.01216035 -0.00840325
v 0.09175943 0.01216035 -0.00840325
v 0.10922406 -0.00230076 0.00695769
v 0.11000385 0.00963414 0.00793244
v 0.09175943 0.01216035 -0.00840325
v 0.11000385 0.00963414 0.00793244
v 0.12619908 0.01154426 -0.02841097
v 0.10922406 -0.00230076 0.00695769
v 0.12541929 -0.00039064 -0.02938573
v 0.13365451 -0.00409737 0.00941143
v 0.10922406 -0.00230076 0.00695769
v 0.13365451 -0.00409737 0.00941143
v 0.11000385 0.00963414 0.00793244
v 0.11000385 0.00963414 0.00793244
v 0.13365451 -0.00409737 0.00941143
v 0.13443430 0.00783753 0.01038618
v 0.11000385 0.00963414 0.00793244
v 0.13443430 0.00783753 0.01038618
v 0.12619908 0.01154426 -0.02841097
v 0.13365451 -0.00409737 0.00941143
v 0.12541929 -0.00039064 -0.02938573
v 0.15493937 -0.00447813 -0.00295403
v 0.13365451 -0.00409737 0.00941143
v 0.15493937 -0.00447813 -0.00295403
v 0.13443430 0.00783753 0.01038618
v 0.13443430 0.00783753 0.01038618
v 0.15493937 -0.00447813 -0.00295403
v 0.15571916 0.00745677 -0.00197927
v 0.13443430 0.00783753 0.01038618
v 0.15571916 0.00745677 -0.00197927
v 0.12619908 0.01154426 -0.02841097
v 0.15493937 -0.00447813 -0.00295403
v 0.12541929 -0.00039064 -0.02938573
v 0.16494858 -0.00329761 -0.02541550
v 0.15493937 -0.00447813 -0.00295403
v 0.16494858 -0.00329761 -0.02541550
v 0.15571916 0.00745677 -0.00197927
v 0.15571916 0.00745677 -0.00197927
v 0.16494858 -0.00329761 -0.02541550
v 0.16572836 0.00863729 -0.02444074
v 0.15571916 0.00745677 -0.00197927
v 0.16572836 0.00863729 -0.02444074
v 0.12619908 0.01154426 -0.02841097
v 0.16494858 -0.00329761 -0.02541550
v 0.12541929 -0.00039064 -0.02938573
v 0.15985894 -0.00100672 -0.04939346
v 0.16494858 -0.00329761 -0.02541550
v 0.15985894 -0.00100672 -0.04939346
v 0.16572836 0.00863729 -0.02444074
v 0.16572836 0.00863729 -0.02444074
v 0.15985894 -0.00100672 -0.04939346
v 0.16063872 0.01092817 -0.04841870
v 0.16572836 0.00863729 -0.02444074
v 0.16063872 0.01092817 -0.04841870
v 0.12619908 0.01154426 -0.02841097
f 4561 4562 4563
f 4564 4565 4566
f 4567 4568 4569
f 4570 4571 4572
f 4573 4574 4575
f 4576 4577 4578
f 4579 4580 4581
f 4582 4583 4584
f 4585 4586 4587
f 4588 4589 4590
f 4591 4592 4593
f 4594 4595 4596
f 4597 4598 4599
f 4600 4601 4602
f 4603 4604 4605
f 4606 4607 4608
f 4609 4610 4611
f 4612 4613 4614
f 4615 4616 4617
f 4618 4619 4620
f 4621 4622 4623
f 4624 4625 4626
f 4627 4628 4629
f 4630 4631 4632
f 4633 4634 4635
f 4636 4637 4638
f 4639 4640 4641
f 4642 4643 4644
f 4645 4646 4647
f 4648 4649 4650
f 4651 4652 4653
f 4654 4655 4656
f 4657 4658 4659
f 4660 4661 4662
f 4663 4664 4665
f 4666 4667 4668
f 4669 4670 4671
f 4672 4673 4674
f 4675 4676 4677
f 4678 4679 4680

o geometry_31
usemtl material_5
v 0.05647001 0.00329789 -0.00949359
v 0.01553896 0.00036344 -0.02879852
v 0.06005899 0.00207890 -0.03726409
v 0.05647001 0.00329789 -0.00949359
v 0.06005899 0.00207890 -0.03726409
v 0.05589467 0.01526907 -0.01009342
v 0.05589467 0.01526907 -0.01009342
v 0.06005899 0.00207890 -0.03726409
v 0.05948366 0.01405008 -0.03786392
v 0.05589467 0.01526907 -0.01009342
v 0.05948366 0.01405008 -0.03786392
v 0.01496363 0.01233462 -0.02939835
v 0.06005899 0.00207890 -0.03726409
v 0.01553896 0.00036344 -0.02879852
v 0.04664284 0.00020467 -0.06180103
v 0.06005899 0.00207890 -0.03726409
v 0.04664284 0.00020467 -0.06180103
v 0.05948366 0.01405008 -0.03786392
v 0.05948366 0.01405008 -0.03786392
v 0.04664284 0.00020467 -0.06180103
v 0.04606750 0.01217585 -0.06240086
v 0.05948366 0.01405008 -0.03786392
v 0.04606750 0.01217585 -0.06240086
v 0.01496363 0.01233462 -0.02939835
v 0.04664284 0.00020467 -0.06180103
v 0.01553896 0.00036344 -0.02879852
v 0.02134606 -0.00160892 -0.07373213
v 0.04664284 0.00020467 -0.06180103
v 0.02134606 -0.00160892 -0.07373213
v 0.04606750 0.01217585 -0.06240086
v 0.04606750 0.01217585 -0.06240086
v 0.02134606 -0.00160892 -0.07373213
v 0.02077072 0.01036226 -0.07433196
v 0.04606750 0.01217585 -0.06240086
v 0.02077072 0.01036226 -0.07433196
v 0.01496363 0.01233462 -0.02939835
v 0.02134606 -0.00160892 -0.07373213
v 0.01553896 0.00036344 -0.02879852
v -0.00616883 -0.00266913 -0.06850012
v 0.02134606 -0.00160892 -0.07373213
v -0.00616883 -0.00266913 -0.06850012
v 0.02077072 0.01036226 -0.07433196
v 0.02077072 0.01036226 -0.07433196
v -0.00616883 -0.00266913 -0.06850012
v -0.00674417 0.00930205 -0.06909996
v 0.02077072 0.01036226 -0.07433196
v -0.00674417 0.00930205 -0.06909996
v 0.01496363 0.01233462 -0.02939835
v -0.00616883 -0.00266913 -0.06850012
v 0.01553896 0.00036344 -0.02879852
v -0.02539209 -0.00257101 -0.04810345
v -0.00616883 -0.00266913 -0.06850012
v -0.02539209 -0.00257101 -0.04810345
v -0.00674417 0.00930205 -0.06909996
v -0.00674417 0.00930205 -0.06909996
v -0.02539209 -0.00257101 -0.04810345
v -0.02596742 0.00940017 -0.04870328
v -0.00674417 0.00930205 -0.06909996
v -0.02596742 0.00940017 -0.04870328
v 0.01496363 0.01233462 -0.02939835
v -0.02539209 -0.00257101 -0.04810345
v 0.01553896 0.00036344 -0.02879852
v -0.02898107 -0.00135202 -0.02033295
v -0.02539209 -0.00257101 -0.04810345
v -0.02898107 -0.00135202 -0.02033295
v -0.02596742 0.00940017 -0.04870328
v -0.02596742 0.00940017 -0.04870328
v -0.02898107 -0.00135202 -0.02033295
v -0.02955640 0.01061916 -0.02093278
v -0.02596742 0.00940017 -0.04870328
v -0.02955640 0.01061916 -0.02093278
v 0.01496363 0.01233462 -0.02939835
v -0.02898107 -0.00135202 -0.02033295
v 0.01553896 0.00036344 -0.02879852
v -0.01556491 0.00052221 0.00420399
v -0.02898107 -0.00135202 -0.02033295
v -0.01556491 0.00052221 0.00420399
v -0.02955640 0.01061916 -0.02093278
v -0.02955640 0.01061916 -0.02093278
v -0.01556491 0.00052221 0.00420399
v -0.01614025 0.01249339 0.00360416
v -0.02955640 0.01061916 -0.02093278
v -0.01614025 0.01249339 0.00360416
v 0.01496363 0.01233462 -0.02939835
v -0.01556491 0.00052221 0.00420399
v 0.01553896 0.00036344 -0.02879852
v 0.00973186 0.00233580 0.01613509
v -0.01556491 0.00052221 0.00420399
v 0.00973186 0.00233580 0.01613509
v -0.01614025 0.01249339 0.00360416
v -0.01614025 0.01249339 0.00360416
v 0.00973186 0.00233580 0.01613509
v 0.00915653 0.01430698 0.01553526
v -0.01614025 0.01249339 0.00360416
v 0.00915653 0.01430698 0.01553526
v 0.01496363 0.01233462 -0.02939835
v 0.00973186 0.00233580 0.01613509
v 0.01553896 0.00036344 -0.02879852
v 0.03724676 0.00339601 0.01090308
v 0.00973186 0.00233580 0.01613509
v 0.03724676 0.00339601 0.01090308
v 0.00915653 0.01430698 0.01553526
v 0.00915653 0.01430698 0.01553526
v 0.03724676 0.00339601 0.01090308
v 0.03667142 0.01536719 0.01030325
v 0.00915653 0.01430698 0.01553526
v 0.03667142 0.01536719 0.01030325
v 0.01496363 0.01233462 -0.02939835
v 0.03724676 0.00339601 0.01090308
v 0.01553896 0.00036344 -0.02879852
v 0.05647001 0.00329789 -0.00949359
v 0.03724676 0.00339601 0.01090308
v 0.05647001 0.00329789 -0.00949359
v 0.03667142 0.01536719 0.01030325
v 0.03667142 0.01536719 0.01030325
v 0.05647001 0.00329789 -0.00949359
v 0.05589467 0.01526907 -0.01009342
v 0.03667142 0.01536719 0.01030325
v 0.05589467 0.01526907 -0.01009342
v 0.01496363 0.01233462 -0.02939835
f 4681 4682 4683
f 4684 4685 4686
f 4687 4688 4689
f 4690 4691 4692
f 4693 4694 4695
f 4696 4697 4698
f 4699 4700 4701
f 4702 4703 4704
f 4705 4706 4707
f 4708 4709 4710
f 4711 4712 4713
f 4714 4715 4716
f 4717 4718 4719
f 4720 4721 4722
f 4723 4724 4725
f 4726 4727 4728
f 4729 4730 4731
f 4732 4733 4734
f 4735 4736 4737
f 4738 4739 4740
f 4741 4742 4743
f 4744 4745 4746
f 4747 4748 4749
f 4750 4751 4752
f 4753 4754 4755
f 4756 4757 4758
f 4759 4760 4761
f 4762 4763 4764
f 4765 4766 4767
f 4768 4769 4770
f 4771 4772 4773
f 4774 4775 4776
f 4777 4778 4779
f 4780 4781 4782
f 4783 4784 4785
f 4786 4787 4788
f 4789 4790 4791
f 4792 4793 4794
f 4795 4796 4797
f 4798 4799 4800

o geometry_30
usemtl material_4
v -0.06574883 -0.00338314 -0.04971680
v -0.03621820 0.00017751 -0.01910117
v -0.07797623 0.00339598 -0.02734502
v -0.06574883 -0.00338314 -0.04971680
v -0.07797623 0.00339598 -0.02734502
v -0.06431586 0.00821379 -0.05244772
v -0.06431586 0.00821379 -0.05244772
v -0.07797623 0.00339598 -0.02734502
v -0.07654326 0.01499291 -0.03007594
v -0.06431586 0.00821379 -0.05244772
v -0.07654326 0.01499291 -0.03007594
v -0.03478524 0.01177443 -0.02183209
v -0.07797623 0.00339598 -0.02734502
v -0.03621820 0.00017751 -0.01910117
v -0.07425348 0.00894575 -0.00182438
v -0.07797623 0.00339598 -0.02734502
v -0.07425348 0.00894575 -0.00182438
v -0.07654326 0.01499291 -0.03007594
v -0.07654326 0.01499291 -0.03007594
v -0.07425348 0.00894575 -0.00182438
v -0.07282052 0.02054268 -0.00455530
v -0.07654326 0.01499291 -0.03007594
v -0.07282052 0.02054268 -0.00455530
v -0.03478524 0.01177443 -0.02183209
v -0.07425348 0.00894575 -0.00182438
v -0.03621820 0.00017751 -0.01910117
v -0.05600256 0.01114635 0.01709712
v -0.07425348 0.00894575 -0.00182438
v -0.05600256 0.01114635 0.01709712
v -0.07282052 0.02054268 -0.00455530
v -0.07282052 0.02054268 -0.00455530
v -0.05600256 0.01114635 0.01709712
v -0.05456959 0.02274328 0.01436620
v -0.07282052 0.02054268 -0.00455530
v -0.05456959 0.02274328 0.01436620
v -0.03478524 0.01177443 -0.02183209
v -0.05600256 0.01114635 0.01709712
v -0.03621820 0.00017751 -0.01910117
v -0.03019468 0.00915722 0.02219210
v -0.05600256 0.01114635 0.01709712
v -0.03019468 0.00915722 0.02219210
v -0.05456959 0.02274328 0.01436620
v -0.05456959 0.02274328 0.01436620
v -0.03019468 0.00915722 0.02219210
v -0.02876171 0.02075415 0.01946118
v -0.05456959 0.02274328 0.01436620
v -0.02876171 0.02075415 0.01946118
v -0.03478524 0.01177443 -0.02183209
v -0.03019468 0.00915722 0.02219210
v -0.03621820 0.00017751 -0.01910117
v -0.00668758 0.00373815 0.01151446
v -0.03019468 0.00915722 0.02219210
v -0.00668758 0.00373815 0.01151446
v -0.02876171 0.02075415 0.01946118
v -0.02876171 0.02075415 0.01946118
v -0.00668758 0.00373815 0.01151446
v -0.00525462 0.01533508 0.00878354
v -0.02876171 0.02075415 0.01946118
v -0.00525462 0.01533508 0.00878354
v -0.03478524 0.01177443 -0.02183209
v -0.00668758 0.00373815 0.01151446
v -0.03621820 0.00017751 -0.01910117
v 0.00553983 -0.00304096 -0.01085732
v -0.00668758 0.00373815 0.01151446
v 0.00553983 -0.00304096 -0.01085732
v -0.00525462 0.01533508 0.00878354
v -0.00525462 0.01533508 0.00878354
v 0.00553983 -0.00304096 -0.01085732
v 0.00697279 0.00855596 -0.01358824
v -0.00525462 0.01533508 0.00878354
v 0.00697279 0.00855596 -0.01358824
v -0.03478524 0.01177443 -0.02183209
v 0.00553983 -0.00304096 -0.01085732
v -0.03621820 0.00017751 -0.01910117
v 0.00181708 -0.00859073 -0.03637796
v 0.00553983 -0.00304096 -0.01085732
v 0.00181708 -0.00859073 -0.03637796
v 0.00697279 0.00855596 -0.01358824
v 0.00697279 0.00855596 -0.01358824
v 0.00181708 -0.00859073 -0.03637796
v 0.00325005 0.00300619 -0.03910888
v 0.00697279 0.00855596 -0.01358824
v 0.00325005 0.00300619 -0.03910888
v -0.03478524 0.01177443 -0.02183209
v 0.00181708 -0.00859073 -0.03637796
v -0.03621820 0.00017751 -0.01910117
v -0.01643384 -0.01079133 -0.05529946
v 0.00181708 -0.00859073 -0.03637796
v -0.01643384 -0.01079133 -0.05529946
v 0.00325005 0.00300619 -0.03910888
v 0.00325005 0.00300619 -0.03910888
v -0.01643384 -0.01079133 -0.05529946
v -0.01500088 0.00080559 -0.05803038
v 0.00325005 0.00300619 -0.03910888
v -0.01500088 0.00080559 -0.05803038
v -0.03478524 0.01177443 -0.02183209
v -0.01643384 -0.01079133 -0.05529946
v -0.03621820 0.00017751 -0.01910117
v -0.04224173 -0.00880221 -0.06039444
v -0.01643384 -0.01079133 -0.05529946
v -0.04224173 -0.00880221 -0.06039444
v -0.01500088 0.00080559 -0.05803038
v -0.01500088 0.00080559 -0.05803038
v -0.04224173 -0.00880221 -0.06039444
v -0.04080876 0.00279472 -0.06312536
v -0.01500088 0.00080559 -0.05803038
v -0.04080876 0.00279472 -0.06312536
v -0.03478524 0.01177443 -0.02183209
v -0.04224173 -0.00880221 -0.06039444
v -0.03621820 0.00017751 -0.01910117
v -0.06574883 -0.00338314 -0.04971680
v -0.04224173 -0.00880221 -0.06039444
v -0.06574883 -0.00338314 -0.04971680
v -0.04080876 0.00279472 -0.06312536
v -0.04080876 0.00279472 -0.06312536
v -0.06574883 -0.00338314 -0.04971680
v -0.06431586 0.00821379 -0.05244772
v -0.04080876 0.00279472 -0.06312536
v -0.06431586 0.00821379 -0.05244772
v -0.03478524 0.01177443 -0.02183209
f 4801 4802 4803
f 4804 4805 4806
f 4807 4808 4809
f 4810 4811 4812
f 4813 4814 4815
f 4816 4817 4818
f 4819 4820 4821
f 4822 4823 4824
f 4825 4826 4827
f 4828 4829 4830
f 4831 4832 4833
f 4834 4835 4836
f 4837 4838 4839
f 4840 4841 4842
f 4843 4844 4845
f 4846 4847 4848
f 4849 4850 4851
f 4852 4853 4854
f 4855 4856 4857
f 4858 4859 4860
f 4861 4862 4863
f 4864 4865 4866
f 4867 4868 4869
f 4870 4871 4872
f 4873 4874 4875
f 4876 4877 4878
f 4879 4880 4881
f 4882 4883 4884
f 4885 4886 4887
f 4888 4889 4890
f 4891 4892 4893
f 4894 4895 4896
f 4897 4898 4899
f 4900 4901 4902
f 4903 4904 4905
f 4906 4907 4908
f 4909 4910 4911
f 4912 4913 4914
f 4915 4916 4917
f 4918 4919 4920

o geometry_29
usemtl material_5
v -0.05156092 0.02015336 -0.03853363
v -0.01378980 0.02249059 -0.01184678
v -0.06005139 0.02055086 -0.01120587
v -0.05156092 0.02015336 -0.03853363
v -0.06005139 0.02055086 -0.01120587
v -0.05206803 0.03213805 -0.03886551
v -0.05206803 0.03213805 -0.03886551
v -0.06005139 0.02055086 -0.01120587
v -0.06055849 0.03253555 -0.01153775
v -0.05206803 0.03213805 -0.03886551
v -0.06055849 0.03253555 -0.01153775
v -0.01429691 0.03447528 -0.01217866
v -0.06005139 0.02055086 -0.01120587
v -0.01378980 0.02249059 -0.01184678
v -0.05087150 0.02168928 0.01587709
v -0.06005139 0.02055086 -0.01120587
v -0.05087150 0.02168928 0.01587709
v -0.06055849 0.03253555 -0.01153775
v -0.06055849 0.03253555 -0.01153775
v -0.05087150 0.02168928 0.01587709
v -0.05137861 0.03367396 0.01554521
v -0.06055849 0.03253555 -0.01153775
v -0.05137861 0.03367396 0.01554521
v -0.01429691 0.03447528 -0.01217866
v -0.05087150 0.02168928 0.01587709
v -0.01378980 0.02249059 -0.01184678
v -0.02752767 0.02313376 0.03237046
v -0.05087150 0.02168928 0.01587709
v -0.02752767 0.02313376 0.03237046
v -0.05137861 0.03367396 0.01554521
v -0.05137861 0.03367396 0.01554521
v -0.02752767 0.02313376 0.03237046
v -0.02803478 0.03511845 0.03203858
v -0.05137861 0.03367396 0.01554521
v -0.02803478 0.03511845 0.03203858
v -0.01429691 0.03447528 -0.01217866
v -0.02752767 0.02313376 0.03237046
v -0.01378980 0.02249059 -0.01184678
v 0.00106356 0.02433258 0.03197435
v -0.02752767 0.02313376 0.03237046
v 0.00106356 0.02433258 0.03197435
v -0.02803478 0.03511845 0.03203858
v -0.02803478 0.03511845 0.03203858
v 0.00106356 0.02433258 0.03197435
v 0.00055645 0.03631727 0.03164247
v -0.02803478 0.03511845 0.03203858
v 0.00055645 0.03631727 0.03164247
v -0.01429691 0.03447528 -0.01217866
v 0.00106356 0.02433258 0.03197435
v -0.01378980 0.02249059 -0.01184678
v 0.02398131 0.02482782 0.01484006
v 0.00106356 0.02433258 0.03197435
v 0.02398131 0.02482782 0.01484006
v 0.00055645 0.03631727 0.03164247
v 0.00055645 0.03631727 0.03164247
v 0.02398131 0.02482782 0.01484006
v 0.02347420 0.03681251 0.01450818
v 0.00055645 0.03631727 0.03164247
v 0.02347420 0.03681251 0.01450818
v -0.01429691 0.03447528 -0.01217866
v 0.02398131 0.02482782 0.01484006
v -0.01378980 0.02249059 -0.01184678
v 0.03247178 0.02443032 -0.01248770
v 0.02398131 0.02482782 0.01484006
v 0.03247178 0.02443032 -0.01248770
v 0.02347420 0.03681251 0.01450818
v 0.02347420 0.03681251 0.01450818
v 0.03247178 0.02443032 -0.01248770
v 0.03196467 0.03641500 -0.01281958
v 0.02347420 0.03681251 0.01450818
v 0.03196467 0.03641500 -0.01281958
v -0.01429691 0.03447528 -0.01217866
v 0.03247178 0.02443032 -0.01248770
v -0.01378980 0.02249059 -0.01184678
v 0.02329190 0.02329190 -0.03957065
v 0.03247178 0.02443032 -0.01248770
v 0.02329190 0.02329190 -0.03957065
v 0.03196467 0.03641500 -0.01281958
v 0.03196467 0.03641500 -0.01281958
v 0.02329190 0.02329190 -0.03957065
v 0.02278479 0.03527659 -0.03990253
v 0.03196467 0.03641500 -0.01281958
v 0.02278479 0.03527659 -0.03990253
v -0.01429691 0.03447528 -0.01217866
v 0.02329190 0.02329190 -0.03957065
v -0.01378980 0.02249059 -0.01184678
v -0.00005194 0.02184742 -0.05606403
v 0.02329190 0.02329190 -0.03957065
v -0.00005194 0.02184742 -0.05606403
v 0.02278479 0.03527659 -0.03990253
v 0.02278479 0.03527659 -0.03990253
v -0.00005194 0.02184742 -0.05606403
v -0.00055905 0.03383210 -0.05639591
v 0.02278479 0.03527659 -0.03990253
v -0.00055905 0.03383210 -0.05639591
v -0.01429691 0.03447528 -0.01217866
v -0.00005194 0.02184742 -0.05606403
v -0.01378980 0.02249059 -0.01184678
v -0.02864317 0.02064860 -0.05566792
v -0.00005194 0.02184742 -0.05606403
v -0.02864317 0.02064860 -0.05566792
v -0.00055905 0.03383210 -0.05639591
v -0.00055905 0.03383210 -0.05639591
v -0.02864317 0.02064860 -0.05566792
v -0.02915028 0.03263329 -0.05599980
v -0.00055905 0.03383210 -0.05639591
v -0.02915028 0.03263329 -0.05599980
v -0.01429691 0.03447528 -0.01217866
v -0.02864317 0.02064860 -0.05566792
v -0.01378980 0.02249059 -0.01184678
v -0.05156092 0.02015336 -0.03853363
v -0.02864317 0.02064860 -0.05566792
v -0.05156092 0.02015336 -0.03853363
v -0.02915028 0.03263329 -0.05599980
v -0.02915028 0.03263329 -0.05599980
v -0.05156092 0.02015336 -0.03853363
v -0.05206803 0.03213805 -0.03886551
v -0.02915028 0.03263329 -0.05599980
v -0.05206803 0.03213805 -0.03886551
v -0.01429691 0.03447528 -0.01217866
f 4921 4922 4923
f 4924 4925 4926
f 4927 4928 4929
f 4930 4931 4932
f 4933 4934 4935
f 4936 4937 4938
f 4939 4940 4941
f 4942 4943 4944
f 4945 4946 4947
f 4948 4949 4950
f 4951 4952 4953
f 4954 4955 4956
f 4957 4958 4959
f 4960 4961 4962
f 4963 4964 4965
f 4966 4967 4968
f 4969 4970 4971
f 4972 4973 4974
f 4975 4976 4977
f 4978 4979 4980
f 4981 4982 4983
f 4984 4985 4986
f 4987 4988 4989
f 4990 4991 4992
f 4993 4994 4995
f 4996 4997 4998
f 4999 5000 5001
f 5002 5003 5004
f 5005 5006 5007
f 5008 5009 5010
f 5011 5012 5013
f 5014 5015 5016
f 5017 5018 5019
f 5020 5021 5022
f 5023 5024 5025
f 5026 5027 5028
f 5029 5030 5031
f 5032 5033 5034
f 5035 5036 5037
f 5038 5039 5040

o geometry_28
usemtl material_4
v -0.03670928 0.01346314 0.02048883
v -0.01454910 0.01052450 -0.01181609
v -0.01350991 0.01172823 0.02743678
v -0.03670928 0.01346314 0.02048883
v -0.01350991 0.01172823 0.02743678
v -0.03569779 0.02541396 0.02009557
v -0.03569779 0.02541396 0.02009557
v -0.01350991 0.01172823 0.02743678
v -0.01249842 0.02367906 0.02704352
v -0.03569779 0.02541396 0.02009557
v -0.01249842 0.02367906 0.02704352
v -0.01353761 0.02247532 -0.01220935
v -0.01350991 0.01172823 0.02743678
v -0.01454910 0.01052450 -0.01181609
v 0.00929252 0.00953354 0.01939147
v -0.01350991 0.01172823 0.02743678
v 0.00929252 0.00953354 0.01939147
v -0.01249842 0.02367906 0.02704352
v -0.01249842 0.02367906 0.02704352
v 0.00929252 0.00953354 0.01939147
v 0.01030401 0.02148436 0.01899821
v -0.01249842 0.02367906 0.02704352
v 0.01030401 0.02148436 0.01899821
v -0.01353761 0.02247532 -0.01220935
v 0.00929252 0.00953354 0.01939147
v -0.01454910 0.01052450 -0.01181609
v 0.02298827 0.00771736 -0.00057407
v 0.00929252 0.00953354 0.01939147
v 0.02298827 0.00771736 -0.00057407
v 0.01030401 0.02148436 0.01899821
v 0.01030401 0.02148436 0.01899821
v 0.02298827 0.00771736 -0.00057407
v 0.02399976 0.01966818 -0.00096733
v 0.01030401 0.02148436 0.01899821
v 0.02399976 0.01966818 -0.00096733
v -0.01353761 0.02247532 -0.01220935
v 0.02298827 0.00771736 -0.00057407
v -0.01454910 0.01052450 -0.01181609
v 0.02234601 0.00697341 -0.02483368
v 0.02298827 0.00771736 -0.00057407
v 0.02234601 0.00697341 -0.02483368
v 0.02399976 0.01966818 -0.00096733
v 0.02399976 0.01966818 -0.00096733
v 0.02234601 0.00697341 -0.02483368
v 0.02335750 0.01892424 -0.02522694
v 0.02399976 0.01966818 -0.00096733
v 0.02335750 0.01892424 -0.02522694
v -0.01353761 0.02247532 -0.01220935
v 0.02234601 0.00697341 -0.02483368
v -0.01454910 0.01052450 -0.01181609
v 0.00761107 0.00758586 -0.04412102
v 0.02234601 0.00697341 -0.02483368
v 0.00761107 0.00758586 -0.04412102
v 0.02335750 0.01892424 -0.02522694
v 0.02335750 0.01892424 -0.02522694
v 0.00761107 0.00758586 -0.04412102
v 0.00862256 0.01953668 -0.04451428
v 0.02335750 0.01892424 -0.02522694
v 0.00862256 0.01953668 -0.04451428
v -0.01353761 0.02247532 -0.01220935
v 0.00761107 0.00758586 -0.04412102
v -0.01454910 0.01052450 -0.01181609
v -0.01558830 0.00932077 -0.05106897
v 0.00761107 0.00758586 -0.04412102
v -0.01558830 0.00932077 -0.05106897
v 0.00862256 0.01953668 -0.04451428
v 0.00862256 0.01953668 -0.04451428
v -0.01558830 0.00932077 -0.05106897
v -0.01457680 0.02127159 -0.05146223
v 0.00862256 0.01953668 -0.04451428
v -0.01457680 0.02127159 -0.05146223
v -0.01353761 0.02247532 -0.01220935
v -0.01558830 0.00932077 -0.05106897
v -0.01454910 0.01052450 -0.01181609
v -0.03839073 0.01151546 -0.04302365
v -0.01558830 0.00932077 -0.05106897
v -0.03839073 0.01151546 -0.04302365
v -0.01457680 0.02127159 -0.05146223
v -0.01457680 0.02127159 -0.05146223
v -0.03839073 0.01151546 -0.04302365
v -0.03737924 0.02346628 -0.04341692
v -0.01457680 0.02127159 -0.05146223
v -0.03737924 0.02346628 -0.04341692
v -0.01353761 0.02247532 -0.01220935
v -0.03839073 0.01151546 -0.04302365
v -0.01454910 0.01052450 -0.01181609
v -0.05208647 0.01333164 -0.02305811
v -0.03839073 0.01151546 -0.04302365
v -0.05208647 0.01333164 -0.02305811
v -0.03737924 0.02346628 -0.04341692
v -0.03737924 0.02346628 -0.04341692
v -0.05208647 0.01333164 -0.02305811
v -0.05107498 0.02528246 -0.02345138
v -0.03737924 0.02346628 -0.04341692
v -0.05107498 0.02528246 -0.02345138
v -0.01353761 0.02247532 -0.01220935
v -0.05208647 0.01333164 -0.02305811
v -0.01454910 0.01052450 -0.01181609
v -0.05144421 0.01407558 0.00120150
v -0.05208647 0.01333164 -0.02305811
v -0.05144421 0.01407558 0.00120150
v -0.05107498 0.02528246 -0.02345138
v -0.05107498 0.02528246 -0.02345138
v -0.05144421 0.01407558 0.00120150
v -0.05043272 0.02602641 0.00080823
v -0.05107498 0.02528246 -0.02345138
v -0.05043272 0.02602641 0.00080823
v -0.01353761 0.02247532 -0.01220935
v -0.05144421 0.01407558 0.00120150
v -0.01454910 0.01052450 -0.01181609
v -0.03670928 0.01346314 0.02048883
v -0.05144421 0.01407558 0.00120150
v -0.03670928 0.01346314 0.02048883
v -0.05043272 0.02602641 0.00080823
v -0.05043272 0.02602641 0.00080823
v -0.03670928 0.01346314 0.02048883
v -0.03569779 0.02541396 0.02009557
v -0.05043272 0.02602641 0.00080823
v -0.03569779 0.02541396 0.02009557
v -0.01353761 0.02247532 -0.01220935
f 5041 5042 5043
f 5044 5045 5046
f 5047 5048 5049
f 5050 5051 5052
f 5053 5054 5055
f 5056 5057 5058
f 5059 5060 5061
f 5062 5063 5064
f 5065 5066 5067
f 5068 5069 5070
f 5071 5072 5073
f 5074 5075 5076
f 5077 5078 5079
f 5080 5081 5082
f 5083 5084 5085
f 5086 5087 5088
f 5089 5090 5091
f 5092 5093 5094
f 5095 5096 5097
f 5098 5099 5100
f 5101 5102 5103
f 5104 5105 5106
f 5107 5108 5109
f 5110 5111 5112
f 5113 5114 5115
f 5116 5117 5118
f 5119 5120 5121
f 5122 5123 5124
f 5125 5126 5127
f 5128 5129 5130
f 5131 5132 5133
f 5134 5135 5136
f 5137 5138 5139
f 5140 5141 5142
f 5143 5144 5145
f 5146 5147 5148
f 5149 5150 5151
f 5152 5153 5154
f 5155 5156 5157
f 5158 5159 5160

o geometry_27
usemtl material_5
v 0.03184832 0.00398280 -0.01545069
v -0.01346631 0.00057250 -0.01069183
v 0.02092003 -0.00280124 -0.04058984
v 0.03184832 0.00398280 -0.01545069
v 0.02092003 -0.00280124 -0.04058984
v 0.03069424 0.01563137 -0.01809247
v 0.03069424 0.01563137 -0.01809247
v 0.02092003 -0.00280124 -0.04058984
v 0.01976594 0.00884733 -0.04323162
v 0.03069424 0.01563137 -0.01809247
v 0.01976594 0.00884733 -0.04323162
v -0.01462040 0.01222106 -0.01333361
v 0.02092003 -0.00280124 -0.04058984
v -0.01346631 0.00057250 -0.01069183
v -0.00314268 -0.00829663 -0.05430897
v 0.02092003 -0.00280124 -0.04058984
v -0.00314268 -0.00829663 -0.05430897
v 0.01976594 0.00884733 -0.04323162
v 0.01976594 0.00884733 -0.04323162
v -0.00314268 -0.00829663 -0.05430897
v -0.00429677 0.00335194 -0.05695075
v 0.01976594 0.00884733 -0.04323162
v -0.00429677 0.00335194 -0.05695075
v -0.01462040 0.01222106 -0.01333361
v -0.00314268 -0.00829663 -0.05430897
v -0.01346631 0.00057250 -0.01069183
v -0.03114867 -0.01040431 -0.05136783
v -0.00314268 -0.00829663 -0.05430897
v -0.03114867 -0.01040431 -0.05136783
v -0.00429677 0.00335194 -0.05695075
v -0.00429677 0.00335194 -0.05695075
v -0.03114867 -0.01040431 -0.05136783
v -0.03230276 0.00124425 -0.05400962
v -0.00429677 0.00335194 -0.05695075
v -0.03230276 0.00124425 -0.05400962
v -0.01462040 0.01222106 -0.01333361
v -0.03114867 -0.01040431 -0.05136783
v -0.01346631 0.00057250 -0.01069183
v -0.05240060 -0.00831923 -0.03288985
v -0.03114867 -0.01040431 -0.05136783
v -0.05240060 -0.00831923 -0.03288985
v -0.03230276 0.00124425 -0.05400962
v -0.03230276 0.00124425 -0.05400962
v -0.05240060 -0.00831923 -0.03288985
v -0.05355468 0.00332934 -0.03553163
v -0.03230276 0.00124425 -0.05400962
v -0.05355468 0.00332934 -0.03553163
v -0.01462040 0.01222106 -0.01333361
v -0.05240060 -0.00831923 -0.03288985
v -0.01346631 0.00057250 -0.01069183
v -0.05878095 -0.00283781 -0.00593298
v -0.05240060 -0.00831923 -0.03288985
v -0.05878095 -0.00283781 -0.00593298
v -0.05355468 0.00332934 -0.03553163
v -0.05355468 0.00332934 -0.03553163
v -0.05878095 -0.00283781 -0.00593298
v -0.05993504 0.00881076 -0.00857476
v -0.05355468 0.00332934 -0.03553163
v -0.05993504 0.00881076 -0.00857476
v -0.01462040 0.01222106 -0.01333361
v -0.05878095 -0.00283781 -0.00593298
v -0.01346631 0.00057250 -0.01069183
v -0.04785265 0.00394623 0.01920617
v -0.05878095 -0.00283781 -0.00593298
v -0.04785265 0.00394623 0.01920617
v -0.05993504 0.00881076 -0.00857476
v -0.05993504 0.00881076 -0.00857476
v -0.04785265 0.00394623 0.01920617
v -0.04900674 0.01559480 0.01656439
v -0.05993504 0.00881076 -0.00857476
v -0.04900674 0.01559480 0.01656439
v -0.01462040 0.01222106 -0.01333361
v -0.04785265 0.00394623 0.01920617
v -0.01346631 0.00057250 -0.01069183
v -0.02378994 0.00944162 0.03292530
v -0.04785265 0.00394623 0.01920617
v -0.02378994 0.00944162 0.03292530
v -0.04900674 0.01559480 0.01656439
v -0.04900674 0.01559480 0.01656439
v -0.02378994 0.00944162 0.03292530
v -0.02494403 0.02109019 0.03028352
v -0.04900674 0.01559480 0.01656439
v -0.02494403 0.02109019 0.03028352
v -0.01462040 0.01222106 -0.01333361
v -0.02378994 0.00944162 0.03292530
v -0.01346631 0.00057250 -0.01069183
v 0.00421604 0.01154931 0.02998417
v -0.02378994 0.00944162 0.03292530
v 0.00421604 0.01154931 0.02998417
v -0.02494403 0.02109019 0.03028352
v -0.02494403 0.02109019 0.03028352
v 0.00421604 0.01154931 0.02998417
v 0.00306196 0.02319787 0.02734239
v -0.02494403 0.02109019 0.03028352
v 0.00306196 0.02319787 0.02734239
v -0.01462040 0.01222106 -0.01333361
v 0.00421604 0.01154931 0.02998417
v -0.01346631 0.00057250 -0.01069183
v 0.02546797 0.00946422 0.01150619
v 0.00421604 0.01154931 0.02998417
v 0.02546797 0.00946422 0.01150619
v 0.00306196 0.02319787 0.02734239
v 0.00306196 0.02319787 0.02734239
v 0.02546797 0.00946422 0.01150619
v 0.02431388 0.02111279 0.00886441
v 0.00306196 0.02319787 0.02734239
v 0.02431388 0.02111279 0.00886441
v -0.01462040 0.01222106 -0.01333361
v 0.02546797 0.00946422 0.01150619
v -0.01346631 0.00057250 -0.01069183
v 0.03184832 0.00398280 -0.01545069
v 0.02546797 0.00946422 0.01150619
v 0.03184832 0.00398280 -0.01545069
v 0.02431388 0.02111279 0.00886441
v 0.02431388 0.02111279 0.00886441
v 0.03184832 0.00398280 -0.01545069
v 0.03069424 0.01563137 -0.01809247
v 0.02431388 0.02111279 0.00886441
v 0.03069424 0.01563137 -0.01809247
v -0.01462040 0.01222106 -0.01333361
f 5161 5162 5163
f 5164 5165 5166
f 5167 5168 5169
f 5170 5171 5172
f 5173 5174 5175
f 5176 5177 5178
f 5179 5180 5181
f 5182 5183 5184
f 5185 5186 5187
f 5188 5189 5190
f 5191 5192 5193
f 5194 5195 5196
f 5197 5198 5199
f 5200 5201 5202
f 5203 5204 5205
f 5206 5207 5208
f 5209 5210 5211
f 5212 5213 5214
f 5215 5216 5217
f 5218 5219 5220
f 5221 5222 5223
f 5224 5225 5226
f 5227 5228 5229
f 5230 5231 5232
f 5233 5234 5235
f 5236 5237 5238
f 5239 5240 5241
f 5242 5243 5244
f 5245 5246 5247
f 5248 5249 5250
f 5251 5252 5253
f 5254 5255 5256
f 5257 5258 5259
f 5260 5261 5262
f 5263 5264 5265
f 5266 5267 5268
f 5269 5270 5271
f 5272 5273 5274
f 5275 5276 5277
f 5278 5279 5280

o geometry_26
usemtl material_5
v 0.07357850 0.00387683 -0.02917440
v 0.04101921 0.00051721 0.00327773
v 0.04856610 -0.00019026 -0.04218741
v 0.07357850 0.00387683 -0.02917440
v 0.04856610 -0.00019026 -0.04218741
v 0.07189008 0.01574835 -0.02963940
v 0.07189008 0.01574835 -0.02963940
v 0.04856610 -0.00019026 -0.04218741
v 0.04687767 0.01168126 -0.04265241
v 0.07189008 0.01574835 -0.02963940
v 0.04687767 0.01168126 -0.04265241
v 0.03933079 0.01238874 0.00281273
v 0.04856610 -0.00019026 -0.04218741
v 0.04101921 0.00051721 0.00327773
v 0.02067104 -0.00398712 -0.03783428
v 0.04856610 -0.00019026 -0.04218741
v 0.02067104 -0.00398712 -0.03783428
v 0.04687767 0.01168126 -0.04265241
v 0.04687767 0.01168126 -0.04265241
v 0.02067104 -0.00398712 -0.03783428
v 0.01898261 0.00788440 -0.03829928
v 0.04687767 0.01168126 -0.04265241
v 0.01898261 0.00788440 -0.03829928
v 0.03933079 0.01238874 0.00281273
v 0.02067104 -0.00398712 -0.03783428
v 0.04101921 0.00051721 0.00327773
v 0.00054829 -0.00606348 -0.01777776
v 0.02067104 -0.00398712 -0.03783428
v 0.00054829 -0.00606348 -0.01777776
v 0.01898261 0.00788440 -0.03829928
v 0.01898261 0.00788440 -0.03829928
v 0.00054829 -0.00606348 -0.01777776
v -0.00114013 0.00580804 -0.01824276
v 0.01898261 0.00788440 -0.03829928
v -0.00114013 0.00580804 -0.01824276
v 0.03933079 0.01238874 0.00281273
v 0.00054829 -0.00606348 -0.01777776
v 0.04101921 0.00051721 0.00327773
v -0.00411594 -0.00562624 0.01032124
v 0.00054829 -0.00606348 -0.01777776
v -0.00411594 -0.00562624 0.01032124
v -0.00114013 0.00580804 -0.01824276
v -0.00114013 0.00580804 -0.01824276
v -0.00411594 -0.00562624 0.01032124
v -0.00580436 0.00624529 0.00985624
v -0.00114013 0.00580804 -0.01824276
v -0.00580436 0.00624529 0.00985624
v 0.03933079 0.01238874 0.00281273
v -0.00411594 -0.00562624 0.01032124
v 0.04101921 0.00051721 0.00327773
v 0.00845993 -0.00284240 0.03572986
v -0.00411594 -0.00562624 0.01032124
v 0.00845993 -0.00284240 0.03572986
v -0.00580436 0.00624529 0.00985624
v -0.00580436 0.00624529 0.00985624
v 0.00845993 -0.00284240 0.03572986
v 0.00677150 0.00902912 0.03526486
v -0.00580436 0.00624529 0.00985624
v 0.00677150 0.00902912 0.03526486
v 0.03933079 0.01238874 0.00281273
v 0.00845993 -0.00284240 0.03572986
v 0.04101921 0.00051721 0.00327773
v 0.03347233 0.00122469 0.04874287
v 0.00845993 -0.00284240 0.03572986
v 0.03347233 0.00122469 0.04874287
v 0.00677150 0.00902912 0.03526486
v 0.00677150 0.00902912 0.03526486
v 0.03347233 0.00122469 0.04874287
v 0.03178391 0.01309621 0.04827787
v 0.00677150 0.00902912 0.03526486
v 0.03178391 0.01309621 0.04827787
v 0.03933079 0.01238874 0.00281273
v 0.03347233 0.00122469 0.04874287
v 0.04101921 0.00051721 0.00327773
v 0.06136739 0.00502155 0.04438974
v 0.03347233 0.00122469 0.04874287
v 0.06136739 0.00502155 0.04438974
v 0.03178391 0.01309621 0.04827787
v 0.03178391 0.01309621 0.04827787
v 0.06136739 0.00502155 0.04438974
v 0.05967896 0.01689307 0.04392474
v 0.03178391 0.01309621 0.04827787
v 0.05967896 0.01689307 0.04392474
v 0.03933079 0.01238874 0.00281273
v 0.06136739 0.00502155 0.04438974
v 0.04101921 0.00051721 0.00327773
v 0.08149014 0.00709791 0.02433322
v 0.06136739 0.00502155 0.04438974
v 0.08149014 0.00709791 0.02433322
v 0.05967896 0.01689307 0.04392474
v 0.05967896 0.01689307 0.04392474
v 0.08149014 0.00709791 0.02433322
v 0.07980171 0.01896943 0.02386822
v 0.05967896 0.01689307 0.04392474
v 0.07980171 0.01896943 0.02386822
v 0.03933079 0.01238874 0.00281273
v 0.08149014 0.00709791 0.02433322
v 0.04101921 0.00051721 0.00327773
v 0.08615436 0.00666066 -0.00376578
v 0.08149014 0.00709791 0.02433322
v 0.08615436 0.00666066 -0.00376578
v 0.07980171 0.01896943 0.02386822
v 0.07980171 0.01896943 0.02386822
v 0.08615436 0.00666066 -0.00376578
v 0.08446594 0.01853218 -0.00423078
v 0.07980171 0.01896943 0.02386822
v 0.08446594 0.01853218 -0.00423078
v 0.03933079 0.01238874 0.00281273
v 0.08615436 0.00666066 -0.00376578
v 0.04101921 0.00051721 0.00327773
v 0.07357850 0.00387683 -0.02917440
v 0.08615436 0.00666066 -0.00376578
v 0.07357850 0.00387683 -0.02917440
v 0.08446594 0.01853218 -0.00423078
v 0.08446594 0.01853218 -0.00423078
v 0.07357850 0.00387683 -0.02917440
v 0.07189008 0.01574835 -0.02963940
v 0.08446594 0.01853218 -0.00423078
v 0.07189008 0.01574835 -0.02963940
v 0.03933079 0.01238874 0.00281273
f 5281 5282 5283
f 5284 5285 5286
f 5287 5288 5289
f 5290 5291 5292
f 5293 5294 5295
f 5296 5297 5298
f 5299 5300 5301
f 5302 5303 5304
f 5305 5306 5307
f 5308 5309 5310
f 5311 5312 5313
f 5314 5315 5316
f 5317 5318 5319
f 5320 5321 5322
f 5323 5324 5325
f 5326 5327 5328
f 5329 5330 5331
f 5332 5333 5334
f 5335 5336 5337
f 5338 5339 5340
f 5341 5342 5343
f 5344 5345 5346
f 5347 5348 5349
f 5350 5351 5352
f 5353 5354 5355
f 5356 5357 5358
f 5359 5360 5361
f 5362 5363 5364
f 5365 5366 5367
f 5368 5369 5370
f 5371 5372 5373
f 5374 5375 5376
f 5377 5378 5379
f 5380 5381 5382
f 5383 5384 5385
f 5386 5387 5388
f 5389 5390 5391
f 5392 5393 5394
f 5395 5396 5397
f 5398 5399 5400

o geometry_25
usemtl material_4
v 0.02203417 -0.01064304 0.01106274
v 0.03378908 0.00030134 -0.02860201
v 0.04757954 -0.00382349 0.01169760
v 0.02203417 -0.01064304 0.01106274
v 0.04757954 -0.00382349 0.01169760
v 0.01894110 0.00073635 0.01328591
v 0.01894110 0.00073635 0.01328591
v 0.04757954 -0.00382349 0.01169760
v 0.04448647 0.00755590 0.01392077
v 0.01894110 0.00073635 0.01328591
v 0.04448647 0.00755590 0.01392077
v 0.03069600 0.01168073 -0.02637884
v 0.04757954 -0.00382349 0.01169760
v 0.03378908 0.00030134 -0.02860201
v 0.06785742 0.00457161 -0.00306062
v 0.04757954 -0.00382349 0.01169760
v 0.06785742 0.00457161 -0.00306062
v 0.04448647 0.00755590 0.01392077
v 0.04448647 0.00755590 0.01392077
v 0.06785742 0.00457161 -0.00306062
v 0.06476434 0.01595099 -0.00083745
v 0.04448647 0.00755590 0.01392077
v 0.06476434 0.01595099 -0.00083745
v 0.03069600 0.01168073 -0.02637884
v 0.06785742 0.00457161 -0.00306062
v 0.03378908 0.00030134 -0.02860201
v 0.07512235 0.01133560 -0.02757479
v 0.06785742 0.00457161 -0.00306062
v 0.07512235 0.01133560 -0.02757479
v 0.06476434 0.01595099 -0.00083745
v 0.06476434 0.01595099 -0.00083745
v 0.07512235 0.01133560 -0.02757479
v 0.07202928 0.02271499 -0.02535162
v 0.06476434 0.01595099 -0.00083745
v 0.07202928 0.02271499 -0.02535162
v 0.03069600 0.01168073 -0.02637884
v 0.07512235 0.01133560 -0.02757479
v 0.03378908 0.00030134 -0.02860201
v 0.06659937 0.01388489 -0.05248132
v 0.07512235 0.01133560 -0.02757479
v 0.06659937 0.01388489 -0.05248132
v 0.07202928 0.02271499 -0.02535162
v 0.07202928 0.02271499 -0.02535162
v 0.06659937 0.01388489 -0.05248132
v 0.06350630 0.02526428 -0.05025814
v 0.07202928 0.02271499 -0.02535162
v 0.06350630 0.02526428 -0.05025814
v 0.03069600 0.01168073 -0.02637884
v 0.06659937 0.01388489 -0.05248132
v 0.03378908 0.00030134 -0.02860201
v 0.04554398 0.01124572 -0.06826676
v 0.06659937 0.01388489 -0.05248132
v 0.04554398 0.01124572 -0.06826676
v 0.06350630 0.02526428 -0.05025814
v 0.06350630 0.02526428 -0.05025814
v 0.04554398 0.01124572 -0.06826676
v 0.04245090 0.02262511 -0.06604359
v 0.06350630 0.02526428 -0.05025814
v 0.04245090 0.02262511 -0.06604359
v 0.03069600 0.01168073 -0.02637884
v 0.04554398 0.01124572 -0.06826676
v 0.03378908 0.00030134 -0.02860201
v 0.01999861 0.00442617 -0.06890162
v 0.04554398 0.01124572 -0.06826676
v 0.01999861 0.00442617 -0.06890162
v 0.04245090 0.02262511 -0.06604359
v 0.04245090 0.02262511 -0.06604359
v 0.01999861 0.00442617 -0.06890162
v 0.01690554 0.01580556 -0.06667845
v 0.04245090 0.02262511 -0.06604359
v 0.01690554 0.01580556 -0.06667845
v 0.03069600 0.01168073 -0.02637884
v 0.01999861 0.00442617 -0.06890162
v 0.03378908 0.00030134 -0.02860201
v -0.00027927 -0.00396892 -0.05414340
v 0.01999861 0.00442617 -0.06890162
v -0.00027927 -0.00396892 -0.05414340
v 0.01690554 0.01580556 -0.06667845
v 0.01690554 0.01580556 -0.06667845
v -0.00027927 -0.00396892 -0.05414340
v -0.00337234 0.00741046 -0.05192022
v 0.01690554 0.01580556 -0.06667845
v -0.00337234 0.00741046 -0.05192022
v 0.03069600 0.01168073 -0.02637884
v -0.00027927 -0.00396892 -0.05414340
v 0.03378908 0.00030134 -0.02860201
v -0.00754420 -0.01073292 -0.02962923
v -0.00027927 -0.00396892 -0.05414340
v -0.00754420 -0.01073292 -0.02962923
v -0.00337234 0.00741046 -0.05192022
v -0.00337234 0.00741046 -0.05192022
v -0.00754420 -0.01073292 -0.02962923
v -0.01063727 0.00064646 -0.02740606
v -0.00337234 0.00741046 -0.05192022
v -0.01063727 0.00064646 -0.02740606
v 0.03069600 0.01168073 -0.02637884
v -0.00754420 -0.01073292 -0.02962923
v 0.03378908 0.00030134 -0.02860201
v 0.00097878 -0.01328221 -0.00472270
v -0.00754420 -0.01073292 -0.02962923
v 0.00097878 -0.01328221 -0.00472270
v -0.01063727 0.00064646 -0.02740606
v -0.01063727 0.00064646 -0.02740606
v 0.00097878 -0.01328221 -0.00472270
v -0.00211430 -0.00190282 -0.00249953
v -0.01063727 0.00064646 -0.02740606
v -0.00211430 -0.00190282 -0.00249953
v 0.03069600 0.01168073 -0.02637884
v 0.00097878 -0.01328221 -0.00472270
v 0.03378908 0.00030134 -0.02860201
v 0.02203417 -0.01064304 0.01106274
v 0.00097878 -0.01328221 -0.00472270
v 0.02203417 -0.01064304 0.01106274
v -0.00211430 -0.00190282 -0.00249953
v -0.00211430 -0.00190282 -0.00249953
v 0.02203417 -0.01064304 0.01106274
v 0.01894110 0.00073635 0.01328591
v -0.00211430 -0.00190282 -0.00249953
v 0.01894110 0.00073635 0.01328591
v 0.03069600 0.01168073 -0.02637884
f 5401 5402 5403
f 5404 5405 5406
f 5407 5408 5409
f 5410 5411 5412
f 5413 5414 5415
f 5416 5417 5418
f 5419 5420 5421
f 5422 5423 5424
f 5425 5426 5427
f 5428 5429 5430
f 5431 5432 5433
f 5434 5435 5436
f 5437 5438 5439
f 5440 5441 5442
f 5443 5444 5445
f 5446 5447 5448
f 5449 5450 5451
f 5452 5453 5454
f 5455 5456 5457
f 5458 5459 5460
f 5461 5462 5463
f 5464 5465 5466
f 5467 5468 5469
f 5470 5471 5472
f 5473 5474 5475
f 5476 5477 5478
f 5479 5480 5481
f 5482 5483 5484
f 5485 5486 5487
f 5488 5489 5490
f 5491 5492 5493
f 5494 5495 5496
f 5497 5498 5499
f 5500 5501 5502
f 5503 5504 5505
f 5506 5507 5508
f 5509 5510 5511
f 5512 5513 5514
f 5515 5516 5517
f 5518 5519 5520

o geometry_24
usemtl material_5
v 0.04171694 0.02873475 -0.06631627
v 0.01904342 0.02161083 -0.03535669
v 0.01932991 0.02456742 -0.07427341
v 0.04171694 0.02873475 -0.06631627
v 0.01932991 0.02456742 -0.07427341
v 0.03922813 0.04044147 -0.06544521
v 0.03922813 0.04044147 -0.06544521
v 0.01932991 0.02456742 -0.07427341
v 0.01684110 0.03627413 -0.07340235
v 0.03922813 0.04044147 -0.06544521
v 0.01684110 0.03627413 -0.07340235
v 0.01655461 0.03331754 -0.03448563
v 0.01932991 0.02456742 -0.07427341
v 0.01904342 0.02161083 -0.03535669
v -0.00316655 0.01927077 -0.06736568
v 0.01932991 0.02456742 -0.07427341
v -0.00316655 0.01927077 -0.06736568
v 0.01684110 0.03627413 -0.07340235
v 0.01684110 0.03627413 -0.07340235
v -0.00316655 0.01927077 -0.06736568
v -0.00565535 0.03097748 -0.06649462
v 0.01684110 0.03627413 -0.07340235
v -0.00565535 0.03097748 -0.06649462
v 0.01655461 0.03331754 -0.03448563
v -0.00316655 0.01927077 -0.06736568
v 0.01904342 0.02161083 -0.03535669
v -0.01717955 0.01486794 -0.04823161
v -0.00316655 0.01927077 -0.06736568
v -0.01717955 0.01486794 -0.04823161
v -0.00565535 0.03097748 -0.06649462
v -0.00565535 0.03097748 -0.06649462
v -0.01717955 0.01486794 -0.04823161
v -0.01966836 0.02657465 -0.04736055
v -0.00565535 0.03097748 -0.06649462
v -0.01966836 0.02657465 -0.04736055
v 0.01655461 0.03331754 -0.03448563
v -0.01717955 0.01486794 -0.04823161
v 0.01904342 0.02161083 -0.03535669
v -0.01735661 0.01304067 -0.02417976
v -0.01717955 0.01486794 -0.04823161
v -0.01735661 0.01304067 -0.02417976
v -0.01966836 0.02657465 -0.04736055
v -0.01966836 0.02657465 -0.04736055
v -0.01735661 0.01304067 -0.02417976
v -0.01984542 0.02474738 -0.02330870
v -0.01966836 0.02657465 -0.04736055
v -0.01984542 0.02474738 -0.02330870
v 0.01655461 0.03331754 -0.03448563
v -0.01735661 0.01304067 -0.02417976
v 0.01904342 0.02161083 -0.03535669
v -0.00363010 0.01448691 -0.00439712
v -0.01735661 0.01304067 -0.02417976
v -0.00363010 0.01448691 -0.00439712
v -0.01984542 0.02474738 -0.02330870
v -0.01984542 0.02474738 -0.02330870
v -0.00363010 0.01448691 -0.00439712
v -0.00611890 0.02619362 -0.00352606
v -0.01984542 0.02474738 -0.02330870
v -0.00611890 0.02619362 -0.00352606
v 0.01655461 0.03331754 -0.03448563
v -0.00363010 0.01448691 -0.00439712
v 0.01904342 0.02161083 -0.03535669
v 0.01875693 0.01865424 0.00356002
v -0.00363010 0.01448691 -0.00439712
v 0.01875693 0.01865424 0.00356002
v -0.00611890 0.02619362 -0.00352606
v -0.00611890 0.02619362 -0.00352606
v 0.01875693 0.01865424 0.00356002
v 0.01626812 0.03036096 0.00443108
v -0.00611890 0.02619362 -0.00352606
v 0.01626812 0.03036096 0.00443108
v 0.01655461 0.03331754 -0.03448563
v 0.01875693 0.01865424 0.00356002
v 0.01904342 0.02161083 -0.03535669
v 0.04125339 0.02395090 -0.00334771
v 0.01875693 0.01865424 0.00356002
v 0.04125339 0.02395090 -0.00334771
v 0.01626812 0.03036096 0.00443108
v 0.01626812 0.03036096 0.00443108
v 0.04125339 0.02395090 -0.00334771
v 0.03876458 0.03565761 -0.00247664
v 0.01626812 0.03036096 0.00443108
v 0.03876458 0.03565761 -0.00247664
v 0.01655461 0.03331754 -0.03448563
v 0.04125339 0.02395090 -0.00334771
v 0.01904342 0.02161083 -0.03535669
v 0.05526639 0.02835372 -0.02248177
v 0.04125339 0.02395090 -0.00334771
v 0.05526639 0.02835372 -0.02248177
v 0.03876458 0.03565761 -0.00247664
v 0.03876458 0.03565761 -0.00247664
v 0.05526639 0.02835372 -0.02248177
v 0.05277758 0.04006043 -0.02161071
v 0.03876458 0.03565761 -0.00247664
v 0.05277758 0.04006043 -0.02161071
v 0.01655461 0.03331754 -0.03448563
v 0.05526639 0.02835372 -0.02248177
v 0.01904342 0.02161083 -0.03535669
v 0.05544345 0.03018099 -0.04653363
v 0.05526639 0.02835372 -0.02248177
v 0.05544345 0.03018099 -0.04653363
v 0.05277758 0.04006043 -0.02161071
v 0.05277758 0.04006043 -0.02161071
v 0.05544345 0.03018099 -0.04653363
v 0.05295465 0.04188770 -0.04566256
v 0.05277758 0.04006043 -0.02161071
v 0.05295465 0.04188770 -0.04566256
v 0.01655461 0.03331754 -0.03448563
v 0.05544345 0.03018099 -0.04653363
v 0.01904342 0.02161083 -0.03535669
v 0.04171694 0.02873475 -0.06631627
v 0.05544345 0.03018099 -0.04653363
v 0.04171694 0.02873475 -0.06631627
v 0.05295465 0.04188770 -0.04566256
v 0.05295465 0.04188770 -0.04566256
v 0.04171694 0.02873475 -0.06631627
v 0.03922813 0.04044147 -0.06544521
v 0.05295465 0.04188770 -0.04566256
v 0.03922813 0.04044147 -0.06544521
v 0.01655461 0.03331754 -0.03448563
f 5521 5522 5523
f 5524 5525 5526
f 5527 5528 5529
f 5530 5531 5532
f 5533 5534 5535
f 5536 5537 5538
f 5539 5540 5541
f 5542 5543 5544
f 5545 5546 5547
f 5548 5549 5550
f 5551 5552 5553
f 5554 5555 5556
f 5557 5558 5559
f 5560 5561 5562
f 5563 5564 5565
f 5566 5567 5568
f 5569 5570 5571
f 5572 5573 5574
f 5575 5576 5577
f 5578 5579 5580
f 5581 5582 5583
f 5584 5585 5586
f 5587 5588 5589
f 5590 5591 5592
f 5593 5594 5595
f 5596 5597 5598
f 5599 5600 5601
f 5602 5603 5604
f 5605 5606 5607
f 5608 5609 5610
f 5611 5612 5613
f 5614 5615 5616
f 5617 5618 5619
f 5620 5621 5622
f 5623 5624 5625
f 5626 5627 5628
f 5629 5630 5631
f 5632 5633 5634
f 5635 5636 5637
f 5638 5639 5640

o geometry_23
usemtl material_4
v 0.03126476 0.01300324 0.01252697
v 0.01792323 0.01189004 -0.03481514
v 0.05654500 0.01322813 -0.00436716
v 0.03126476 0.01300324 0.01252697
v 0.05654500 0.01322813 -0.00436716
v 0.03101633 0.02499879 0.01231492
v 0.03101633 0.02499879 0.01231492
v 0.05654500 0.01322813 -0.00436716
v 0.05629658 0.02522369 -0.00457922
v 0.03101633 0.02499879 0.01231492
v 0.05629658 0.02522369 -0.00457922
v 0.01767480 0.02388559 -0.03502719
v 0.05654500 0.01322813 -0.00436716
v 0.01792323 0.01189004 -0.03481514
v 0.06707303 0.01294193 -0.03289139
v 0.05654500 0.01322813 -0.00436716
v 0.06707303 0.01294193 -0.03289139
v 0.05629658 0.02522369 -0.00457922
v 0.05629658 0.02522369 -0.00457922
v 0.06707303 0.01294193 -0.03289139
v 0.06682461 0.02493748 -0.03310344
v 0.05629658 0.02522369 -0.00457922
v 0.06682461 0.02493748 -0.03310344
v 0.01767480 0.02388559 -0.03502719
v 0.06707303 0.01294193 -0.03289139
v 0.01792323 0.01189004 -0.03481514
v 0.05882752 0.01225393 -0.06215042
v 0.06707303 0.01294193 -0.03289139
v 0.05882752 0.01225393 -0.06215042
v 0.06682461 0.02493748 -0.03310344
v 0.06682461 0.02493748 -0.03310344
v 0.05882752 0.01225393 -0.06215042
v 0.05857909 0.02424949 -0.06236247
v 0.06682461 0.02493748 -0.03310344
v 0.05857909 0.02424949 -0.06236247
v 0.01767480 0.02388559 -0.03502719
v 0.05882752 0.01225393 -0.06215042
v 0.01792323 0.01189004 -0.03481514
v 0.03495795 0.01142694 -0.08096830
v 0.05882752 0.01225393 -0.06215042
v 0.03495795 0.01142694 -0.08096830
v 0.05857909 0.02424949 -0.06236247
v 0.05857909 0.02424949 -0.06236247
v 0.03495795 0.01142694 -0.08096830
v 0.03470952 0.02342250 -0.08118036
v 0.05857909 0.02424949 -0.06236247
v 0.03470952 0.02342250 -0.08118036
v 0.01767480 0.02388559 -0.03502719
v 0.03495795 0.01142694 -0.08096830
v 0.01792323 0.01189004 -0.03481514
v 0.00458170 0.01077684 -0.08215725
v 0.03495795 0.01142694 -0.08096830
v 0.00458170 0.01077684 -0.08215725
v 0.03470952 0.02342250 -0.08118036
v 0.03470952 0.02342250 -0.08118036
v 0.00458170 0.01077684 -0.08215725
v 0.00433327 0.02277240 -0.08236930
v 0.03470952 0.02342250 -0.08118036
v 0.00433327 0.02277240 -0.08236930
v 0.01767480 0.02388559 -0.03502719
v 0.00458170 0.01077684 -0.08215725
v 0.01792323 0.01189004 -0.03481514
v -0.02069854 0.01055194 -0.06526311
v 0.00458170 0.01077684 -0.08215725
v -0.02069854 0.01055194 -0.06526311
v 0.00433327 0.02277240 -0.08236930
v 0.00433327 0.02277240 -0.08236930
v -0.02069854 0.01055194 -0.06526311
v -0.02094697 0.02254750 -0.06547517
v 0.00433327 0.02277240 -0.08236930
v -0.02094697 0.02254750 -0.06547517
v 0.01767480 0.02388559 -0.03502719
v -0.02069854 0.01055194 -0.06526311
v 0.01792323 0.01189004 -0.03481514
v -0.03122658 0.01083815 -0.03673889
v -0.02069854 0.01055194 -0.06526311
v -0.03122658 0.01083815 -0.03673889
v -0.02094697 0.02254750 -0.06547517
v -0.02094697 0.02254750 -0.06547517
v -0.03122658 0.01083815 -0.03673889
v -0.03147500 0.02283371 -0.03695094
v -0.02094697 0.02254750 -0.06547517
v -0.03147500 0.02283371 -0.03695094
v 0.01767480 0.02388559 -0.03502719
v -0.03122658 0.01083815 -0.03673889
v 0.01792323 0.01189004 -0.03481514
v -0.02298106 0.01152615 -0.00747985
v -0.03122658 0.01083815 -0.03673889
v -0.02298106 0.01152615 -0.00747985
v -0.03147500 0.02283371 -0.03695094
v -0.03147500 0.02283371 -0.03695094
v -0.02298106 0.01152615 -0.00747985
v -0.02322948 0.02352170 -0.00769191
v -0.03147500 0.02283371 -0.03695094
v -0.02322948 0.02352170 -0.00769191
v 0.01767480 0.02388559 -0.03502719
v -0.02298106 0.01152615 -0.00747985
v 0.01792323 0.01189004 -0.03481514
v 0.00088851 0.01235313 0.01133803
v -0.02298106 0.01152615 -0.00747985
v 0.00088851 0.01235313 0.01133803
v -0.02322948 0.02352170 -0.00769191
v -0.02322948 0.02352170 -0.00769191
v 0.00088851 0.01235313 0.01133803
v 0.00064008 0.02434869 0.01112598
v -0.02322948 0.02352170 -0.00769191
v 0.00064008 0.02434869 0.01112598
v 0.01767480 0.02388559 -0.03502719
v 0.00088851 0.01235313 0.01133803
v 0.01792323 0.01189004 -0.03481514
v 0.03126476 0.01300324 0.01252697
v 0.00088851 0.01235313 0.01133803
v 0.03126476 0.01300324 0.01252697
v 0.00064008 0.02434869 0.01112598
v 0.00064008 0.02434869 0.01112598
v 0.03126476 0.01300324 0.01252697
v 0.03101633 0.02499879 0.01231492
v 0.00064008 0.02434869 0.01112598
v 0.03101633 0.02499879 0.01231492
v 0.01767480 0.02388559 -0.03502719
f 5641 5642 5643
f 5644 5645 5646
f 5647 5648 5649
f 5650 5651 5652
f 5653 5654 5655
f 5656 5657 5658
f 5659 5660 5661
f 5662 5663 5664
f 5665 5666 5667
f 5668 5669 5670
f 5671 5672 5673
f 5674 5675 5676
f 5677 5678 5679
f 5680 5681 5682
f 5683 5684 5685
f 5686 5687 5688
f 5689 5690 5691
f 5692 5693 5694
f 5695 5696 5697
f 5698 5699 5700
f 5701 5702 5703
f 5704 5705 5706
f 5707 5708 5709
f 5710 5711 5712
f 5713 5714 5715
f 5716 5717 5718
f 5719 5720 5721
f 5722 5723 5724
f 5725 5726 5727
f 5728 5729 5730
f 5731 5732 5733
f 5734 5735 5736
f 5737 5738 5739
f 5740 5741 5742
f 5743 5744 5745
f 5746 5747 5748
f 5749 5750 5751
f 5752 5753 5754
f 5755 5756 5757
f 5758 5759 5760

o geometry_22
usemtl material_5
v 0.05494701 0.00087833 -0.04458388
v 0.01804056 -0.00065066 -0.03494732
v 0.04223501 0.00045288 -0.06445491
v 0.05494701 0.00087833 -0.04458388
v 0.04223501 0.00045288 -0.06445491
v 0.05446393 0.01286849 -0.04453156
v 0.05446393 0.01286849 -0.04453156
v 0.04223501 0.00045288 -0.06445491
v 0.04175193 0.01244303 -0.06440260
v 0.05446393 0.01286849 -0.04453156
v 0.04175193 0.01244303 -0.06440260
v 0.01755748 0.01133950 -0.03489501
v 0.04223501 0.00045288 -0.06445491
v 0.01804056 -0.00065066 -0.03494732
v 0.02028155 -0.00039410 -0.07305506
v 0.04223501 0.00045288 -0.06445491
v 0.02028155 -0.00039410 -0.07305506
v 0.04175193 0.01244303 -0.06440260
v 0.04175193 0.01244303 -0.06440260
v 0.02028155 -0.00039410 -0.07305506
v 0.01979847 0.01159606 -0.07300274
v 0.04175193 0.01244303 -0.06440260
v 0.01979847 0.01159606 -0.07300274
v 0.01755748 0.01133950 -0.03489501
v 0.02028155 -0.00039410 -0.07305506
v 0.01804056 -0.00065066 -0.03494732
v -0.00252790 -0.00133907 -0.06709934
v 0.02028155 -0.00039410 -0.07305506
v -0.00252790 -0.00133907 -0.06709934
v 0.01979847 0.01159606 -0.07300274
v 0.01979847 0.01159606 -0.07300274
v -0.00252790 -0.00133907 -0.06709934
v -0.00301098 0.01065109 -0.06704702
v 0.01979847 0.01159606 -0.07300274
v -0.00301098 0.01065109 -0.06704702
v 0.01755748 0.01133950 -0.03489501
v -0.00252790 -0.00133907 -0.06709934
v 0.01804056 -0.00065066 -0.03494732
v -0.01748089 -0.00202109 -0.04886264
v -0.00252790 -0.00133907 -0.06709934
v -0.01748089 -0.00202109 -0.04886264
v -0.00301098 0.01065109 -0.06704702
v -0.00301098 0.01065109 -0.06704702
v -0.01748089 -0.00202109 -0.04886264
v -0.01796397 0.00996907 -0.04881033
v -0.00301098 0.01065109 -0.06704702
v -0.01796397 0.00996907 -0.04881033
v 0.01755748 0.01133950 -0.03489501
v -0.01748089 -0.00202109 -0.04886264
v 0.01804056 -0.00065066 -0.03494732
v -0.01886590 -0.00217965 -0.02531077
v -0.01748089 -0.00202109 -0.04886264
v -0.01886590 -0.00217965 -0.02531077
v -0.01796397 0.00996907 -0.04881033
v -0.01796397 0.00996907 -0.04881033
v -0.01886590 -0.00217965 -0.02531077
v -0.01934898 0.00981051 -0.02525845
v -0.01796397 0.00996907 -0.04881033
v -0.01934898 0.00981051 -0.02525845
v 0.01755748 0.01133950 -0.03489501
v -0.01886590 -0.00217965 -0.02531077
v 0.01804056 -0.00065066 -0.03494732
v -0.00615390 -0.00175419 -0.00543973
v -0.01886590 -0.00217965 -0.02531077
v -0.00615390 -0.00175419 -0.00543973
v -0.01934898 0.00981051 -0.02525845
v -0.01934898 0.00981051 -0.02525845
v -0.00615390 -0.00175419 -0.00543973
v -0.00663698 0.01023597 -0.00538741
v -0.01934898 0.00981051 -0.02525845
v -0.00663698 0.01023597 -0.00538741
v 0.01755748 0.01133950 -0.03489501
v -0.00615390 -0.00175419 -0.00543973
v 0.01804056 -0.00065066 -0.03494732
v 0.01579957 -0.00090722 0.00316042
v -0.00615390 -0.00175419 -0.00543973
v 0.01579957 -0.00090722 0.00316042
v -0.00663698 0.01023597 -0.00538741
v -0.00663698 0.01023597 -0.00538741
v 0.01579957 -0.00090722 0.00316042
v 0.01531649 0.01108294 0.00321273
v -0.00663698 0.01023597 -0.00538741
v 0.01531649 0.01108294 0.00321273
v 0.01755748 0.01133950 -0.03489501
v 0.01579957 -0.00090722 0.00316042
v 0.01804056 -0.00065066 -0.03494732
v 0.03860901 0.00003775 -0.00279530
v 0.01579957 -0.00090722 0.00316042
v 0.03860901 0.00003775 -0.00279530
v 0.01531649 0.01108294 0.00321273
v 0.01531649 0.01108294 0.00321273
v 0.03860901 0.00003775 -0.00279530
v 0.03812593 0.01202791 -0.00274299
v 0.01531649 0.01108294 0.00321273
v 0.03812593 0.01202791 -0.00274299
v 0.01755748 0.01133950 -0.03489501
v 0.03860901 0.00003775 -0.00279530
v 0.01804056 -0.00065066 -0.03494732
v 0.05356200 0.00071977 -0.02103200
v 0.03860901 0.00003775 -0.00279530
v 0.05356200 0.00071977 -0.02103200
v 0.03812593 0.01202791 -0.00274299
v 0.03812593 0.01202791 -0.00274299
v 0.05356200 0.00071977 -0.02103200
v 0.05307892 0.01270993 -0.02097968
v 0.03812593 0.01202791 -0.00274299
v 0.05307892 0.01270993 -0.02097968
v 0.01755748 0.01133950 -0.03489501
v 0.05356200 0.00071977 -0.02103200
v 0.01804056 -0.00065066 -0.03494732
v 0.05494701 0.00087833 -0.04458388
v 0.05356200 0.00071977 -0.02103200
v 0.05494701 0.00087833 -0.04458388
v 0.05307892 0.01270993 -0.02097968
v 0.05307892 0.01270993 -0.02097968
v 0.05494701 0.00087833 -0.04458388
v 0.05446393 0.01286849 -0.04453156
v 0.05307892 0.01270993 -0.02097968
v 0.05446393 0.01286849 -0.04453156
v 0.01755748 0.01133950 -0.03489501
f 5761 5762 5763
f 5764 5765 5766
f 5767 5768 5769
f 5770 5771 5772
f 5773 5774 5775
f 5776 5777 5778
f 5779 5780 5781
f 5782 5783 5784
f 5785 5786 5787
f 5788 5789 5790
f 5791 5792 5793
f 5794 5795 5796
f 5797 5798 5799
f 5800 5801 5802
f 5803 5804 5805
f 5806 5807 5808
f 5809 5810 5811
f 5812 5813 5814
f 5815 5816 5817
f 5818 5819 5820
f 5821 5822 5823
f 5824 5825 5826
f 5827 5828 5829
f 5830 5831 5832
f 5833 5834 5835
f 5836 5837 5838
f 5839 5840 5841
f 5842 5843 5844
f 5845 5846 5847
f 5848 5849 5850
f 5851 5852 5853
f 5854 5855 5856
f 5857 5858 5859
f 5860 5861 5862
f 5863 5864 5865
f 5866 5867 5868
f 5869 5870 5871
f 5872 5873 5874
f 5875 5876 5877
f 5878 5879 5880

o geometry_21
usemtl material_4
v 0.06605071 0.03089613 0.04414039
v 0.04395050 0.02212501 0.07856448
v 0.04101745 0.03433896 0.03865726
v 0.06605071 0.03089613 0.04414039
v 0.04101745 0.03433896 0.03865726
v 0.06687209 0.04236058 0.04758882
v 0.06687209 0.04236058 0.04758882
v 0.04101745 0.03433896 0.03865726
v 0.04183884 0.04580341 0.04210569
v 0.06687209 0.04236058 0.04758882
v 0.04183884 0.04580341 0.04210569
v 0.04477188 0.03358946 0.08201291
v 0.04101745 0.03433896 0.03865726
v 0.04395050 0.02212501 0.07856448
v 0.01710452 0.03311647 0.04841733
v 0.04101745 0.03433896 0.03865726
v 0.01710452 0.03311647 0.04841733
v 0.04183884 0.04580341 0.04210569
v 0.04183884 0.04580341 0.04210569
v 0.01710452 0.03311647 0.04841733
v 0.01792591 0.04458093 0.05186575
v 0.04183884 0.04580341 0.04210569
v 0.01792591 0.04458093 0.05186575
v 0.04477188 0.03358946 0.08201291
v 0.01710452 0.03311647 0.04841733
v 0.04395050 0.02212501 0.07856448
v 0.00344584 0.02769562 0.06969258
v 0.01710452 0.03311647 0.04841733
v 0.00344584 0.02769562 0.06969258
v 0.01792591 0.04458093 0.05186575
v 0.01792591 0.04458093 0.05186575
v 0.00344584 0.02769562 0.06969258
v 0.00426723 0.03916008 0.07314101
v 0.01792591 0.04458093 0.05186575
v 0.00426723 0.03916008 0.07314101
v 0.04477188 0.03358946 0.08201291
v 0.00344584 0.02769562 0.06969258
v 0.04395050 0.02212501 0.07856448
v 0.00525856 0.02014699 0.09435660
v 0.00344584 0.02769562 0.06969258
v 0.00525856 0.02014699 0.09435660
v 0.00426723 0.03916008 0.07314101
v 0.00426723 0.03916008 0.07314101
v 0.00525856 0.02014699 0.09435660
v 0.00607995 0.03161144 0.09780502
v 0.00426723 0.03916008 0.07314101
v 0.00607995 0.03161144 0.09780502
v 0.04477188 0.03358946 0.08201291
v 0.00525856 0.02014699 0.09435660
v 0.04395050 0.02212501 0.07856448
v 0.02185029 0.01335389 0.11298856
v 0.00525856 0.02014699 0.09435660
v 0.02185029 0.01335389 0.11298856
v 0.00607995 0.03161144 0.09780502
v 0.00607995 0.03161144 0.09780502
v 0.02185029 0.01335389 0.11298856
v 0.02267167 0.02481835 0.11643699
v 0.00607995 0.03161144 0.09780502
v 0.02267167 0.02481835 0.11643699
v 0.04477188 0.03358946 0.08201291
v 0.02185029 0.01335389 0.11298856
v 0.04395050 0.02212501 0.07856448
v 0.04688354 0.00991107 0.11847170
v 0.02185029 0.01335389 0.11298856
v 0.04688354 0.00991107 0.11847170
v 0.02267167 0.02481835 0.11643699
v 0.02267167 0.02481835 0.11643699
v 0.04688354 0.00991107 0.11847170
v 0.04770493 0.02137552 0.12192012
v 0.02267167 0.02481835 0.11643699
v 0.04770493 0.02137552 0.12192012
v 0.04477188 0.03358946 0.08201291
v 0.04688354 0.00991107 0.11847170
v 0.04395050 0.02212501 0.07856448
v 0.07079647 0.01113355 0.10871163
v 0.04688354 0.00991107 0.11847170
v 0.07079647 0.01113355 0.10871163
v 0.04770493 0.02137552 0.12192012
v 0.04770493 0.02137552 0.12192012
v 0.07079647 0.01113355 0.10871163
v 0.07161786 0.02259800 0.11216006
v 0.04770493 0.02137552 0.12192012
v 0.07161786 0.02259800 0.11216006
v 0.04477188 0.03358946 0.08201291
v 0.07079647 0.01113355 0.10871163
v 0.04395050 0.02212501 0.07856448
v 0.08445515 0.01655440 0.08743638
v 0.07079647 0.01113355 0.10871163
v 0.08445515 0.01655440 0.08743638
v 0.07161786 0.02259800 0.11216006
v 0.07161786 0.02259800 0.11216006
v 0.08445515 0.01655440 0.08743638
v 0.08527654 0.02801885 0.09088480
v 0.07161786 0.02259800 0.11216006
v 0.08527654 0.02801885 0.09088480
v 0.04477188 0.03358946 0.08201291
v 0.08445515 0.01655440 0.08743638
v 0.04395050 0.02212501 0.07856448
v 0.08264243 0.02410303 0.06277236
v 0.08445515 0.01655440 0.08743638
v 0.08264243 0.02410303 0.06277236
v 0.08527654 0.02801885 0.09088480
v 0.08527654 0.02801885 0.09088480
v 0.08264243 0.02410303 0.06277236
v 0.08346382 0.03556748 0.06622078
v 0.08527654 0.02801885 0.09088480
v 0.08346382 0.03556748 0.06622078
v 0.04477188 0.03358946 0.08201291
v 0.08264243 0.02410303 0.06277236
v 0.04395050 0.02212501 0.07856448
v 0.06605071 0.03089613 0.04414039
v 0.08264243 0.02410303 0.06277236
v 0.06605071 0.03089613 0.04414039
v 0.08346382 0.03556748 0.06622078
v 0.08346382 0.03556748 0.06622078
v 0.06605071 0.03089613 0.04414039
v 0.06687209 0.04236058 0.04758882
v 0.08346382 0.03556748 0.06622078
v 0.06687209 0.04236058 0.04758882
v 0.04477188 0.03358946 0.08201291
f 5881 5882 5883
f 5884 5885 5886
f 5887 5888 5889
f 5890 5891 5892
f 5893 5894 5895
f 5896 5897 5898
f 5899 5900 5901
f 5902 5903 5904
f 5905 5906 5907
f 5908 5909 5910
f 5911 5912 5913
f 5914 5915 5916
f 5917 5918 5919
f 5920 5921 5922
f 5923 5924 5925
f 5926 5927 5928
f 5929 5930 5931
f 5932 5933 5934
f 5935 5936 5937
f 5938 5939 5940
f 5941 5942 5943
f 5944 5945 5946
f 5947 5948 5949
f 5950 5951 5952
f 5953 5954 5955
f 5956 5957 5958
f 5959 5960 5961
f 5962 5963 5964
f 5965 5966 5967
f 5968 5969 5970
f 5971 5972 5973
f 5974 5975 5976
f 5977 5978 5979
f 5980 5981 5982
f 5983 5984 5985
f 5986 5987 5988
f 5989 5990 5991
f 5992 5993 5994
f 5995 5996 5997
f 5998 5999 6000

o geometry_20
usemtl material_5
v 0.02835917 -0.00052797 0.11419106
v 0.04369277 0.01113256 0.07819535
v 0.05336655 -0.00380256 0.11493958
v 0.02835917 -0.00052797 0.11419106
v 0.05336655 -0.00380256 0.11493958
v 0.02969601 0.01063825 0.11837775
v 0.02969601 0.01063825 0.11837775
v 0.05336655 -0.00380256 0.11493958
v 0.05470340 0.00736366 0.11912627
v 0.02969601 0.01063825 0.11837775
v 0.05470340 0.00736366 0.11912627
v 0.04502961 0.02229878 0.08238204
v 0.05336655 -0.00380256 0.11493958
v 0.04369277 0.01113256 0.07819535
v 0.07467888 -0.00137245 0.10165305
v 0.05336655 -0.00380256 0.11493958
v 0.07467888 -0.00137245 0.10165305
v 0.05470340 0.00736366 0.11912627
v 0.05470340 0.00736366 0.11912627
v 0.07467888 -0.00137245 0.10165305
v 0.07601573 0.00979378 0.10583974
v 0.05470340 0.00736366 0.11912627
v 0.07601573 0.00979378 0.10583974
v 0.04502961 0.02229878 0.08238204
v 0.07467888 -0.00137245 0.10165305
v 0.04369277 0.01113256 0.07819535
v 0.08415557 0.00583416 0.07940648
v 0.07467888 -0.00137245 0.10165305
v 0.08415557 0.00583416 0.07940648
v 0.07601573 0.00979378 0.10583974
v 0.07601573 0.00979378 0.10583974
v 0.08415557 0.00583416 0.07940648
v 0.08549242 0.01700038 0.08359317
v 0.07601573 0.00979378 0.10583974
v 0.08549242 0.01700038 0.08359317
v 0.04502961 0.02229878 0.08238204
v 0.08415557 0.00583416 0.07940648
v 0.04369277 0.01113256 0.07819535
v 0.07817684 0.01506457 0.05669730
v 0.08415557 0.00583416 0.07940648
v 0.07817684 0.01506457 0.05669730
v 0.08549242 0.01700038 0.08359317
v 0.08549242 0.01700038 0.08359317
v 0.07817684 0.01506457 0.05669730
v 0.07951369 0.02623079 0.06088398
v 0.08549242 0.01700038 0.08359317
v 0.07951369 0.02623079 0.06088398
v 0.04502961 0.02229878 0.08238204
v 0.07817684 0.01506457 0.05669730
v 0.04369277 0.01113256 0.07819535
v 0.05902637 0.02279309 0.04219964
v 0.07817684 0.01506457 0.05669730
v 0.05902637 0.02279309 0.04219964
v 0.07951369 0.02623079 0.06088398
v 0.07951369 0.02623079 0.06088398
v 0.05902637 0.02279309 0.04219964
v 0.06036321 0.03395931 0.04638633
v 0.07951369 0.02623079 0.06088398
v 0.06036321 0.03395931 0.04638633
v 0.04502961 0.02229878 0.08238204
v 0.05902637 0.02279309 0.04219964
v 0.04369277 0.01113256 0.07819535
v 0.03401898 0.02606768 0.04145112
v 0.05902637 0.02279309 0.04219964
v 0.03401898 0.02606768 0.04145112
v 0.06036321 0.03395931 0.04638633
v 0.06036321 0.03395931 0.04638633
v 0.03401898 0.02606768 0.04145112
v 0.03535582 0.03723390 0.04563781
v 0.06036321 0.03395931 0.04638633
v 0.03535582 0.03723390 0.04563781
v 0.04502961 0.02229878 0.08238204
v 0.03401898 0.02606768 0.04145112
v 0.04369277 0.01113256 0.07819535
v 0.01270665 0.02363756 0.05473765
v 0.03401898 0.02606768 0.04145112
v 0.01270665 0.02363756 0.05473765
v 0.03535582 0.03723390 0.04563781
v 0.03535582 0.03723390 0.04563781
v 0.01270665 0.02363756 0.05473765
v 0.01404350 0.03480378 0.05892433
v 0.03535582 0.03723390 0.04563781
v 0.01404350 0.03480378 0.05892433
v 0.04502961 0.02229878 0.08238204
v 0.01270665 0.02363756 0.05473765
v 0.04369277 0.01113256 0.07819535
v 0.00322996 0.01643096 0.07698422
v 0.01270665 0.02363756 0.05473765
v 0.00322996 0.01643096 0.07698422
v 0.01404350 0.03480378 0.05892433
v 0.01404350 0.03480378 0.05892433
v 0.00322996 0.01643096 0.07698422
v 0.00456681 0.02759718 0.08117090
v 0.01404350 0.03480378 0.05892433
v 0.00456681 0.02759718 0.08117090
v 0.04502961 0.02229878 0.08238204
v 0.00322996 0.01643096 0.07698422
v 0.04369277 0.01113256 0.07819535
v 0.00920869 0.00720054 0.09969340
v 0.00322996 0.01643096 0.07698422
v 0.00920869 0.00720054 0.09969340
v 0.00456681 0.02759718 0.08117090
v 0.00456681 0.02759718 0.08117090
v 0.00920869 0.00720054 0.09969340
v 0.01054554 0.01836677 0.10388009
v 0.00456681 0.02759718 0.08117090
v 0.01054554 0.01836677 0.10388009
v 0.04502961 0.02229878 0.08238204
v 0.00920869 0.00720054 0.09969340
v 0.04369277 0.01113256 0.07819535
v 0.02835917 -0.00052797 0.11419106
v 0.00920869 0.00720054 0.09969340
v 0.02835917 -0.00052797 0.11419106
v 0.01054554 0.01836677 0.10388009
v 0.01054554 0.01836677 0.10388009
v 0.02835917 -0.00052797 0.11419106
v 0.02969601 0.01063825 0.11837775
v 0.01054554 0.01836677 0.10388009
v 0.02969601 0.01063825 0.11837775
v 0.04502961 0.02229878 0.08238204
f 6001 6002 6003
f 6004 6005 6006
f 6007 6008 6009
f 6010 6011 6012
f 6013 6014 6015
f 6016 6017 6018
f 6019 6020 6021
f 6022 6023 6024
f 6025 6026 6027
f 6028 6029 6030
f 6031 6032 6033
f 6034 6035 6036
f 6037 6038 6039
f 6040 6041 6042
f 6043 6044 6045
f 6046 6047 6048
f 6049 6050 6051
f 6052 6053 6054
f 6055 6056 6057
f 6058 6059 6060
f 6061 6062 6063
f 6064 6065 6066
f 6067 6068 6069
f 6070 6071 6072
f 6073 6074 6075
f 6076 6077 6078
f 6079 6080 6081
f 6082 6083 6084
f 6085 6086 6087
f 6088 6089 6090
f 6091 6092 6093
f 6094 6095 6096
f 6097 6098 6099
f 6100 6101 6102
f 6103 6104 6105
f 6106 6107 6108
f 6109 6110 6111
f 6112 6113 6114
f 6115 6116 6117
f 6118 6119 6120

o geometry_19
usemtl material_5
v 0.03221915 -0.00031614 0.03441471
v 0.04406084 0.00067327 0.08049447
v 0.00742567 0.00146735 0.05013360
v 0.03221915 -0.00031614 0.03441471
v 0.00742567 0.00146735 0.05013360
v 0.03281984 0.01166175 0.03400316
v 0.03281984 0.01166175 0.03400316
v 0.00742567 0.00146735 0.05013360
v 0.00802637 0.01344524 0.04972205
v 0.03281984 0.01166175 0.03400316
v 0.00802637 0.01344524 0.04972205
v 0.04466154 0.01265116 0.08008292
v 0.00742567 0.00146735 0.05013360
v 0.04406084 0.00067327 0.08049447
v -0.00337441 0.00294753 0.07744931
v 0.00742567 0.00146735 0.05013360
v -0.00337441 0.00294753 0.07744931
v 0.00802637 0.01344524 0.04972205
v 0.00802637 0.01344524 0.04972205
v -0.00337441 0.00294753 0.07744931
v -0.00277372 0.01492542 0.07703775
v 0.00802637 0.01344524 0.04972205
v -0.00277372 0.01492542 0.07703775
v 0.04466154 0.01265116 0.08008292
v -0.00337441 0.00294753 0.07744931
v 0.04406084 0.00067327 0.08049447
v 0.00394416 0.00355902 0.10592817
v -0.00337441 0.00294753 0.07744931
v 0.00394416 0.00355902 0.10592817
v -0.00277372 0.01492542 0.07703775
v -0.00277372 0.01492542 0.07703775
v 0.00394416 0.00355902 0.10592817
v 0.00454485 0.01553691 0.10551661
v -0.00277372 0.01492542 0.07703775
v 0.00454485 0.01553691 0.10551661
v 0.04466154 0.01265116 0.08008292
v 0.00394416 0.00355902 0.10592817
v 0.04406084 0.00067327 0.08049447
v 0.02658594 0.00306826 0.12469222
v 0.00394416 0.00355902 0.10592817
v 0.02658594 0.00306826 0.12469222
v 0.00454485 0.01553691 0.10551661
v 0.00454485 0.01553691 0.10551661
v 0.02658594 0.00306826 0.12469222
v 0.02718664 0.01504615 0.12428066
v 0.00454485 0.01553691 0.10551661
v 0.02718664 0.01504615 0.12428066
v 0.04466154 0.01265116 0.08008292
v 0.02658594 0.00306826 0.12469222
v 0.04406084 0.00067327 0.08049447
v 0.05590254 0.00166269 0.12657422
v 0.02658594 0.00306826 0.12469222
v 0.05590254 0.00166269 0.12657422
v 0.02718664 0.01504615 0.12428066
v 0.02718664 0.01504615 0.12428066
v 0.05590254 0.00166269 0.12657422
v 0.05650324 0.01364058 0.12616268
v 0.02718664 0.01504615 0.12428066
v 0.05650324 0.01364058 0.12616268
v 0.04466154 0.01265116 0.08008292
v 0.05590254 0.00166269 0.12657422
v 0.04406084 0.00067327 0.08049447
v 0.08069602 -0.00012080 0.11085534
v 0.05590254 0.00166269 0.12657422
v 0.08069602 -0.00012080 0.11085534
v 0.05650324 0.01364058 0.12616268
v 0.05650324 0.01364058 0.12616268
v 0.08069602 -0.00012080 0.11085534
v 0.08129671 0.01185709 0.11044379
v 0.05650324 0.01364058 0.12616268
v 0.08129671 0.01185709 0.11044379
v 0.04466154 0.01265116 0.08008292
v 0.08069602 -0.00012080 0.11085534
v 0.04406084 0.00067327 0.08049447
v 0.09149610 -0.00160098 0.08353963
v 0.08069602 -0.00012080 0.11085534
v 0.09149610 -0.00160098 0.08353963
v 0.08129671 0.01185709 0.11044379
v 0.08129671 0.01185709 0.11044379
v 0.09149610 -0.00160098 0.08353963
v 0.09209679 0.01037691 0.08312807
v 0.08129671 0.01185709 0.11044379
v 0.09209679 0.01037691 0.08312807
v 0.04466154 0.01265116 0.08008292
v 0.09149610 -0.00160098 0.08353963
v 0.04406084 0.00067327 0.08049447
v 0.08417752 -0.00221248 0.05506077
v 0.09149610 -0.00160098 0.08353963
v 0.08417752 -0.00221248 0.05506077
v 0.09209679 0.01037691 0.08312807
v 0.09209679 0.01037691 0.08312807
v 0.08417752 -0.00221248 0.05506077
v 0.08477822 0.00976541 0.05464922
v 0.09209679 0.01037691 0.08312807
v 0.08477822 0.00976541 0.05464922
v 0.04466154 0.01265116 0.08008292
v 0.08417752 -0.00221248 0.05506077
v 0.04406084 0.00067327 0.08049447
v 0.06153575 -0.00172171 0.03629673
v 0.08417752 -0.00221248 0.05506077
v 0.06153575 -0.00172171 0.03629673
v 0.08477822 0.00976541 0.05464922
v 0.08477822 0.00976541 0.05464922
v 0.06153575 -0.00172171 0.03629673
v 0.06213644 0.01025618 0.03588517
v 0.08477822 0.00976541 0.05464922
v 0.06213644 0.01025618 0.03588517
v 0.04466154 0.01265116 0.08008292
v 0.06153575 -0.00172171 0.03629673
v 0.04406084 0.00067327 0.08049447
v 0.03221915 -0.00031614 0.03441471
v 0.06153575 -0.00172171 0.03629673
v 0.03221915 -0.00031614 0.03441471
v 0.06213644 0.01025618 0.03588517
v 0.06213644 0.01025618 0.03588517
v 0.03221915 -0.00031614 0.03441471
v 0.03281984 0.01166175 0.03400316
v 0.06213644 0.01025618 0.03588517
v 0.03281984 0.01166175 0.03400316
v 0.04466154 0.01265116 0.08008292
f 6121 6122 6123
f 6124 6125 6126
f 6127 6128 6129
f 6130 6131 6132
f 6133 6134 6135
f 6136 6137 6138
f 6139 6140 6141
f 6142 6143 6144
f 6145 6146 6147
f 6148 6149 6150
f 6151 6152 6153
f 6154 6155 6156
f 6157 6158 6159
f 6160 6161 6162
f 6163 6164 6165
f 6166 6167 6168
f 6169 6170 6171
f 6172 6173 6174
f 6175 6176 6177
f 6178 6179 6180
f 6181 6182 6183
f 6184 6185 6186
f 6187 6188 6189
f 6190 6191 6192
f 6193 6194 6195
f 6196 6197 6198
f 6199 6200 6201
f 6202 6203 6204
f 6205 6206 6207
f 6208 6209 6210
f 6211 6212 6213
f 6214 6215 6216
f 6217 6218 6219
f 6220 6221 6222
f 6223 6224 6225
f 6226 6227 6228
f 6229 6230 6231
f 6232 6233 6234
f 6235 6236 6237
f 6238 6239 6240

o geometry_18
usemtl material_4
v 0.02393366 -0.00031590 0.01930368
v -0.01712041 -0.00014818 0.02714969
v 0.01148196 -0.00012335 -0.00332865
v 0.02393366 -0.00031590 0.01930368
v 0.01148196 -0.00012335 -0.00332865
v 0.02399568 0.01168374 0.01937165
v 0.02399568 0.01168374 0.01937165
v 0.01148196 -0.00012335 -0.00332865
v 0.01154397 0.01187630 -0.00326067
v 0.02399568 0.01168374 0.01937165
v 0.01154397 0.01187630 -0.00326067
v -0.01705839 0.01185146 0.02721766
v 0.01148196 -0.00012335 -0.00332865
v -0.01712041 -0.00014818 0.02714969
v -0.01189488 0.00005973 -0.01431928
v 0.01148196 -0.00012335 -0.00332865
v -0.01189488 0.00005973 -0.01431928
v 0.01154397 0.01187630 -0.00326067
v 0.01154397 0.01187630 -0.00326067
v -0.01189488 0.00005973 -0.01431928
v -0.01183286 0.01205937 -0.01425131
v 0.01154397 0.01187630 -0.00326067
v -0.01183286 0.01205937 -0.01425131
v -0.01705839 0.01185146 0.02721766
v -0.01189488 0.00005973 -0.01431928
v -0.01712041 -0.00014818 0.02714969
v -0.03726769 0.00016338 -0.00947018
v -0.01189488 0.00005973 -0.01431928
v -0.03726769 0.00016338 -0.00947018
v -0.01183286 0.01205937 -0.01425131
v -0.01183286 0.01205937 -0.01425131
v -0.03726769 0.00016338 -0.00947018
v -0.03720568 0.01216303 -0.00940221
v -0.01183286 0.01205937 -0.01425131
v -0.03720568 0.01216303 -0.00940221
v -0.01705839 0.01185146 0.02721766
v -0.03726769 0.00016338 -0.00947018
v -0.01712041 -0.00014818 0.02714969
v -0.05494493 0.00014803 0.00936646
v -0.03726769 0.00016338 -0.00947018
v -0.05494493 0.00014803 0.00936646
v -0.03720568 0.01216303 -0.00940221
v -0.03720568 0.01216303 -0.00940221
v -0.05494493 0.00014803 0.00936646
v -0.05488291 0.01214768 0.00943444
v -0.03720568 0.01216303 -0.00940221
v -0.05488291 0.01214768 0.00943444
v -0.01705839 0.01185146 0.02721766
v -0.05494493 0.00014803 0.00936646
v -0.01712041 -0.00014818 0.02714969
v -0.05817448 0.00001954 0.03499570
v -0.05494493 0.00014803 0.00936646
v -0.05817448 0.00001954 0.03499570
v -0.05488291 0.01214768 0.00943444
v -0.05488291 0.01214768 0.00943444
v -0.05817448 0.00001954 0.03499570
v -0.05811246 0.01201918 0.03506367
v -0.05488291 0.01214768 0.00943444
v -0.05811246 0.01201918 0.03506367
v -0.01705839 0.01185146 0.02721766
v -0.05817448 0.00001954 0.03499570
v -0.01712041 -0.00014818 0.02714969
v -0.04572278 -0.00017302 0.05762802
v -0.05817448 0.00001954 0.03499570
v -0.04572278 -0.00017302 0.05762802
v -0.05811246 0.01201918 0.03506367
v -0.05811246 0.01201918 0.03506367
v -0.04572278 -0.00017302 0.05762802
v -0.04566076 0.01182662 0.05769600
v -0.05811246 0.01201918 0.03506367
v -0.04566076 0.01182662 0.05769600
v -0.01705839 0.01185146 0.02721766
v -0.04572278 -0.00017302 0.05762802
v -0.01712041 -0.00014818 0.02714969
v -0.02234594 -0.00035609 0.06861866
v -0.04572278 -0.00017302 0.05762802
v -0.02234594 -0.00035609 0.06861866
v -0.04566076 0.01182662 0.05769600
v -0.04566076 0.01182662 0.05769600
v -0.02234594 -0.00035609 0.06861866
v -0.02228392 0.01164355 0.06868663
v -0.04566076 0.01182662 0.05769600
v -0.02228392 0.01164355 0.06868663
v -0.01705839 0.01185146 0.02721766
v -0.02234594 -0.00035609 0.06861866
v -0.01712041 -0.00014818 0.02714969
v 0.00302687 -0.00045975 0.06376956
v -0.02234594 -0.00035609 0.06861866
v 0.00302687 -0.00045975 0.06376956
v -0.02228392 0.01164355 0.06868663
v -0.02228392 0.01164355 0.06868663
v 0.00302687 -0.00045975 0.06376956
v 0.00308889 0.01153990 0.06383753
v -0.02228392 0.01164355 0.06868663
v 0.00308889 0.01153990 0.06383753
v -0.01705839 0.01185146 0.02721766
v 0.00302687 -0.00045975 0.06376956
v -0.01712041 -0.00014818 0.02714969
v 0.02070411 -0.00044440 0.04493291
v 0.00302687 -0.00045975 0.06376956
v 0.02070411 -0.00044440 0.04493291
v 0.00308889 0.01153990 0.06383753
v 0.00308889 0.01153990 0.06383753
v 0.02070411 -0.00044440 0.04493291
v 0.02076612 0.01155525 0.04500088
v 0.00308889 0.01153990 0.06383753
v 0.02076612 0.01155525 0.04500088
v -0.01705839 0.01185146 0.02721766
v 0.02070411 -0.00044440 0.04493291
v -0.01712041 -0.00014818 0.02714969
v 0.02393366 -0.00031590 0.01930368
v 0.02070411 -0.00044440 0.04493291
v 0.02393366 -0.00031590 0.01930368
v 0.02076612 0.01155525 0.04500088
v 0.02076612 0.01155525 0.04500088
v 0.02393366 -0.00031590 0.01930368
v 0.02399568 0.01168374 0.01937165
v 0.02076612 0.01155525 0.04500088
v 0.02399568 0.01168374 0.01937165
v -0.01705839 0.01185146 0.02721766
f 6241 6242 6243
f 6244 6245 6246
f 6247 6248 6249
f 6250 6251 6252
f 6253 6254 6255
f 6256 6257 6258
f 6259 6260 6261
f 6262 6263 6264
f 6265 6266 6267
f 6268 6269 6270
f 6271 6272 6273
f 6274 6275 6276
f 6277 6278 6279
f 6280 6281 6282
f 6283 6284 6285
f 6286 6287 6288
f 6289 6290 6291
f 6292 6293 6294
f 6295 6296 6297
f 6298 6299 6300
f 6301 6302 6303
f 6304 6305 6306
f 6307 6308 6309
f 6310 6311 6312
f 6313 6314 6315
f 6316 6317 6318
f 6319 6320 6321
f 6322 6323 6324
f 6325 6326 6327
f 6328 6329 6330
f 6331 6332 6333
f 6334 6335 6336
f 6337 6338 6339
f 6340 6341 6342
f 6343 6344 6345
f 6346 6347 6348
f 6349 6350 6351
f 6352 6353 6354
f 6355 6356 6357
f 6358 6359 6360

o geometry_17
usemtl material_5
v -0.02801646 0.01801589 0.01274837
v 0.01555163 0.02221132 0.00787252
v -0.01663341 0.01679727 0.03744219
v -0.02801646 0.01801589 0.01274837
v -0.01663341 0.01679727 0.03744219
v -0.02904442 0.02992456 0.01380990
v -0.02904442 0.02992456 0.01380990
v -0.01663341 0.01679727 0.03744219
v -0.01766137 0.02870594 0.03850373
v -0.02904442 0.02992456 0.01380990
v -0.01766137 0.02870594 0.03850373
v 0.01452367 0.03411999 0.00893406
v -0.01663341 0.01679727 0.03744219
v 0.01555163 0.02221132 0.00787252
v 0.00704323 0.01764664 0.05084140
v -0.01663341 0.01679727 0.03744219
v 0.00704323 0.01764664 0.05084140
v -0.01766137 0.02870594 0.03850373
v -0.01766137 0.02870594 0.03850373
v 0.00704323 0.01764664 0.05084140
v 0.00601527 0.02955531 0.05190294
v -0.01766137 0.02870594 0.03850373
v 0.00601527 0.02955531 0.05190294
v 0.01452367 0.03411999 0.00893406
v 0.00704323 0.01764664 0.05084140
v 0.01555163 0.02221132 0.00787252
v 0.03396979 0.02023956 0.04782797
v 0.00704323 0.01764664 0.05084140
v 0.03396979 0.02023956 0.04782797
v 0.00601527 0.02955531 0.05190294
v 0.00601527 0.02955531 0.05190294
v 0.03396979 0.02023956 0.04782797
v 0.03294183 0.03214823 0.04888950
v 0.00601527 0.02955531 0.05190294
v 0.03294183 0.03214823 0.04888950
v 0.01452367 0.03411999 0.00893406
v 0.03396979 0.02023956 0.04782797
v 0.01555163 0.02221132 0.00787252
v 0.05386124 0.02358562 0.02955290
v 0.03396979 0.02023956 0.04782797
v 0.05386124 0.02358562 0.02955290
v 0.03294183 0.03214823 0.04888950
v 0.03294183 0.03214823 0.04888950
v 0.05386124 0.02358562 0.02955290
v 0.05283328 0.03549429 0.03061444
v 0.03294183 0.03214823 0.04888950
v 0.05283328 0.03549429 0.03061444
v 0.01452367 0.03411999 0.00893406
v 0.05386124 0.02358562 0.02955290
v 0.01555163 0.02221132 0.00787252
v 0.05911972 0.02640674 0.00299667
v 0.05386124 0.02358562 0.02955290
v 0.05911972 0.02640674 0.00299667
v 0.05283328 0.03549429 0.03061444
v 0.05283328 0.03549429 0.03061444
v 0.05911972 0.02640674 0.00299667
v 0.05809176 0.03831542 0.00405821
v 0.05283328 0.03549429 0.03061444
v 0.05809176 0.03831542 0.00405821
v 0.01452367 0.03411999 0.00893406
v 0.05911972 0.02640674 0.00299667
v 0.01555163 0.02221132 0.00787252
v 0.04773667 0.02762536 -0.02169715
v 0.05911972 0.02640674 0.00299667
v 0.04773667 0.02762536 -0.02169715
v 0.05809176 0.03831542 0.00405821
v 0.05809176 0.03831542 0.00405821
v 0.04773667 0.02762536 -0.02169715
v 0.04670871 0.03953403 -0.02063561
v 0.05809176 0.03831542 0.00405821
v 0.04670871 0.03953403 -0.02063561
v 0.01452367 0.03411999 0.00893406
v 0.04773667 0.02762536 -0.02169715
v 0.01555163 0.02221132 0.00787252
v 0.02406003 0.02677599 -0.03509636
v 0.04773667 0.02762536 -0.02169715
v 0.02406003 0.02677599 -0.03509636
v 0.04670871 0.03953403 -0.02063561
v 0.04670871 0.03953403 -0.02063561
v 0.02406003 0.02677599 -0.03509636
v 0.02303207 0.03868466 -0.03403483
v 0.04670871 0.03953403 -0.02063561
v 0.02303207 0.03868466 -0.03403483
v 0.01452367 0.03411999 0.00893406
v 0.02406003 0.02677599 -0.03509636
v 0.01555163 0.02221132 0.00787252
v -0.00286653 0.02418308 -0.03208292
v 0.02406003 0.02677599 -0.03509636
v -0.00286653 0.02418308 -0.03208292
v 0.02303207 0.03868466 -0.03403483
v 0.02303207 0.03868466 -0.03403483
v -0.00286653 0.02418308 -0.03208292
v -0.00389449 0.03609174 -0.03102139
v 0.02303207 0.03868466 -0.03403483
v -0.00389449 0.03609174 -0.03102139
v 0.01452367 0.03411999 0.00893406
v -0.00286653 0.02418308 -0.03208292
v 0.01555163 0.02221132 0.00787252
v -0.02275798 0.02083701 -0.01380786
v -0.00286653 0.02418308 -0.03208292
v -0.02275798 0.02083701 -0.01380786
v -0.00389449 0.03609174 -0.03102139
v -0.00389449 0.03609174 -0.03102139
v -0.02275798 0.02083701 -0.01380786
v -0.02378594 0.03274569 -0.01274633
v -0.00389449 0.03609174 -0.03102139
v -0.02378594 0.03274569 -0.01274633
v 0.01452367 0.03411999 0.00893406
v -0.02275798 0.02083701 -0.01380786
v 0.01555163 0.02221132 0.00787252
v -0.02801646 0.01801589 0.01274837
v -0.02275798 0.02083701 -0.01380786
v -0.02801646 0.01801589 0.01274837
v -0.02378594 0.03274569 -0.01274633
v -0.02378594 0.03274569 -0.01274633
v -0.02801646 0.01801589 0.01274837
v -0.02904442 0.02992456 0.01380990
v -0.02378594 0.03274569 -0.01274633
v -0.02904442 0.02992456 0.01380990
v 0.01452367 0.03411999 0.00893406
f 6361 6362 6363
f 6364 6365 6366
f 6367 6368 6369
f 6370 6371 6372
f 6373 6374 6375
f 6376 6377 6378
f 6379 6380 6381
f 6382 6383 6384
f 6385 6386 6387
f 6388 6389 6390
f 6391 6392 6393
f 6394 6395 6396
f 6397 6398 6399
f 6400 6401 6402
f 6403 6404 6405
f 6406 6407 6408
f 6409 6410 6411
f 6412 6413 6414
f 6415 6416 6417
f 6418 6419 6420
f 6421 6422 6423
f 6424 6425 6426
f 6427 6428 6429
f 6430 6431 6432
f 6433 6434 6435
f 6436 6437 6438
f 6439 6440 6441
f 6442 6443 6444
f 6445 6446 6447
f 6448 6449 6450
f 6451 6452 6453
f 6454 6455 6456
f 6457 6458 6459
f 6460 6461 6462
f 6463 6464 6465
f 6466 6467 6468
f 6469 6470 6471
f 6472 6473 6474
f 6475 6476 6477
f 6478 6479 6480

o geometry_16
usemtl material_4
v 0.03455885 0.01201504 0.04128895
v 0.01528368 0.01032930 0.00856709
v 0.05011475 0.01217245 0.02368310
v 0.03455885 0.01201504 0.04128895
v 0.05011475 0.01217245 0.02368310
v 0.03406680 0.02400047 0.04096135
v 0.03406680 0.02400047 0.04096135
v 0.05011475 0.01217245 0.02368310
v 0.04962269 0.02415788 0.02335549
v 0.03406680 0.02400047 0.04096135
v 0.04962269 0.02415788 0.02335549
v 0.01479162 0.02231473 0.00823949
v 0.05011475 0.01217245 0.02368310
v 0.01528368 0.01032930 0.00856709
v 0.05236636 0.01162584 0.00030344
v 0.05011475 0.01217245 0.02368310
v 0.05236636 0.01162584 0.00030344
v 0.04962269 0.02415788 0.02335549
v 0.04962269 0.02415788 0.02335549
v 0.05236636 0.01162584 0.00030344
v 0.05187431 0.02361127 -0.00002417
v 0.04962269 0.02415788 0.02335549
v 0.05187431 0.02361127 -0.00002417
v 0.01479162 0.02231473 0.00823949
v 0.05236636 0.01162584 0.00030344
v 0.01528368 0.01032930 0.00856709
v 0.04045365 0.01058399 -0.01991978
v 0.05236636 0.01162584 0.00030344
v 0.04045365 0.01058399 -0.01991978
v 0.05187431 0.02361127 -0.00002417
v 0.05187431 0.02361127 -0.00002417
v 0.04045365 0.01058399 -0.01991978
v 0.03996159 0.02256942 -0.02024739
v 0.05187431 0.02361127 -0.00002417
v 0.03996159 0.02256942 -0.02024739
v 0.01479162 0.02231473 0.00823949
v 0.04045365 0.01058399 -0.01991978
v 0.01528368 0.01032930 0.00856709
v 0.01892686 0.00944487 -0.02926199
v 0.04045365 0.01058399 -0.01991978
v 0.01892686 0.00944487 -0.02926199
v 0.03996159 0.02256942 -0.02024739
v 0.03996159 0.02256942 -0.02024739
v 0.01892686 0.00944487 -0.02926199
v 0.01843481 0.02143030 -0.02958959
v 0.03996159 0.02256942 -0.02024739
v 0.01843481 0.02143030 -0.02958959
v 0.01479162 0.02231473 0.00823949
v 0.01892686 0.00944487 -0.02926199
v 0.01528368 0.01032930 0.00856709
v -0.00399150 0.00864356 -0.02415477
v 0.01892686 0.00944487 -0.02926199
v -0.00399150 0.00864356 -0.02415477
v 0.01843481 0.02143030 -0.02958959
v 0.01843481 0.02143030 -0.02958959
v -0.00399150 0.00864356 -0.02415477
v -0.00448355 0.02062899 -0.02448238
v 0.01843481 0.02143030 -0.02958959
v -0.00448355 0.02062899 -0.02448238
v 0.01479162 0.02231473 0.00823949
v -0.00399150 0.00864356 -0.02415477
v 0.01528368 0.01032930 0.00856709
v -0.01954739 0.00848615 -0.00654891
v -0.00399150 0.00864356 -0.02415477
v -0.01954739 0.00848615 -0.00654891
v -0.00448355 0.02062899 -0.02448238
v -0.00448355 0.02062899 -0.02448238
v -0.01954739 0.00848615 -0.00654891
v -0.02003945 0.02047159 -0.00687652
v -0.00448355 0.02062899 -0.02448238
v -0.02003945 0.02047159 -0.00687652
v 0.01479162 0.02231473 0.00823949
v -0.01954739 0.00848615 -0.00654891
v 0.01528368 0.01032930 0.00856709
v -0.02179900 0.00903276 0.01683074
v -0.01954739 0.00848615 -0.00654891
v -0.02179900 0.00903276 0.01683074
v -0.02003945 0.02047159 -0.00687652
v -0.02003945 0.02047159 -0.00687652
v -0.02179900 0.00903276 0.01683074
v -0.02229106 0.02101820 0.01650314
v -0.02003945 0.02047159 -0.00687652
v -0.02229106 0.02101820 0.01650314
v 0.01479162 0.02231473 0.00823949
v -0.02179900 0.00903276 0.01683074
v 0.01528368 0.01032930 0.00856709
v -0.00988629 0.01007461 0.03705397
v -0.02179900 0.00903276 0.01683074
v -0.00988629 0.01007461 0.03705397
v -0.02229106 0.02101820 0.01650314
v -0.02229106 0.02101820 0.01650314
v -0.00988629 0.01007461 0.03705397
v -0.01037835 0.02206004 0.03672636
v -0.02229106 0.02101820 0.01650314
v -0.01037835 0.02206004 0.03672636
v 0.01479162 0.02231473 0.00823949
v -0.00988629 0.01007461 0.03705397
v 0.01528368 0.01032930 0.00856709
v 0.01164049 0.01121373 0.04639617
v -0.00988629 0.01007461 0.03705397
v 0.01164049 0.01121373 0.04639617
v -0.01037835 0.02206004 0.03672636
v -0.01037835 0.02206004 0.03672636
v 0.01164049 0.01121373 0.04639617
v 0.01114844 0.02319917 0.04606857
v -0.01037835 0.02206004 0.03672636
v 0.01114844 0.02319917 0.04606857
v 0.01479162 0.02231473 0.00823949
v 0.01164049 0.01121373 0.04639617
v 0.01528368 0.01032930 0.00856709
v 0.03455885 0.01201504 0.04128895
v 0.01164049 0.01121373 0.04639617
v 0.03455885 0.01201504 0.04128895
v 0.01114844 0.02319917 0.04606857
v 0.01114844 0.02319917 0.04606857
v 0.03455885 0.01201504 0.04128895
v 0.03406680 0.02400047 0.04096135
v 0.01114844 0.02319917 0.04606857
v 0.03406680 0.02400047 0.04096135
v 0.01479162 0.02231473 0.00823949
f 6481 6482 6483
f 6484 6485 6486
f 6487 6488 6489
f 6490 6491 6492
f 6493 6494 6495
f 6496 6497 6498
f 6499 6500 6501
f 6502 6503 6504
f 6505 6506 6507
f 6508 6509 6510
f 6511 6512 6513
f 6514 6515 6516
f 6517 6518 6519
f 6520 6521 6522
f 6523 6524 6525
f 6526 6527 6528
f 6529 6530 6531
f 6532 6533 6534
f 6535 6536 6537
f 6538 6539 6540
f 6541 6542 6543
f 6544 6545 6546
f 6547 6548 6549
f 6550 6551 6552
f 6553 6554 6555
f 6556 6557 6558
f 6559 6560 6561
f 6562 6563 6564
f 6565 6566 6567
f 6568 6569 6570
f 6571 6572 6573
f 6574 6575 6576
f 6577 6578 6579
f 6580 6581 6582
f 6583 6584 6585
f 6586 6587 6588
f 6589 6590 6591
f 6592 6593 6594
f 6595 6596 6597
f 6598 6599 6600

o geometry_15
usemtl material_5
v -0.01133545 0.00401058 0.04707544
v 0.01514979 0.00054197 0.00902525
v 0.01617505 0.00537988 0.05525142
v -0.01133545 0.00401058 0.04707544
v 0.01617505 0.00537988 0.05525142
v -0.01155972 0.01594383 0.04583151
v -0.01155972 0.01594383 0.04583151
v 0.01617505 0.00537988 0.05525142
v 0.01595077 0.01731313 0.05400749
v -0.01155972 0.01594383 0.04583151
v 0.01595077 0.01731313 0.05400749
v 0.01492551 0.01247521 0.00778132
v 0.01617505 0.00537988 0.05525142
v 0.01514979 0.00054197 0.00902525
v 0.04329392 0.00490126 0.04577058
v 0.01617505 0.00537988 0.05525142
v 0.04329392 0.00490126 0.04577058
v 0.01595077 0.01731313 0.05400749
v 0.01595077 0.01731313 0.05400749
v 0.04329392 0.00490126 0.04577058
v 0.04306965 0.01683451 0.04452666
v 0.01595077 0.01731313 0.05400749
v 0.04306965 0.01683451 0.04452666
v 0.01492551 0.01247521 0.00778132
v 0.04329392 0.00490126 0.04577058
v 0.01514979 0.00054197 0.00902525
v 0.05966270 0.00275754 0.02225428
v 0.04329392 0.00490126 0.04577058
v 0.05966270 0.00275754 0.02225428
v 0.04306965 0.01683451 0.04452666
v 0.04306965 0.01683451 0.04452666
v 0.05966270 0.00275754 0.02225428
v 0.05943843 0.01469079 0.02101035
v 0.04306965 0.01683451 0.04452666
v 0.05943843 0.01469079 0.02101035
v 0.01492551 0.01247521 0.00778132
v 0.05966270 0.00275754 0.02225428
v 0.01514979 0.00054197 0.00902525
v 0.05902905 -0.00023245 -0.00631507
v 0.05966270 0.00275754 0.02225428
v 0.05902905 -0.00023245 -0.00631507
v 0.05943843 0.01469079 0.02101035
v 0.05943843 0.01469079 0.02101035
v 0.05902905 -0.00023245 -0.00631507
v 0.05880478 0.01170079 -0.00755899
v 0.05943843 0.01469079 0.02101035
v 0.05880478 0.01170079 -0.00755899
v 0.01492551 0.01247521 0.00778132
v 0.05902905 -0.00023245 -0.00631507
v 0.01514979 0.00054197 0.00902525
v 0.04163502 -0.00292664 -0.02902493
v 0.05902905 -0.00023245 -0.00631507
v 0.04163502 -0.00292664 -0.02902493
v 0.05880478 0.01170079 -0.00755899
v 0.05880478 0.01170079 -0.00755899
v 0.04163502 -0.00292664 -0.02902493
v 0.04141075 0.00900660 -0.03026886
v 0.05880478 0.01170079 -0.00755899
v 0.04141075 0.00900660 -0.03026886
v 0.01492551 0.01247521 0.00778132
v 0.04163502 -0.00292664 -0.02902493
v 0.01514979 0.00054197 0.00902525
v 0.01412453 -0.00429594 -0.03720091
v 0.04163502 -0.00292664 -0.02902493
v 0.01412453 -0.00429594 -0.03720091
v 0.04141075 0.00900660 -0.03026886
v 0.04141075 0.00900660 -0.03026886
v 0.01412453 -0.00429594 -0.03720091
v 0.01390025 0.00763730 -0.03844484
v 0.04141075 0.00900660 -0.03026886
v 0.01390025 0.00763730 -0.03844484
v 0.01492551 0.01247521 0.00778132
v 0.01412453 -0.00429594 -0.03720091
v 0.01514979 0.00054197 0.00902525
v -0.01299435 -0.00381732 -0.02772008
v 0.01412453 -0.00429594 -0.03720091
v -0.01299435 -0.00381732 -0.02772008
v 0.01390025 0.00763730 -0.03844484
v 0.01390025 0.00763730 -0.03844484
v -0.01299435 -0.00381732 -0.02772008
v -0.01321862 0.00811592 -0.02896401
v 0.01390025 0.00763730 -0.03844484
v -0.01321862 0.00811592 -0.02896401
v 0.01492551 0.01247521 0.00778132
v -0.01299435 -0.00381732 -0.02772008
v 0.01514979 0.00054197 0.00902525
v -0.02936313 -0.00167360 -0.00420377
v -0.01299435 -0.00381732 -0.02772008
v -0.02936313 -0.00167360 -0.00420377
v -0.01321862 0.00811592 -0.02896401
v -0.01321862 0.00811592 -0.02896401
v -0.02936313 -0.00167360 -0.00420377
v -0.02958740 0.01025964 -0.00544770
v -0.01321862 0.00811592 -0.02896401
v -0.02958740 0.01025964 -0.00544770
v 0.01492551 0.01247521 0.00778132
v -0.02936313 -0.00167360 -0.00420377
v 0.01514979 0.00054197 0.00902525
v -0.02872948 0.00131639 0.02436557
v -0.02936313 -0.00167360 -0.00420377
v -0.02872948 0.00131639 0.02436557
v -0.02958740 0.01025964 -0.00544770
v -0.02958740 0.01025964 -0.00544770
v -0.02872948 0.00131639 0.02436557
v -0.02895375 0.01324964 0.02312164
v -0.02958740 0.01025964 -0.00544770
v -0.02895375 0.01324964 0.02312164
v 0.01492551 0.01247521 0.00778132
v -0.02872948 0.00131639 0.02436557
v 0.01514979 0.00054197 0.00902525
v -0.01133545 0.00401058 0.04707544
v -0.02872948 0.00131639 0.02436557
v -0.01133545 0.00401058 0.04707544
v -0.02895375 0.01324964 0.02312164
v -0.02895375 0.01324964 0.02312164
v -0.01133545 0.00401058 0.04707544
v -0.01155972 0.01594383 0.04583151
v -0.02895375 0.01324964 0.02312164
v -0.01155972 0.01594383 0.04583151
v 0.01492551 0.01247521 0.00778132
f 6601 6602 6603
f 6604 6605 6606
f 6607 6608 6609
f 6610 6611 6612
f 6613 6614 6615
f 6616 6617 6618
f 6619 6620 6621
f 6622 6623 6624
f 6625 6626 6627
f 6628 6629 6630
f 6631 6632 6633
f 6634 6635 6636
f 6637 6638 6639
f 6640 6641 6642
f 6643 6644 6645
f 6646 6647 6648
f 6649 6650 6651
f 6652 6653 6654
f 6655 6656 6657
f 6658 6659 6660
f 6661 6662 6663
f 6664 6665 6666
f 6667 6668 6669
f 6670 6671 6672
f 6673 6674 6675
f 6676 6677 6678
f 6679 6680 6681
f 6682 6683 6684
f 6685 6686 6687
f 6688 6689 6690
f 6691 6692 6693
f 6694 6695 6696
f 6697 6698 6699
f 6700 6701 6702
f 6703 6704 6705
f 6706 6707 6708
f 6709 6710 6711
f 6712 6713 6714
f 6715 6716 6717
f 6718 6719 6720

o geometry_14
usemtl material_5
v -0.00704632 0.02142331 0.01450828
v -0.00640043 0.01110362 0.05390171
v -0.02998352 0.02556618 0.02401145
v -0.00704632 0.02142331 0.01450828
v -0.02998352 0.02556618 0.02401145
v -0.00383065 0.03261987 0.01738866
v -0.00383065 0.03261987 0.01738866
v -0.02998352 0.02556618 0.02401145
v -0.02676784 0.03676273 0.02689183
v -0.00383065 0.03261987 0.01738866
v -0.02676784 0.03676273 0.02689183
v -0.00318476 0.02230017 0.05678209
v -0.02998352 0.02556618 0.02401145
v -0.00640043 0.01110362 0.05390171
v -0.04391277 0.02418484 0.04493168
v -0.02998352 0.02556618 0.02401145
v -0.04391277 0.02418484 0.04493168
v -0.02676784 0.03676273 0.02689183
v -0.02676784 0.03676273 0.02689183
v -0.04391277 0.02418484 0.04493168
v -0.04069710 0.03538139 0.04781206
v -0.02676784 0.03676273 0.02689183
v -0.04069710 0.03538139 0.04781206
v -0.00318476 0.02230017 0.05678209
v -0.04391277 0.02418484 0.04493168
v -0.00640043 0.01110362 0.05390171
v -0.04351359 0.01780691 0.06927815
v -0.04391277 0.02418484 0.04493168
v -0.04351359 0.01780691 0.06927815
v -0.04069710 0.03538139 0.04781206
v -0.04069710 0.03538139 0.04781206
v -0.04351359 0.01780691 0.06927815
v -0.04029791 0.02900347 0.07215853
v -0.04069710 0.03538139 0.04781206
v -0.04029791 0.02900347 0.07215853
v -0.00318476 0.02230017 0.05678209
v -0.04351359 0.01780691 0.06927815
v -0.00640043 0.01110362 0.05390171
v -0.02893844 0.00886856 0.08775135
v -0.04351359 0.01780691 0.06927815
v -0.02893844 0.00886856 0.08775135
v -0.04029791 0.02900347 0.07215853
v -0.04029791 0.02900347 0.07215853
v -0.02893844 0.00886856 0.08775135
v -0.02572277 0.02006511 0.09063173
v -0.04029791 0.02900347 0.07215853
v -0.02572277 0.02006511 0.09063173
v -0.00318476 0.02230017 0.05678209
v -0.02893844 0.00886856 0.08775135
v -0.00640043 0.01110362 0.05390171
v -0.00575454 0.00078392 0.09329514
v -0.02893844 0.00886856 0.08775135
v -0.00575454 0.00078392 0.09329514
v -0.02572277 0.02006511 0.09063173
v -0.02572277 0.02006511 0.09063173
v -0.00575454 0.00078392 0.09329514
v -0.00253887 0.01198048 0.09617552
v -0.02572277 0.02006511 0.09063173
v -0.00253887 0.01198048 0.09617552
v -0.00318476 0.02230017 0.05678209
v -0.00575454 0.00078392 0.09329514
v -0.00640043 0.01110362 0.05390171
v 0.01718265 -0.00335894 0.08379198
v -0.00575454 0.00078392 0.09329514
v 0.01718265 -0.00335894 0.08379198
v -0.00253887 0.01198048 0.09617552
v -0.00253887 0.01198048 0.09617552
v 0.01718265 -0.00335894 0.08379198
v 0.02039833 0.00783761 0.08667236
v -0.00253887 0.01198048 0.09617552
v 0.02039833 0.00783761 0.08667236
v -0.00318476 0.02230017 0.05678209
v 0.01718265 -0.00335894 0.08379198
v -0.00640043 0.01110362 0.05390171
v 0.03111191 -0.00197760 0.06287175
v 0.01718265 -0.00335894 0.08379198
v 0.03111191 -0.00197760 0.06287175
v 0.02039833 0.00783761 0.08667236
v 0.02039833 0.00783761 0.08667236
v 0.03111191 -0.00197760 0.06287175
v 0.03432758 0.00921895 0.06575213
v 0.02039833 0.00783761 0.08667236
v 0.03432758 0.00921895 0.06575213
v -0.00318476 0.02230017 0.05678209
v 0.03111191 -0.00197760 0.06287175
v -0.00640043 0.01110362 0.05390171
v 0.03071273 0.00440032 0.03852527
v 0.03111191 -0.00197760 0.06287175
v 0.03071273 0.00440032 0.03852527
v 0.03432758 0.00921895 0.06575213
v 0.03432758 0.00921895 0.06575213
v 0.03071273 0.00440032 0.03852527
v 0.03392840 0.01559688 0.04140565
v 0.03432758 0.00921895 0.06575213
v 0.03392840 0.01559688 0.04140565
v -0.00318476 0.02230017 0.05678209
v 0.03071273 0.00440032 0.03852527
v -0.00640043 0.01110362 0.05390171
v 0.01613758 0.01333868 0.02005207
v 0.03071273 0.00440032 0.03852527
v 0.01613758 0.01333868 0.02005207
v 0.03392840 0.01559688 0.04140565
v 0.03392840 0.01559688 0.04140565
v 0.01613758 0.01333868 0.02005207
v 0.01935325 0.02453523 0.02293245
v 0.03392840 0.01559688 0.04140565
v 0.01935325 0.02453523 0.02293245
v -0.00318476 0.02230017 0.05678209
v 0.01613758 0.01333868 0.02005207
v -0.00640043 0.01110362 0.05390171
v -0.00704632 0.02142331 0.01450828
v 0.01613758 0.01333868 0.02005207
v -0.00704632 0.02142331 0.01450828
v 0.01935325 0.02453523 0.02293245
v 0.01935325 0.02453523 0.02293245
v -0.00704632 0.02142331 0.01450828
v -0.00383065 0.03261987 0.01738866
v 0.01935325 0.02453523 0.02293245
v -0.00383065 0.03261987 0.01738866
v -0.00318476 0.02230017 0.05678209
f 6721 6722 6723
f 6724 6725 6726
f 6727 6728 6729
f 6730 6731 6732
f 6733 6734 6735
f 6736 6737 6738
f 6739 6740 6741
f 6742 6743 6744
f 6745 6746 6747
f 6748 6749 6750
f 6751 6752 6753
f 6754 6755 6756
f 6757 6758 6759
f 6760 6761 6762
f 6763 6764 6765
f 6766 6767 6768
f 6769 6770 6771
f 6772 6773 6774
f 6775 6776 6777
f 6778 6779 6780
f 6781 6782 6783
f 6784 6785 6786
f 6787 6788 6789
f 6790 6791 6792
f 6793 6794 6795
f 6796 6797 6798
f 6799 6800 6801
f 6802 6803 6804
f 6805 6806 6807
f 6808 6809 6810
f 6811 6812 6813
f 6814 6815 6816
f 6817 6818 6819
f 6820 6821 6822
f 6823 6824 6825
f 6826 6827 6828
f 6829 6830 6831
f 6832 6833 6834
f 6835 6836 6837
f 6838 6839 6840

o geometry_13
usemtl material_5
v 0.01776711 0.00975862 0.01215933
v -0.00499618 0.00093751 0.05399899
v -0.01169508 0.01190308 0.00729334
v 0.01776711 0.00975862 0.01215933
v -0.01169508 0.01190308 0.00729334
v 0.01817428 0.02144710 0.01484516
v 0.01817428 0.02144710 0.01484516
v -0.01169508 0.01190308 0.00729334
v -0.01128791 0.02359156 0.00997917
v 0.01817428 0.02144710 0.01484516
v -0.01128791 0.02359156 0.00997917
v -0.00458901 0.01262599 0.05668481
v -0.01169508 0.01190308 0.00729334
v -0.00499618 0.00093751 0.05399899
v -0.03859852 0.00985906 0.02026732
v -0.01169508 0.01190308 0.00729334
v -0.03859852 0.00985906 0.02026732
v -0.01128791 0.02359156 0.00997917
v -0.01128791 0.02359156 0.00997917
v -0.03859852 0.00985906 0.02026732
v -0.03819134 0.02154754 0.02295315
v -0.01128791 0.02359156 0.00997917
v -0.03819134 0.02154754 0.02295315
v -0.00458901 0.01262599 0.05668481
v -0.03859852 0.00985906 0.02026732
v -0.00499618 0.00093751 0.05399899
v -0.05266701 0.00440731 0.04612565
v -0.03859852 0.00985906 0.02026732
v -0.05266701 0.00440731 0.04612565
v -0.03819134 0.02154754 0.02295315
v -0.03819134 0.02154754 0.02295315
v -0.05266701 0.00440731 0.04612565
v -0.05225983 0.01609579 0.04881148
v -0.03819134 0.02154754 0.02295315
v -0.05225983 0.01609579 0.04881148
v -0.00458901 0.01262599 0.05668481
v -0.05266701 0.00440731 0.04612565
v -0.00499618 0.00093751 0.05399899
v -0.04852686 -0.00236979 0.07499133
v -0.05266701 0.00440731 0.04612565
v -0.04852686 -0.00236979 0.07499133
v -0.05225983 0.01609579 0.04881148
v -0.05225983 0.01609579 0.04881148
v -0.04852686 -0.00236979 0.07499133
v -0.04811969 0.00931869 0.07767716
v -0.05225983 0.01609579 0.04881148
v -0.04811969 0.00931869 0.07767716
v -0.00458901 0.01262599 0.05668481
v -0.04852686 -0.00236979 0.07499133
v -0.00499618 0.00093751 0.05399899
v -0.02775947 -0.00788361 0.09583865
v -0.04852686 -0.00236979 0.07499133
v -0.02775947 -0.00788361 0.09583865
v -0.04811969 0.00931869 0.07767716
v -0.04811969 0.00931869 0.07767716
v -0.02775947 -0.00788361 0.09583865
v -0.02735230 0.00380487 0.09852447
v -0.04811969 0.00931869 0.07767716
v -0.02735230 0.00380487 0.09852447
v -0.00458901 0.01262599 0.05668481
v -0.02775947 -0.00788361 0.09583865
v -0.00499618 0.00093751 0.05399899
v 0.00170272 -0.01002806 0.10070464
v -0.02775947 -0.00788361 0.09583865
v 0.00170272 -0.01002806 0.10070464
v -0.02735230 0.00380487 0.09852447
v -0.02735230 0.00380487 0.09852447
v 0.00170272 -0.01002806 0.10070464
v 0.00210989 0.00166042 0.10339046
v -0.02735230 0.00380487 0.09852447
v 0.00210989 0.00166042 0.10339046
v -0.00458901 0.01262599 0.05668481
v 0.00170272 -0.01002806 0.10070464
v -0.00499618 0.00093751 0.05399899
v 0.02860616 -0.00798404 0.08773065
v 0.00170272 -0.01002806 0.10070464
v 0.02860616 -0.00798404 0.08773065
v 0.00210989 0.00166042 0.10339046
v 0.00210989 0.00166042 0.10339046
v 0.02860616 -0.00798404 0.08773065
v 0.02901333 0.00370444 0.09041648
v 0.00210989 0.00166042 0.10339046
v 0.02901333 0.00370444 0.09041648
v -0.00458901 0.01262599 0.05668481
v 0.02860616 -0.00798404 0.08773065
v -0.00499618 0.00093751 0.05399899
v 0.04267464 -0.00253229 0.06187233
v 0.02860616 -0.00798404 0.08773065
v 0.04267464 -0.00253229 0.06187233
v 0.02901333 0.00370444 0.09041648
v 0.02901333 0.00370444 0.09041648
v 0.04267464 -0.00253229 0.06187233
v 0.04308182 0.00915619 0.06455815
v 0.02901333 0.00370444 0.09041648
v 0.04308182 0.00915619 0.06455815
v -0.00458901 0.01262599 0.05668481
v 0.04267464 -0.00253229 0.06187233
v -0.00499618 0.00093751 0.05399899
v 0.03853450 0.00424480 0.03300665
v 0.04267464 -0.00253229 0.06187233
v 0.03853450 0.00424480 0.03300665
v 0.04308182 0.00915619 0.06455815
v 0.04308182 0.00915619 0.06455815
v 0.03853450 0.00424480 0.03300665
v 0.03894167 0.01593328 0.03569247
v 0.04308182 0.00915619 0.06455815
v 0.03894167 0.01593328 0.03569247
v -0.00458901 0.01262599 0.05668481
v 0.03853450 0.00424480 0.03300665
v -0.00499618 0.00093751 0.05399899
v 0.01776711 0.00975862 0.01215933
v 0.03853450 0.00424480 0.03300665
v 0.01776711 0.00975862 0.01215933
v 0.03894167 0.01593328 0.03569247
v 0.03894167 0.01593328 0.03569247
v 0.01776711 0.00975862 0.01215933
v 0.01817428 0.02144710 0.01484516
v 0.03894167 0.01593328 0.03569247
v 0.01817428 0.02144710 0.01484516
v -0.00458901 0.01262599 0.05668481
f 6841 6842 6843
f 6844 6845 6846
f 6847 6848 6849
f 6850 6851 6852
f 6853 6854 6855
f 6856 6857 6858
f 6859 6860 6861
f 6862 6863 6864
f 6865 6866 6867
f 6868 6869 6870
f 6871 6872 6873
f 6874 6875 6876
f 6877 6878 6879
f 6880 6881 6882
f 6883 6884 6885
f 6886 6887 6888
f 6889 6890 6891
f 6892 6893 6894
f 6895 6896 6897
f 6898 6899 6900
f 6901 6902 6903
f 6904 6905 6906
f 6907 6908 6909
f 6910 6911 6912
f 6913 6914 6915
f 6916 6917 6918
f 6919 6920 6921
f 6922 6923 6924
f 6925 6926 6927
f 6928 6929 6930
f 6931 6932 6933
f 6934 6935 6936
f 6937 6938 6939
f 6940 6941 6942
f 6943 6944 6945
f 6946 6947 6948
f 6949 6950 6951
f 6952 6953 6954
f 6955 6956 6957
f 6958 6959 6960

o geometry_12
usemtl material_5
v -0.01251691 0.02193885 0.00818617
v 0.02506936 0.02230551 -0.01594457
v 0.00869908 0.02545474 0.02549516
v -0.01251691 0.02193885 0.00818617
v 0.00869908 0.02545474 0.02549516
v -0.01345000 0.03383464 0.00691354
v -0.01345000 0.03383464 0.00691354
v 0.00869908 0.02545474 0.02549516
v 0.00776600 0.03735053 0.02422253
v -0.01345000 0.03383464 0.00691354
v 0.00776600 0.03735053 0.02422253
v 0.02413627 0.03420129 -0.01721720
v 0.00869908 0.02545474 0.02549516
v 0.02506936 0.02230551 -0.01594457
v 0.03616797 0.02776773 0.02697559
v 0.00869908 0.02545474 0.02549516
v 0.03616797 0.02776773 0.02697559
v 0.00776600 0.03735053 0.02422253
v 0.00776600 0.03735053 0.02422253
v 0.03616797 0.02776773 0.02697559
v 0.03523489 0.03966352 0.02570296
v 0.00776600 0.03735053 0.02422253
v 0.03523489 0.03966352 0.02570296
v 0.02413627 0.03420129 -0.01721720
v 0.03616797 0.02776773 0.02697559
v 0.02506936 0.02230551 -0.01594457
v 0.05939756 0.02799433 0.01206197
v 0.03616797 0.02776773 0.02697559
v 0.05939756 0.02799433 0.01206197
v 0.03523489 0.03966352 0.02570296
v 0.03523489 0.03966352 0.02570296
v 0.05939756 0.02799433 0.01206197
v 0.05846448 0.03989012 0.01078934
v 0.03523489 0.03966352 0.02570296
v 0.05846448 0.03989012 0.01078934
v 0.02413627 0.03420129 -0.01721720
v 0.05939756 0.02799433 0.01206197
v 0.02506936 0.02230551 -0.01594457
v 0.06951495 0.02604800 -0.01354919
v 0.05939756 0.02799433 0.01206197
v 0.06951495 0.02604800 -0.01354919
v 0.05846448 0.03989012 0.01078934
v 0.05846448 0.03989012 0.01078934
v 0.06951495 0.02604800 -0.01354919
v 0.06858186 0.03794379 -0.01482182
v 0.05846448 0.03989012 0.01078934
v 0.06858186 0.03794379 -0.01482182
v 0.02413627 0.03420129 -0.01721720
v 0.06951495 0.02604800 -0.01354919
v 0.02506936 0.02230551 -0.01594457
v 0.06265563 0.02267216 -0.04007531
v 0.06951495 0.02604800 -0.01354919
v 0.06265563 0.02267216 -0.04007531
v 0.06858186 0.03794379 -0.01482182
v 0.06858186 0.03794379 -0.01482182
v 0.06265563 0.02267216 -0.04007531
v 0.06172254 0.03456795 -0.04134794
v 0.06858186 0.03794379 -0.01482182
v 0.06172254 0.03456795 -0.04134794
v 0.02413627 0.03420129 -0.01721720
v 0.06265563 0.02267216 -0.04007531
v 0.02506936 0.02230551 -0.01594457
v 0.04143963 0.01915628 -0.05738430
v 0.06265563 0.02267216 -0.04007531
v 0.04143963 0.01915628 -0.05738430
v 0.06172254 0.03456795 -0.04134794
v 0.06172254 0.03456795 -0.04134794
v 0.04143963 0.01915628 -0.05738430
v 0.04050655 0.03105206 -0.05865693
v 0.06172254 0.03456795 -0.04134794
v 0.04050655 0.03105206 -0.05865693
v 0.02413627 0.03420129 -0.01721720
v 0.04143963 0.01915628 -0.05738430
v 0.02506936 0.02230551 -0.01594457
v 0.01397074 0.01684329 -0.05886472
v 0.04143963 0.01915628 -0.05738430
v 0.01397074 0.01684329 -0.05886472
v 0.04050655 0.03105206 -0.05865693
v 0.04050655 0.03105206 -0.05865693
v 0.01397074 0.01684329 -0.05886472
v 0.01303766 0.02873908 -0.06013735
v 0.04050655 0.03105206 -0.05865693
v 0.01303766 0.02873908 -0.06013735
v 0.02413627 0.03420129 -0.01721720
v 0.01397074 0.01684329 -0.05886472
v 0.02506936 0.02230551 -0.01594457
v -0.00925885 0.01661668 -0.04395111
v 0.01397074 0.01684329 -0.05886472
v -0.00925885 0.01661668 -0.04395111
v 0.01303766 0.02873908 -0.06013735
v 0.01303766 0.02873908 -0.06013735
v -0.00925885 0.01661668 -0.04395111
v -0.01019193 0.02851247 -0.04522374
v 0.01303766 0.02873908 -0.06013735
v -0.01019193 0.02851247 -0.04522374
v 0.02413627 0.03420129 -0.01721720
v -0.00925885 0.01661668 -0.04395111
v 0.02506936 0.02230551 -0.01594457
v -0.01937623 0.01856302 -0.01833994
v -0.00925885 0.01661668 -0.04395111
v -0.01937623 0.01856302 -0.01833994
v -0.01019193 0.02851247 -0.04522374
v -0.01019193 0.02851247 -0.04522374
v -0.01937623 0.01856302 -0.01833994
v -0.02030932 0.03045880 -0.01961257
v -0.01019193 0.02851247 -0.04522374
v -0.02030932 0.03045880 -0.01961257
v 0.02413627 0.03420129 -0.01721720
v -0.01937623 0.01856302 -0.01833994
v 0.02506936 0.02230551 -0.01594457
v -0.01251691 0.02193885 0.00818617
v -0.01937623 0.01856302 -0.01833994
v -0.01251691 0.02193885 0.00818617
v -0.02030932 0.03045880 -0.01961257
v -0.02030932 0.03045880 -0.01961257
v -0.01251691 0.02193885 0.00818617
v -0.01345000 0.03383464 0.00691354
v -0.02030932 0.03045880 -0.01961257
v -0.01345000 0.03383464 0.00691354
v 0.02413627 0.03420129 -0.01721720
f 6961 6962 6963
f 6964 6965 6966
f 6967 6968 6969
f 6970 6971 6972
f 6973 6974 6975
f 6976 6977 6978
f 6979 6980 6981
f 6982 6983 6984
f 6985 6986 6987
f 6988 6989 6990
f 6991 6992 6993
f 6994 6995 6996
f 6997 6998 6999
f 7000 7001 7002
f 7003 7004 7005
f 7006 7007 7008
f 7009 7010 7011
f 7012 7013 7014
f 7015 7016 7017
f 7018 7019 7020
f 7021 7022 7023
f 7024 7025 7026
f 7027 7028 7029
f 7030 7031 7032
f 7033 7034 7035
f 7036 7037 7038
f 7039 7040 7041
f 7042 7043 7044
f 7045 7046 7047
f 7048 7049 7050
f 7051 7052 7053
f 7054 7055 7056
f 7057 7058 7059
f 7060 7061 7062
f 7063 7064 7065
f 7066 7067 7068
f 7069 7070 7071
f 7072 7073 7074
f 7075 7076 7077
f 7078 7079 7080

o geometry_11
usemtl material_5
v 0.02879750 0.00168991 -0.05265511
v 0.02264727 0.01084800 -0.01552981
v 0.00640702 0.00991789 -0.05067769
v 0.02879750 0.00168991 -0.05265511
v 0.00640702 0.00991789 -0.05067769
v 0.03270858 0.01283820 -0.05475727
v 0.03270858 0.01283820 -0.05475727
v 0.00640702 0.00991789 -0.05067769
v 0.01031811 0.02106618 -0.05277984
v 0.03270858 0.01283820 -0.05475727
v 0.01031811 0.02106618 -0.05277984
v 0.02655836 0.02199629 -0.01763196
v 0.00640702 0.00991789 -0.05067769
v 0.02264727 0.01084800 -0.01552981
v -0.00978023 0.01850114 -0.03527497
v 0.00640702 0.00991789 -0.05067769
v -0.00978023 0.01850114 -0.03527497
v 0.01031811 0.02106618 -0.05277984
v 0.01031811 0.02106618 -0.05277984
v -0.00978023 0.01850114 -0.03527497
v -0.00586914 0.02964943 -0.03737712
v 0.01031811 0.02106618 -0.05277984
v -0.00586914 0.02964943 -0.03737712
v 0.02655836 0.02199629 -0.01763196
v -0.00978023 0.01850114 -0.03527497
v 0.02264727 0.01084800 -0.01552981
v -0.01358127 0.02416115 -0.01233027
v -0.00978023 0.01850114 -0.03527497
v -0.01358127 0.02416115 -0.01233027
v -0.00586914 0.02964943 -0.03737712
v -0.00586914 0.02964943 -0.03737712
v -0.01358127 0.02416115 -0.01233027
v -0.00967019 0.03530944 -0.01443242
v -0.00586914 0.02964943 -0.03737712
v -0.00967019 0.03530944 -0.01443242
v 0.02655836 0.02199629 -0.01763196
v -0.01358127 0.02416115 -0.01233027
v 0.02264727 0.01084800 -0.01552981
v -0.00354425 0.02473600 0.00939232
v -0.01358127 0.02416115 -0.01233027
v -0.00354425 0.02473600 0.00939232
v -0.00967019 0.03530944 -0.01443242
v -0.00967019 0.03530944 -0.01443242
v -0.00354425 0.02473600 0.00939232
v 0.00036684 0.03588429 0.00729017
v -0.00967019 0.03530944 -0.01443242
v 0.00036684 0.03588429 0.00729017
v 0.02655836 0.02199629 -0.01763196
v -0.00354425 0.02473600 0.00939232
v 0.02264727 0.01084800 -0.01552981
v 0.01649705 0.02000610 0.02159550
v -0.00354425 0.02473600 0.00939232
v 0.01649705 0.02000610 0.02159550
v 0.00036684 0.03588429 0.00729017
v 0.00036684 0.03588429 0.00729017
v 0.01649705 0.02000610 0.02159550
v 0.02040813 0.03115439 0.01949335
v 0.00036684 0.03588429 0.00729017
v 0.02040813 0.03115439 0.01949335
v 0.02655836 0.02199629 -0.01763196
v 0.01649705 0.02000610 0.02159550
v 0.02264727 0.01084800 -0.01552981
v 0.03888752 0.01177812 0.01961808
v 0.01649705 0.02000610 0.02159550
v 0.03888752 0.01177812 0.01961808
v 0.02040813 0.03115439 0.01949335
v 0.02040813 0.03115439 0.01949335
v 0.03888752 0.01177812 0.01961808
v 0.04279860 0.02292641 0.01751592
v 0.02040813 0.03115439 0.01949335
v 0.04279860 0.02292641 0.01751592
v 0.02655836 0.02199629 -0.01763196
v 0.03888752 0.01177812 0.01961808
v 0.02264727 0.01084800 -0.01552981
v 0.05507477 0.00319487 0.00421536
v 0.03888752 0.01177812 0.01961808
v 0.05507477 0.00319487 0.00421536
v 0.04279860 0.02292641 0.01751592
v 0.04279860 0.02292641 0.01751592
v 0.05507477 0.00319487 0.00421536
v 0.05898586 0.01434316 0.00211320
v 0.04279860 0.02292641 0.01751592
v 0.05898586 0.01434316 0.00211320
v 0.02655836 0.02199629 -0.01763196
v 0.05507477 0.00319487 0.00421536
v 0.02264727 0.01084800 -0.01552981
v 0.05887582 -0.00246514 -0.01872935
v 0.05507477 0.00319487 0.00421536
v 0.05887582 -0.00246514 -0.01872935
v 0.05898586 0.01434316 0.00211320
v 0.05898586 0.01434316 0.00211320
v 0.05887582 -0.00246514 -0.01872935
v 0.06278690 0.00868315 -0.02083150
v 0.05898586 0.01434316 0.00211320
v 0.06278690 0.00868315 -0.02083150
v 0.02655836 0.02199629 -0.01763196
v 0.05887582 -0.00246514 -0.01872935
v 0.02264727 0.01084800 -0.01552981
v 0.04883879 -0.00303999 -0.04045193
v 0.05887582 -0.00246514 -0.01872935
v 0.04883879 -0.00303999 -0.04045193
v 0.06278690 0.00868315 -0.02083150
v 0.06278690 0.00868315 -0.02083150
v 0.04883879 -0.00303999 -0.04045193
v 0.05274988 0.00810830 -0.04255408
v 0.06278690 0.00868315 -0.02083150
v 0.05274988 0.00810830 -0.04255408
v 0.02655836 0.02199629 -0.01763196
v 0.04883879 -0.00303999 -0.04045193
v 0.02264727 0.01084800 -0.01552981
v 0.02879750 0.00168991 -0.05265511
v 0.04883879 -0.00303999 -0.04045193
v 0.02879750 0.00168991 -0.05265511
v 0.05274988 0.00810830 -0.04255408
v 0.05274988 0.00810830 -0.04255408
v 0.02879750 0.00168991 -0.05265511
v 0.03270858 0.01283820 -0.05475727
v 0.05274988 0.00810830 -0.04255408
v 0.03270858 0.01283820 -0.05475727
v 0.02655836 0.02199629 -0.01763196
f 7081 7082 7083
f 7084 7085 7086
f 7087 7088 7089
f 7090 7091 7092
f 7093 7094 7095
f 7096 7097 7098
f 7099 7100 7101
f 7102 7103 7104
f 7105 7106 7107
f 7108 7109 7110
f 7111 7112 7113
f 7114 7115 7116
f 7117 7118 7119
f 7120 7121 7122
f 7123 7124 7125
f 7126 7127 7128
f 7129 7130 7131
f 7132 7133 7134
f 7135 7136 7137
f 7138 7139 7140
f 7141 7142 7143
f 7144 7145 7146
f 7147 7148 7149
f 7150 7151 7152
f 7153 7154 7155
f 7156 7157 7158
f 7159 7160 7161
f 7162 7163 7164
f 7165 7166 7167
f 7168 7169 7170
f 7171 7172 7173
f 7174 7175 7176
f 7177 7178 7179
f 7180 7181 7182
f 7183 7184 7185
f 7186 7187 7188
f 7189 7190 7191
f 7192 7193 7194
f 7195 7196 7197
f 7198 7199 7200

o geometry_10
usemtl material_4
v 0.06775323 0.00879030 -0.03377613
v 0.02549915 0.00055929 -0.01722551
v 0.04960153 0.00843340 -0.05575022
v 0.06775323 0.00879030 -0.03377613
v 0.04960153 0.00843340 -0.05575022
v 0.06596056 0.02058539 -0.03248687
v 0.06596056 0.02058539 -0.03248687
v 0.04960153 0.00843340 -0.05575022
v 0.04780887 0.02022849 -0.05446096
v 0.06596056 0.02058539 -0.03248687
v 0.04780887 0.02022849 -0.05446096
v 0.02370648 0.01235438 -0.01593625
v 0.04960153 0.00843340 -0.05575022
v 0.02549915 0.00055929 -0.01722551
v 0.02224355 0.00506886 -0.06300918
v 0.04960153 0.00843340 -0.05575022
v 0.02224355 0.00506886 -0.06300918
v 0.04780887 0.02022849 -0.05446096
v 0.04780887 0.02022849 -0.05446096
v 0.02224355 0.00506886 -0.06300918
v 0.02045088 0.01686395 -0.06171992
v 0.04780887 0.02022849 -0.05446096
v 0.02045088 0.01686395 -0.06171992
v 0.02370648 0.01235438 -0.01593625
v 0.02224355 0.00506886 -0.06300918
v 0.02549915 0.00055929 -0.01722551
v -0.00387091 -0.00001818 -0.05278034
v 0.02224355 0.00506886 -0.06300918
v -0.00387091 -0.00001818 -0.05278034
v 0.02045088 0.01686395 -0.06171992
v 0.02045088 0.01686395 -0.06171992
v -0.00387091 -0.00001818 -0.05278034
v -0.00566358 0.01177691 -0.05149108
v 0.02045088 0.01686395 -0.06171992
v -0.00566358 0.01177691 -0.05149108
v 0.02370648 0.01235438 -0.01593625
v -0.00387091 -0.00001818 -0.05278034
v 0.02549915 0.00055929 -0.01722551
v -0.01876700 -0.00488465 -0.02897076
v -0.00387091 -0.00001818 -0.05278034
v -0.01876700 -0.00488465 -0.02897076
v -0.00566358 0.01177691 -0.05149108
v -0.00566358 0.01177691 -0.05149108
v -0.01876700 -0.00488465 -0.02897076
v -0.02055967 0.00691044 -0.02768150
v -0.00566358 0.01177691 -0.05149108
v -0.02055967 0.00691044 -0.02768150
v 0.02370648 0.01235438 -0.01593625
v -0.01876700 -0.00488465 -0.02897076
v 0.02549915 0.00055929 -0.01722551
v -0.01675493 -0.00767171 -0.00067490
v -0.01876700 -0.00488465 -0.02897076
v -0.01675493 -0.00767171 -0.00067490
v -0.02055967 0.00691044 -0.02768150
v -0.02055967 0.00691044 -0.02768150
v -0.01675493 -0.00767171 -0.00067490
v -0.01854760 0.00412338 0.00061436
v -0.02055967 0.00691044 -0.02768150
v -0.01854760 0.00412338 0.00061436
v 0.02370648 0.01235438 -0.01593625
v -0.01675493 -0.00767171 -0.00067490
v 0.02549915 0.00055929 -0.01722551
v 0.00139676 -0.00731481 0.02129920
v -0.01675493 -0.00767171 -0.00067490
v 0.00139676 -0.00731481 0.02129920
v -0.01854760 0.00412338 0.00061436
v -0.01854760 0.00412338 0.00061436
v 0.00139676 -0.00731481 0.02129920
v -0.00039590 0.00448028 0.02258845
v -0.01854760 0.00412338 0.00061436
v -0.00039590 0.00448028 0.02258845
v 0.02370648 0.01235438 -0.01593625
v 0.00139676 -0.00731481 0.02129920
v 0.02549915 0.00055929 -0.01722551
v 0.02875475 -0.00395027 0.02855816
v 0.00139676 -0.00731481 0.02129920
v 0.02875475 -0.00395027 0.02855816
v -0.00039590 0.00448028 0.02258845
v -0.00039590 0.00448028 0.02258845
v 0.02875475 -0.00395027 0.02855816
v 0.02696208 0.00784482 0.02984742
v -0.00039590 0.00448028 0.02258845
v 0.02696208 0.00784482 0.02984742
v 0.02370648 0.01235438 -0.01593625
v 0.02875475 -0.00395027 0.02855816
v 0.02549915 0.00055929 -0.01722551
v 0.05486920 0.00113677 0.01832931
v 0.02875475 -0.00395027 0.02855816
v 0.05486920 0.00113677 0.01832931
v 0.02696208 0.00784482 0.02984742
v 0.02696208 0.00784482 0.02984742
v 0.05486920 0.00113677 0.01832931
v 0.05307654 0.01293186 0.01961857
v 0.02696208 0.00784482 0.02984742
v 0.05307654 0.01293186 0.01961857
v 0.02370648 0.01235438 -0.01593625
v 0.05486920 0.00113677 0.01832931
v 0.02549915 0.00055929 -0.01722551
v 0.06976530 0.00600323 -0.00548026
v 0.05486920 0.00113677 0.01832931
v 0.06976530 0.00600323 -0.00548026
v 0.05307654 0.01293186 0.01961857
v 0.05307654 0.01293186 0.01961857
v 0.06976530 0.00600323 -0.00548026
v 0.06797263 0.01779832 -0.00419101
v 0.05307654 0.01293186 0.01961857
v 0.06797263 0.01779832 -0.00419101
v 0.02370648 0.01235438 -0.01593625
v 0.06976530 0.00600323 -0.00548026
v 0.02549915 0.00055929 -0.01722551
v 0.06775323 0.00879030 -0.03377613
v 0.06976530 0.00600323 -0.00548026
v 0.06775323 0.00879030 -0.03377613
v 0.06797263 0.01779832 -0.00419101
v 0.06797263 0.01779832 -0.00419101
v 0.06775323 0.00879030 -0.03377613
v 0.06596056 0.02058539 -0.03248687
v 0.06797263 0.01779832 -0.00419101
v 0.06596056 0.02058539 -0.03248687
v 0.02370648 0.01235438 -0.01593625
f 7201 7202 7203
f 7204 7205 7206
f 7207 7208 7209
f 7210 7211 7212
f 7213 7214 7215
f 7216 7217 7218
f 7219 7220 7221
f 7222 7223 7224
f 7225 7226 7227
f 7228 7229 7230
f 7231 7232 7233
f 7234 7235 7236
f 7237 7238 7239
f 7240 7241 7242
f 7243 7244 7245
f 7246 7247 7248
f 7249 7250 7251
f 7252 7253 7254
f 7255 7256 7257
f 7258 7259 7260
f 7261 7262 7263
f 7264 7265 7266
f 7267 7268 7269
f 7270 7271 7272
f 7273 7274 7275
f 7276 7277 7278
f 7279 7280 7281
f 7282 7283 7284
f 7285 7286 7287
f 7288 7289 7290
f 7291 7292 7293
f 7294 7295 7296
f 7297 7298 7299
f 7300 7301 7302
f 7303 7304 7305
f 7306 7307 7308
f 7309 7310 7311
f 7312 7313 7314
f 7315 7316 7317
f 7318 7319 7320

o geometry_9
usemtl material_5
v -0.05416741 -0.00190978 -0.02752166
v -0.01387625 0.00083976 -0.00017604
v -0.06253022 -0.00214524 0.00143690
v -0.05416741 -0.00190978 -0.02752166
v -0.06253022 -0.00214524 0.00143690
v -0.05490604 0.01006690 -0.02763758
v -0.05490604 0.01006690 -0.02763758
v -0.06253022 -0.00214524 0.00143690
v -0.06326886 0.00983144 0.00132098
v -0.05490604 0.01006690 -0.02763758
v -0.06326886 0.00983144 0.00132098
v -0.01461488 0.01281644 -0.00029196
v -0.06253022 -0.00214524 0.00143690
v -0.01387625 0.00083976 -0.00017604
v -0.05230887 -0.00124054 0.02977938
v -0.06253022 -0.00214524 0.00143690
v -0.05230887 -0.00124054 0.02977938
v -0.06326886 0.00983144 0.00132098
v -0.06326886 0.00983144 0.00132098
v -0.05230887 -0.00124054 0.02977938
v -0.05304750 0.01073615 0.02966346
v -0.06326886 0.00983144 0.00132098
v -0.05304750 0.01073615 0.02966346
v -0.01461488 0.01281644 -0.00029196
v -0.05230887 -0.00124054 0.02977938
v -0.01387625 0.00083976 -0.00017604
v -0.02740756 0.00045877 0.04667991
v -0.05230887 -0.00124054 0.02977938
v -0.02740756 0.00045877 0.04667991
v -0.05304750 0.01073615 0.02966346
v -0.05304750 0.01073615 0.02966346
v -0.02740756 0.00045877 0.04667991
v -0.02814619 0.01243546 0.04656398
v -0.05304750 0.01073615 0.02966346
v -0.02814619 0.01243546 0.04656398
v -0.01461488 0.01281644 -0.00029196
v -0.02740756 0.00045877 0.04667991
v -0.01387625 0.00083976 -0.00017604
v 0.00266225 0.00230360 0.04568305
v -0.02740756 0.00045877 0.04667991
v 0.00266225 0.00230360 0.04568305
v -0.02814619 0.01243546 0.04656398
v -0.02814619 0.01243546 0.04656398
v 0.00266225 0.00230360 0.04568305
v 0.00192361 0.01428029 0.04556713
v -0.02814619 0.01243546 0.04656398
v 0.00192361 0.01428029 0.04556713
v -0.01461488 0.01281644 -0.00029196
v 0.00266225 0.00230360 0.04568305
v -0.01387625 0.00083976 -0.00017604
v 0.02641491 0.00358929 0.02716959
v 0.00266225 0.00230360 0.04568305
v 0.02641491 0.00358929 0.02716959
v 0.00192361 0.01428029 0.04556713
v 0.00192361 0.01428029 0.04556713
v 0.02641491 0.00358929 0.02716959
v 0.02567628 0.01556598 0.02705366
v 0.00192361 0.01428029 0.04556713
v 0.02567628 0.01556598 0.02705366
v -0.01461488 0.01281644 -0.00029196
v 0.02641491 0.00358929 0.02716959
v -0.01387625 0.00083976 -0.00017604
v 0.03477772 0.00382475 -0.00178898
v 0.02641491 0.00358929 0.02716959
v 0.03477772 0.00382475 -0.00178898
v 0.02567628 0.01556598 0.02705366
v 0.02567628 0.01556598 0.02705366
v 0.03477772 0.00382475 -0.00178898
v 0.03403909 0.01580144 -0.00190490
v 0.02567628 0.01556598 0.02705366
v 0.03403909 0.01580144 -0.00190490
v -0.01461488 0.01281644 -0.00029196
v 0.03477772 0.00382475 -0.00178898
v -0.01387625 0.00083976 -0.00017604
v 0.02455637 0.00292005 -0.03013145
v 0.03477772 0.00382475 -0.00178898
v 0.02455637 0.00292005 -0.03013145
v 0.03403909 0.01580144 -0.00190490
v 0.03403909 0.01580144 -0.00190490
v 0.02455637 0.00292005 -0.03013145
v 0.02381774 0.01489673 -0.03024738
v 0.03403909 0.01580144 -0.00190490
v 0.02381774 0.01489673 -0.03024738
v -0.01461488 0.01281644 -0.00029196
v 0.02455637 0.00292005 -0.03013145
v -0.01387625 0.00083976 -0.00017604
v -0.00034494 0.00122074 -0.04703198
v 0.02455637 0.00292005 -0.03013145
v -0.00034494 0.00122074 -0.04703198
v 0.02381774 0.01489673 -0.03024738
v 0.02381774 0.01489673 -0.03024738
v -0.00034494 0.00122074 -0.04703198
v -0.00108357 0.01319742 -0.04714790
v 0.02381774 0.01489673 -0.03024738
v -0.00108357 0.01319742 -0.04714790
v -0.01461488 0.01281644 -0.00029196
v -0.00034494 0.00122074 -0.04703198
v -0.01387625 0.00083976 -0.00017604
v -0.03041475 -0.00062409 -0.04603513
v -0.00034494 0.00122074 -0.04703198
v -0.03041475 -0.00062409 -0.04603513
v -0.00108357 0.01319742 -0.04714790
v -0.00108357 0.01319742 -0.04714790
v -0.03041475 -0.00062409 -0.04603513
v -0.03115338 0.01135259 -0.04615105
v -0.00108357 0.01319742 -0.04714790
v -0.03115338 0.01135259 -0.04615105
v -0.01461488 0.01281644 -0.00029196
v -0.03041475 -0.00062409 -0.04603513
v -0.01387625 0.00083976 -0.00017604
v -0.05416741 -0.00190978 -0.02752166
v -0.03041475 -0.00062409 -0.04603513
v -0.05416741 -0.00190978 -0.02752166
v -0.03115338 0.01135259 -0.04615105
v -0.03115338 0.01135259 -0.04615105
v -0.05416741 -0.00190978 -0.02752166
v -0.05490604 0.01006690 -0.02763758
v -0.03115338 0.01135259 -0.04615105
v -0.05490604 0.01006690 -0.02763758
v -0.01461488 0.01281644 -0.00029196
f 7321 7322 7323
f 7324 7325 7326
f 7327 7328 7329
f 7330 7331 7332
f 7333 7334 7335
f 7336 7337 7338
f 7339 7340 7341
f 7342 7343 7344
f 7345 7346 7347
f 7348 7349 7350
f 7351 7352 7353
f 7354 7355 7356
f 7357 7358 7359
f 7360 7361 7362
f 7363 7364 7365
f 7366 7367 7368
f 7369 7370 7371
f 7372 7373 7374
f 7375 7376 7377
f 7378 7379 7380
f 7381 7382 7383
f 7384 7385 7386
f 7387 7388 7389
f 7390 7391 7392
f 7393 7394 7395
f 7396 7397 7398
f 7399 7400 7401
f 7402 7403 7404
f 7405 7406 7407
f 7408 7409 7410
f 7411 7412 7413
f 7414 7415 7416
f 7417 7418 7419
f 7420 7421 7422
f 7423 7424 7425
f 7426 7427 7428
f 7429 7430 7431
f 7432 7433 7434
f 7435 7436 7437
f 7438 7439 7440

o geometry_8
usemtl material_5
v -0.05138879 0.01246145 0.02015225
v -0.00269673 0.00115630 0.02068890
v -0.04259716 0.00950966 0.04962311
v -0.05138879 0.01246145 0.02015225
v -0.04259716 0.00950966 0.04962311
v -0.04867988 0.02414608 0.02051447
v -0.04867988 0.02414608 0.02051447
v -0.04259716 0.00950966 0.04962311
v -0.03988825 0.02119429 0.04998533
v -0.04867988 0.02414608 0.02051447
v -0.03988825 0.02119429 0.04998533
v 0.00001218 0.01284093 0.02105112
v -0.04259716 0.00950966 0.04962311
v -0.00269673 0.00115630 0.02068890
v -0.01856491 0.00336717 0.06804208
v -0.04259716 0.00950966 0.04962311
v -0.01856491 0.00336717 0.06804208
v -0.03988825 0.02119429 0.04998533
v -0.03988825 0.02119429 0.04998533
v -0.01856491 0.00336717 0.06804208
v -0.01585601 0.01505180 0.06840430
v -0.03988825 0.02119429 0.04998533
v -0.01585601 0.01505180 0.06840430
v 0.00001218 0.01284093 0.02105112
v -0.01856491 0.00336717 0.06804208
v -0.00269673 0.00115630 0.02068890
v 0.01152844 -0.00361979 0.06837375
v -0.01856491 0.00336717 0.06804208
v 0.01152844 -0.00361979 0.06837375
v -0.01585601 0.01505180 0.06840430
v -0.01585601 0.01505180 0.06840430
v 0.01152844 -0.00361979 0.06837375
v 0.01423734 0.00806484 0.06873596
v -0.01585601 0.01505180 0.06840430
v 0.01423734 0.00806484 0.06873596
v 0.00001218 0.01284093 0.02105112
v 0.01152844 -0.00361979 0.06837375
v -0.00269673 0.00115630 0.02068890
v 0.03618826 -0.00878245 0.05049142
v 0.01152844 -0.00361979 0.06837375
v 0.03618826 -0.00878245 0.05049142
v 0.01423734 0.00806484 0.06873596
v 0.01423734 0.00806484 0.06873596
v 0.03618826 -0.00878245 0.05049142
v 0.03889716 0.00290218 0.05085364
v 0.01423734 0.00806484 0.06873596
v 0.03889716 0.00290218 0.05085364
v 0.00001218 0.01284093 0.02105112
v 0.03618826 -0.00878245 0.05049142
v -0.00269673 0.00115630 0.02068890
v 0.04599534 -0.01014885 0.02122555
v 0.03618826 -0.00878245 0.05049142
v 0.04599534 -0.01014885 0.02122555
v 0.03889716 0.00290218 0.05085364
v 0.03889716 0.00290218 0.05085364
v 0.04599534 -0.01014885 0.02122555
v 0.04870424 0.00153578 0.02158776
v 0.03889716 0.00290218 0.05085364
v 0.04870424 0.00153578 0.02158776
v 0.00001218 0.01284093 0.02105112
v 0.04599534 -0.01014885 0.02122555
v -0.00269673 0.00115630 0.02068890
v 0.03720370 -0.00719706 -0.00824531
v 0.04599534 -0.01014885 0.02122555
v 0.03720370 -0.00719706 -0.00824531
v 0.04870424 0.00153578 0.02158776
v 0.04870424 0.00153578 0.02158776
v 0.03720370 -0.00719706 -0.00824531
v 0.03991261 0.00448757 -0.00788310
v 0.04870424 0.00153578 0.02158776
v 0.03991261 0.00448757 -0.00788310
v 0.00001218 0.01284093 0.02105112
v 0.03720370 -0.00719706 -0.00824531
v -0.00269673 0.00115630 0.02068890
v 0.01317146 -0.00105457 -0.02666429
v 0.03720370 -0.00719706 -0.00824531
v 0.01317146 -0.00105457 -0.02666429
v 0.03991261 0.00448757 -0.00788310
v 0.03991261 0.00448757 -0.00788310
v 0.01317146 -0.00105457 -0.02666429
v 0.01588037 0.01063006 -0.02630207
v 0.03991261 0.00448757 -0.00788310
v 0.01588037 0.01063006 -0.02630207
v 0.00001218 0.01284093 0.02105112
v 0.01317146 -0.00105457 -0.02666429
v -0.00269673 0.00115630 0.02068890
v -0.01692189 0.00593239 -0.02699596
v 0.01317146 -0.00105457 -0.02666429
v -0.01692189 0.00593239 -0.02699596
v 0.01588037 0.01063006 -0.02630207
v 0.01588037 0.01063006 -0.02630207
v -0.01692189 0.00593239 -0.02699596
v -0.01421298 0.01761703 -0.02663374
v 0.01588037 0.01063006 -0.02630207
v -0.01421298 0.01761703 -0.02663374
v 0.00001218 0.01284093 0.02105112
v -0.01692189 0.00593239 -0.02699596
v -0.00269673 0.00115630 0.02068890
v -0.04158171 0.01109505 -0.00911363
v -0.01692189 0.00593239 -0.02699596
v -0.04158171 0.01109505 -0.00911363
v -0.01421298 0.01761703 -0.02663374
v -0.01421298 0.01761703 -0.02663374
v -0.04158171 0.01109505 -0.00911363
v -0.03887280 0.02277969 -0.00875141
v -0.01421298 0.01761703 -0.02663374
v -0.03887280 0.02277969 -0.00875141
v 0.00001218 0.01284093 0.02105112
v -0.04158171 0.01109505 -0.00911363
v -0.00269673 0.00115630 0.02068890
v -0.05138879 0.01246145 0.02015225
v -0.04158171 0.01109505 -0.00911363
v -0.05138879 0.01246145 0.02015225
v -0.03887280 0.02277969 -0.00875141
v -0.03887280 0.02277969 -0.00875141
v -0.05138879 0.01246145 0.02015225
v -0.04867988 0.02414608 0.02051447
v -0.03887280 0.02277969 -0.00875141
v -0.04867988 0.02414608 0.02051447
v 0.00001218 0.01284093 0.02105112
f 7441 7442 7443
f 7444 7445 7446
f 7447 7448 7449
f 7450 7451 7452
f 7453 7454 7455
f 7456 7457 7458
f 7459 7460 7461
f 7462 7463 7464
f 7465 7466 7467
f 7468 7469 7470
f 7471 7472 7473
f 7474 7475 7476
f 7477 7478 7479
f 7480 7481 7482
f 7483 7484 7485
f 7486 7487 7488
f 7489 7490 7491
f 7492 7493 7494
f 7495 7496 7497
f 7498 7499 7500
f 7501 7502 7503
f 7504 7505 7506
f 7507 7508 7509
f 7510 7511 7512
f 7513 7514 7515
f 7516 7517 7518
f 7519 7520 7521
f 7522 7523 7524
f 7525 7526 7527
f 7528 7529 7530
f 7531 7532 7533
f 7534 7535 7536
f 7537 7538 7539
f 7540 7541 7542
f 7543 7544 7545
f 7546 7547 7548
f 7549 7550 7551
f 7552 7553 7554
f 7555 7556 7557
f 7558 7559 7560

o geometry_7
usemtl material_5
v -0.00712784 0.00688248 -0.05112542
v 0.03225894 0.01104151 -0.06681556
v 0.00929563 0.01085587 -0.03093453
v -0.00712784 0.00688248 -0.05112542
v 0.00929563 0.01085587 -0.03093453
v -0.00877385 0.01872757 -0.05211756
v -0.00877385 0.01872757 -0.05211756
v 0.00929563 0.01085587 -0.03093453
v 0.00764962 0.02270097 -0.03192666
v -0.00877385 0.01872757 -0.05211756
v 0.00764962 0.02270097 -0.03192666
v 0.03061293 0.02288661 -0.06780770
v 0.00929563 0.01085587 -0.03093453
v 0.03225894 0.01104151 -0.06681556
v 0.03449030 0.01490017 -0.02444897
v 0.00929563 0.01085587 -0.03093453
v 0.03449030 0.01490017 -0.02444897
v 0.00764962 0.02270097 -0.03192666
v 0.00764962 0.02270097 -0.03192666
v 0.03449030 0.01490017 -0.02444897
v 0.03284429 0.02674527 -0.02544110
v 0.00764962 0.02270097 -0.03192666
v 0.03284429 0.02674527 -0.02544110
v 0.03061293 0.02288661 -0.06780770
v 0.03449030 0.01490017 -0.02444897
v 0.03225894 0.01104151 -0.06681556
v 0.05883267 0.01747060 -0.03414600
v 0.03449030 0.01490017 -0.02444897
v 0.05883267 0.01747060 -0.03414600
v 0.03284429 0.02674527 -0.02544110
v 0.03284429 0.02674527 -0.02544110
v 0.05883267 0.01747060 -0.03414600
v 0.05718666 0.02931570 -0.03513814
v 0.03284429 0.02674527 -0.02544110
v 0.05718666 0.02931570 -0.03513814
v 0.03061293 0.02288661 -0.06780770
v 0.05883267 0.01747060 -0.03414600
v 0.03225894 0.01104151 -0.06681556
v 0.07302477 0.01758533 -0.05632170
v 0.05883267 0.01747060 -0.03414600
v 0.07302477 0.01758533 -0.05632170
v 0.05718666 0.02931570 -0.03513814
v 0.05718666 0.02931570 -0.03513814
v 0.07302477 0.01758533 -0.05632170
v 0.07137877 0.02943043 -0.05731384
v 0.05718666 0.02931570 -0.03513814
v 0.07137877 0.02943043 -0.05731384
v 0.03061293 0.02288661 -0.06780770
v 0.07302477 0.01758533 -0.05632170
v 0.03225894 0.01104151 -0.06681556
v 0.07164571 0.01520055 -0.08250570
v 0.07302477 0.01758533 -0.05632170
v 0.07164571 0.01520055 -0.08250570
v 0.07137877 0.02943043 -0.05731384
v 0.07137877 0.02943043 -0.05731384
v 0.07164571 0.01520055 -0.08250570
v 0.06999971 0.02704564 -0.08349783
v 0.07137877 0.02943043 -0.05731384
v 0.06999971 0.02704564 -0.08349783
v 0.03061293 0.02288661 -0.06780770
v 0.07164571 0.01520055 -0.08250570
v 0.03225894 0.01104151 -0.06681556
v 0.05522224 0.01122715 -0.10269659
v 0.07164571 0.01520055 -0.08250570
v 0.05522224 0.01122715 -0.10269659
v 0.06999971 0.02704564 -0.08349783
v 0.06999971 0.02704564 -0.08349783
v 0.05522224 0.01122715 -0.10269659
v 0.05357623 0.02307225 -0.10368872
v 0.06999971 0.02704564 -0.08349783
v 0.05357623 0.02307225 -0.10368872
v 0.03061293 0.02288661 -0.06780770
v 0.05522224 0.01122715 -0.10269659
v 0.03225894 0.01104151 -0.06681556
v 0.03002757 0.00718285 -0.10918215
v 0.05522224 0.01122715 -0.10269659
v 0.03002757 0.00718285 -0.10918215
v 0.05357623 0.02307225 -0.10368872
v 0.05357623 0.02307225 -0.10368872
v 0.03002757 0.00718285 -0.10918215
v 0.02838156 0.01902794 -0.11017428
v 0.05357623 0.02307225 -0.10368872
v 0.02838156 0.01902794 -0.11017428
v 0.03061293 0.02288661 -0.06780770
v 0.03002757 0.00718285 -0.10918215
v 0.03225894 0.01104151 -0.06681556
v 0.00568520 0.00461242 -0.09948511
v 0.03002757 0.00718285 -0.10918215
v 0.00568520 0.00461242 -0.09948511
v 0.02838156 0.01902794 -0.11017428
v 0.02838156 0.01902794 -0.11017428
v 0.00568520 0.00461242 -0.09948511
v 0.00403919 0.01645752 -0.10047725
v 0.02838156 0.01902794 -0.11017428
v 0.00403919 0.01645752 -0.10047725
v 0.03061293 0.02288661 -0.06780770
v 0.00568520 0.00461242 -0.09948511
v 0.03225894 0.01104151 -0.06681556
v -0.00850691 0.00449769 -0.07730941
v 0.00568520 0.00461242 -0.09948511
v -0.00850691 0.00449769 -0.07730941
v 0.00403919 0.01645752 -0.10047725
v 0.00403919 0.01645752 -0.10047725
v -0.00850691 0.00449769 -0.07730941
v -0.01015291 0.01634279 -0.07830155
v 0.00403919 0.01645752 -0.10047725
v -0.01015291 0.01634279 -0.07830155
v 0.03061293 0.02288661 -0.06780770
v -0.00850691 0.00449769 -0.07730941
v 0.03225894 0.01104151 -0.06681556
v -0.00712784 0.00688248 -0.05112542
v -0.00850691 0.00449769 -0.07730941
v -0.00712784 0.00688248 -0.05112542
v -0.01015291 0.01634279 -0.07830155
v -0.01015291 0.01634279 -0.07830155
v -0.00712784 0.00688248 -0.05112542
v -0.00877385 0.01872757 -0.05211756
v -0.01015291 0.01634279 -0.07830155
v -0.00877385 0.01872757 -0.05211756
v 0.03061293 0.02288661 -0.06780770
f 7561 7562 7563
f 7564 7565 7566
f 7567 7568 7569
f 7570 7571 7572
f 7573 7574 7575
f 7576 7577 7578
f 7579 7580 7581
f 7582 7583 7584
f 7585 7586 7587
f 7588 7589 7590
f 7591 7592 7593
f 7594 7595 7596
f 7597 7598 7599
f 7600 7601 7602
f 7603 7604 7605
f 7606 7607 7608
f 7609 7610 7611
f 7612 7613 7614
f 7615 7616 7617
f 7618 7619 7620
f 7621 7622 7623
f 7624 7625 7626
f 7627 7628 7629
f 7630 7631 7632
f 7633 7634 7635
f 7636 7637 7638
f 7639 7640 7641
f 7642 7643 7644
f 7645 7646 7647
f 7648 7649 7650
f 7651 7652 7653
f 7654 7655 7656
f 7657 7658 7659
f 7660 7661 7662
f 7663 7664 7665
f 7666 7667 7668
f 7669 7670 7671
f 7672 7673 7674
f 7675 7676 7677
f 7678 7679 7680

o geometry_6
usemtl material_4
v 0.00080327 -0.00662543 -0.08843928
v 0.03284316 -0.00040612 -0.06774219
v -0.00460916 -0.00964236 -0.06537177
v 0.00080327 -0.00662543 -0.08843928
v -0.00460916 -0.00964236 -0.06537177
v -0.00201119 0.00500803 -0.08757814
v -0.00201119 0.00500803 -0.08757814
v -0.00460916 -0.00964236 -0.06537177
v -0.00742362 0.00199109 -0.06451064
v -0.00201119 0.00500803 -0.08757814
v -0.00742362 0.00199109 -0.06451064
v 0.03002870 0.01122733 -0.06688106
v -0.00460916 -0.00964236 -0.06537177
v 0.03284316 -0.00040612 -0.06774219
v 0.00428392 -0.00913136 -0.04320970
v -0.00460916 -0.00964236 -0.06537177
v 0.00428392 -0.00913136 -0.04320970
v -0.00742362 0.00199109 -0.06451064
v -0.00742362 0.00199109 -0.06451064
v 0.00428392 -0.00913136 -0.04320970
v 0.00146946 0.00250209 -0.04234856
v -0.00742362 0.00199109 -0.06451064
v 0.00146946 0.00250209 -0.04234856
v 0.03002870 0.01122733 -0.06688106
v 0.00428392 -0.00913136 -0.04320970
v 0.03284316 -0.00040612 -0.06774219
v 0.02408566 -0.00528762 -0.03041820
v 0.00428392 -0.00913136 -0.04320970
v 0.02408566 -0.00528762 -0.03041820
v 0.00146946 0.00250209 -0.04234856
v 0.00146946 0.00250209 -0.04234856
v 0.02408566 -0.00528762 -0.03041820
v 0.02127120 0.00634583 -0.02955706
v 0.00146946 0.00250209 -0.04234856
v 0.02127120 0.00634583 -0.02955706
v 0.03002870 0.01122733 -0.06688106
v 0.02408566 -0.00528762 -0.03041820
v 0.03284316 -0.00040612 -0.06774219
v 0.04723247 0.00042069 -0.03188320
v 0.02408566 -0.00528762 -0.03041820
v 0.04723247 0.00042069 -0.03188320
v 0.02127120 0.00634583 -0.02955706
v 0.02127120 0.00634583 -0.02955706
v 0.04723247 0.00042069 -0.03188320
v 0.04441801 0.01205414 -0.03102206
v 0.02127120 0.00634583 -0.02955706
v 0.04441801 0.01205414 -0.03102206
v 0.03002870 0.01122733 -0.06688106
v 0.04723247 0.00042069 -0.03188320
v 0.03284316 -0.00040612 -0.06774219
v 0.06488305 0.00581318 -0.04704512
v 0.04723247 0.00042069 -0.03188320
v 0.06488305 0.00581318 -0.04704512
v 0.04441801 0.01205414 -0.03102206
v 0.04441801 0.01205414 -0.03102206
v 0.06488305 0.00581318 -0.04704512
v 0.06206859 0.01744664 -0.04618398
v 0.04441801 0.01205414 -0.03102206
v 0.06206859 0.01744664 -0.04618398
v 0.03002870 0.01122733 -0.06688106
v 0.06488305 0.00581318 -0.04704512
v 0.03284316 -0.00040612 -0.06774219
v 0.07029549 0.00883011 -0.07011262
v 0.06488305 0.00581318 -0.04704512
v 0.07029549 0.00883011 -0.07011262
v 0.06206859 0.01744664 -0.04618398
v 0.06206859 0.01744664 -0.04618398
v 0.07029549 0.00883011 -0.07011262
v 0.06748103 0.02046357 -0.06925148
v 0.06206859 0.01744664 -0.04618398
v 0.06748103 0.02046357 -0.06925148
v 0.03002870 0.01122733 -0.06688106
v 0.07029549 0.00883011 -0.07011262
v 0.03284316 -0.00040612 -0.06774219
v 0.06140240 0.00831912 -0.09227470
v 0.07029549 0.00883011 -0.07011262
v 0.06140240 0.00831912 -0.09227470
v 0.06748103 0.02046357 -0.06925148
v 0.06748103 0.02046357 -0.06925148
v 0.06140240 0.00831912 -0.09227470
v 0.05858795 0.01995257 -0.09141356
v 0.06748103 0.02046357 -0.06925148
v 0.05858795 0.01995257 -0.09141356
v 0.03002870 0.01122733 -0.06688106
v 0.06140240 0.00831912 -0.09227470
v 0.03284316 -0.00040612 -0.06774219
v 0.04160066 0.00447538 -0.10506620
v 0.06140240 0.00831912 -0.09227470
v 0.04160066 0.00447538 -0.10506620
v 0.05858795 0.01995257 -0.09141356
v 0.05858795 0.01995257 -0.09141356
v 0.04160066 0.00447538 -0.10506620
v 0.03878620 0.01610883 -0.10420506
v 0.05858795 0.01995257 -0.09141356
v 0.03878620 0.01610883 -0.10420506
v 0.03002870 0.01122733 -0.06688106
v 0.04160066 0.00447538 -0.10506620
v 0.03284316 -0.00040612 -0.06774219
v 0.01845385 -0.00123293 -0.10360119
v 0.04160066 0.00447538 -0.10506620
v 0.01845385 -0.00123293 -0.10360119
v 0.03878620 0.01610883 -0.10420506
v 0.03878620 0.01610883 -0.10420506
v 0.01845385 -0.00123293 -0.10360119
v 0.01563939 0.01040052 -0.10274006
v 0.03878620 0.01610883 -0.10420506
v 0.01563939 0.01040052 -0.10274006
v 0.03002870 0.01122733 -0.06688106
v 0.01845385 -0.00123293 -0.10360119
v 0.03284316 -0.00040612 -0.06774219
v 0.00080327 -0.00662543 -0.08843928
v 0.01845385 -0.00123293 -0.10360119
v 0.00080327 -0.00662543 -0.08843928
v 0.01563939 0.01040052 -0.10274006
v 0.01563939 0.01040052 -0.10274006
v 0.00080327 -0.00662543 -0.08843928
v -0.00201119 0.00500803 -0.08757814
v 0.01563939 0.01040052 -0.10274006
v -0.00201119 0.00500803 -0.08757814
v 0.03002870 0.01122733 -0.06688106
f 7681 7682 7683
f 7684 7685 7686
f 7687 7688 7689
f 7690 7691 7692
f 7693 7694 7695
f 7696 7697 7698
f 7699 7700 7701
f 7702 7703 7704
f 7705 7706 7707
f 7708 7709 7710
f 7711 7712 7713
f 7714 7715 7716
f 7717 7718 7719
f 7720 7721 7722
f 7723 7724 7725
f 7726 7727 7728
f 7729 7730 7731
f 7732 7733 7734
f 7735 7736 7737
f 7738 7739 7740
f 7741 7742 7743
f 7744 7745 7746
f 7747 7748 7749
f 7750 7751 7752
f 7753 7754 7755
f 7756 7757 7758
f 7759 7760 7761
f 7762 7763 7764
f 7765 7766 7767
f 7768 7769 7770
f 7771 7772 7773
f 7774 7775 7776
f 7777 7778 7779
f 7780 7781 7782
f 7783 7784 7785
f 7786 7787 7788
f 7789 7790 7791
f 7792 7793 7794
f 7795 7796 7797
f 7798 7799 7800

o geometry_5
usemtl material_6
v -0.31999999 0.31999999 -0.20000000
v -0.31999999 0.26527679 -0.35035083
v -0.31999999 -0.07467090 -0.05635154
v 0.31999999 -0.07467090 -0.05635154
v -0.31999999 0.31999999 -0.20000000
v -0.31999999 -0.07467090 -0.05635154
v -0.31999999 -0.07467090 -0.05635154
v -0.31999999 0.26527679 -0.35035083
v -0.31999999 -0.12939413 -0.20670237
v -0.31999999 -0.12939413 -0.20670237
v 0.31999999 -0.07467090 -0.05635154
v -0.31999999 -0.07467090 -0.05635154
v -0.31999999 0.31999999 -0.20000000
v 0.31999999 0.26527679 -0.35035083
v -0.31999999 0.26527679 -0.35035083
v 0.31999999 0.31999999 -0.20000000
v -0.31999999 0.31999999 -0.20000000
v 0.31999999 -0.07467090 -0.05635154
v 0.31999999 0.31999999 -0.20000000
v 0.31999999 0.26527679 -0.35035083
v -0.31999999 0.31999999 -0.20000000
v -0.31999999 0.26527679 -0.35035083
v 0.31999999 0.26527679 -0.35035083
v -0.31999999 -0.12939413 -0.20670237
v 0.31999999 -0.12939413 -0.20670237
v 0.31999999 -0.07467090 -0.05635154
v -0.31999999 -0.12939413 -0.20670237
v -0.31999999 -0.12939413 -0.20670237
v 0.31999999 0.26527679 -0.35035083
v 0.31999999 -0.12939413 -0.20670237
v 0.31999999 -0.12939413 -0.20670237
v 0.31999999 0.31999999 -0.20000000
v 0.31999999 -0.07467090 -0.05635154
v 0.31999999 0.26527679 -0.35035083
v 0.31999999 0.31999999 -0.20000000
v 0.31999999 -0.12939413 -0.20670237
f 7801 7802 7803
f 7804 7805 7806
f 7807 7808 7809
f 7810 7811 7812
f 7813 7814 7815
f 7816 7817 7818
f 7819 7820 7821
f 7822 7823 7824
f 7825 7826 7827
f 7828 7829 7830
f 7831 7832 7833
f 7834 7835 7836

o geometry_4
usemtl material_7
v -0.04500000 0.07800000 0.20000000
v -0.04500000 0.07800000 0.22000000
v -0.04500000 0.17800000 0.20000000
v -0.04500000 0.17800000 0.22000000
v 0.04500000 0.07800000 0.20000000
v 0.04500000 0.07800000 0.22000000
v 0.04500000 0.17800000 0.20000000
v 0.04500000 0.17800000 0.22000000
f 7838 7840 7837
f 7841 7838 7837
f 7837 7840 7839
f 7839 7841 7837
f 7838 7844 7840
f 7842 7838 7841
f 7842 7844 7838
f 7840 7844 7839
f 7843 7841 7839
f 7839 7844 7843
f 7843 7842 7841
f 7844 7842 7843

o geometry_3
usemtl material_7
v -0.31500000 0.09450000 -0.20500000
v -0.31500000 0.09450000 0.20500000
v -0.31500000 0.12950000 -0.20500000
v -0.31500000 0.12950000 0.20500000
v 0.31500000 0.09450000 -0.20500000
v 0.31500000 0.09450000 0.20500000
v 0.31500000 0.12950000 -0.20500000
v 0.31500000 0.12950000 0.20500000
f 7846 7848 7845
f 7849 7846 7845
f 7845 7848 7847
f 7847 7849 7845
f 7846 7852 7848
f 7850 7846 7849
f 7850 7852 7846
f 7848 7852 7847
f 7851 7849 7847
f 7847 7852 7851
f 7851 7850 7849
f 7852 7850 7851

o geometry_2
usemtl material_7
v 0.26249999 0.00000000 -0.20500000
v 0.26249999 0.00000000 0.20500000
v 0.26249999 0.31999999 -0.20500000
v 0.26249999 0.31999999 0.20500000
v 0.29750001 0.00000000 -0.20500000
v 0.29750001 0.00000000 0.20500000
v 0.29750001 0.31999999 -0.20500000
v 0.29750001 0.31999999 0.20500000
f 7854 7856 7853
f 7857 7854 7853
f 7853 7856 7855
f 7855 7857 7853
f 7854 7860 7856
f 7858 7854 7857
f 7858 7860 7854
f 7856 7860 7855
f 7859 7857 7855
f 7855 7860 7859
f 7859 7858 7857
f 7860 7858 7859

o geometry_1
usemtl material_7
v -0.29750001 0.00000000 -0.20500000
v -0.29750001 0.00000000 0.20500000
v -0.29750001 0.31999999 -0.20500000
v -0.29750001 0.31999999 0.20500000
v -0.26249999 0.00000000 -0.20500000
v -0.26249999 0.00000000 0.20500000
v -0.26249999 0.31999999 -0.20500000
v -0.26249999 0.31999999 0.20500000
f 7862 7864 7861
f 7865 7862 7861
f 7861 7864 7863
f 7863 7865 7861
f 7862 7868 7864
f 7866 7862 7865
f 7866 7868 7862
f 7864 7868 7863
f 7867 7865 7863
f 7863 7868 7867
f 7867 7866 7865
f 7868 7866 7867

o geometry_0
usemtl material_8
v -0.31000000 0.00000000 -0.20000000
v -0.31000000 0.00000000 0.20000000
v -0.31000000 0.31999999 -0.20000000
v -0.31000000 0.31999999 0.20000000
v 0.31000000 0.00000000 -0.20000000
v 0.31000000 0.00000000 0.20000000
v 0.31000000 0.31999999 -0.20000000
v 0.31000000 0.31999999 0.20000000
f 7870 7872 7869
f 7873 7870 7869
f 7869 7872 7871
f 7871 7873 7869
f 7870 7876 7872
f 7874 7870 7873
f 7874 7876 7870
f 7872 7876 7871
f 7875 7873 7871
f 7871 7876 7875
f 7875 7874 7873
f 7876 7874 7875

