# https://github.com/mikedh/trimesh
mtllib treasury_gold_3.mtl

o geometry_38
usemtl material_0
v -0.12097739 0.01484758 0.07027171
v -0.08418231 0.01099009 0.09054286
v -0.12551931 0.01756912 0.09580091
v -0.12097739 0.01484758 0.07027171
v -0.12551931 0.01756912 0.09580091
v -0.11921482 0.02667954 0.06932395
v -0.11921482 0.02667954 0.06932395
v -0.12551931 0.01756912 0.09580091
v -0.12375674 0.02940107 0.09485316
v -0.11921482 0.02667954 0.06932395
v -0.12375674 0.02940107 0.09485316
v -0.08241975 0.02282205 0.08959510
v -0.12551931 0.01756912 0.09580091
v -0.08418231 0.01099009 0.09054286
v -0.11427189 0.01777768 0.11932173
v -0.12551931 0.01756912 0.09580091
v -0.11427189 0.01777768 0.11932173
v -0.12375674 0.02940107 0.09485316
v -0.12375674 0.02940107 0.09485316
v -0.11427189 0.01777768 0.11932173
v -0.11250933 0.02960964 0.11837397
v -0.12375674 0.02940107 0.09485316
v -0.11250933 0.02960964 0.11837397
v -0.08241975 0.02282205 0.08959510
v -0.11427189 0.01777768 0.11932173
v -0.08418231 0.01099009 0.09054286
v -0.09153129 0.01539362 0.13184999
v -0.11427189 0.01777768 0.11932173
v -0.09153129 0.01539362 0.13184999
v -0.11250933 0.02960964 0.11837397
v -0.11250933 0.02960964 0.11837397
v -0.09153129 0.01539362 0.13184999
v -0.08976872 0.02722558 0.13090223
v -0.11250933 0.02960964 0.11837397
v -0.08976872 0.02722558 0.13090223
v -0.08241975 0.02282205 0.08959510
v -0.09153129 0.01539362 0.13184999
v -0.08418231 0.01099009 0.09054286
v -0.06598362 0.01132757 0.12860033
v -0.09153129 0.01539362 0.13184999
v -0.06598362 0.01132757 0.12860033
v -0.08976872 0.02722558 0.13090223
v -0.08976872 0.02722558 0.13090223
v -0.06598362 0.01132757 0.12860033
v -0.06422106 0.02315952 0.12765257
v -0.08976872 0.02722558 0.13090223
v -0.06422106 0.02315952 0.12765257
v -0.08241975 0.02282205 0.08959510
v -0.06598362 0.01132757 0.12860033
v -0.08418231 0.01099009 0.09054286
v -0.04738725 0.00713260 0.11081401
v -0.06598362 0.01132757 0.12860033
v -0.04738725 0.00713260 0.11081401
v -0.06422106 0.02315952 0.12765257
v -0.06422106 0.02315952 0.12765257
v -0.04738725 0.00713260 0.11081401
v -0.04562468 0.01896456 0.10986625
v -0.06422106 0.02315952 0.12765257
v -0.04562468 0.01896456 0.10986625
v -0.08241975 0.02282205 0.08959510
v -0.04738725 0.00713260 0.11081401
v -0.08418231 0.01099009 0.09054286
v -0.04284533 0.00441107 0.08528481
v -0.04738725 0.00713260 0.11081401
v -0.04284533 0.00441107 0.08528481
v -0.04562468 0.01896456 0.10986625
v -0.04562468 0.01896456 0.10986625
v -0.04284533 0.00441107 0.08528481
v -0.04108276 0.01624303 0.08433705
v -0.04562468 0.01896456 0.10986625
v -0.04108276 0.01624303 0.08433705
v -0.08241975 0.02282205 0.08959510
v -0.04284533 0.00441107 0.08528481
v -0.08418231 0.01099009 0.09054286
v -0.05409274 0.00420251 0.06176400
v -0.04284533 0.00441107 0.08528481
v -0.05409274 0.00420251 0.06176400
v -0.04108276 0.01624303 0.08433705
v -0.04108276 0.01624303 0.08433705
v -0.05409274 0.00420251 0.06176400
v -0.05233017 0.01603446 0.06081624
v -0.04108276 0.01624303 0.08433705
v -0.05233017 0.01603446 0.06081624
v -0.08241975 0.02282205 0.08959510
v -0.05409274 0.00420251 0.06176400
v -0.08418231 0.01099009 0.09054286
v -0.07683334 0.00658656 0.04923574
v -0.05409274 0.00420251 0.06176400
v -0.07683334 0.00658656 0.04923574
v -0.05233017 0.01603446 0.06081624
v -0.05233017 0.01603446 0.06081624
v -0.07683334 0.00658656 0.04923574
v -0.07507078 0.01841852 0.04828798
v -0.05233017 0.01603446 0.06081624
v -0.07507078 0.01841852 0.04828798
v -0.08241975 0.02282205 0.08959510
v -0.07683334 0.00658656 0.04923574
v -0.08418231 0.01099009 0.09054286
v -0.10238101 0.01065262 0.05248539
v -0.07683334 0.00658656 0.04923574
v -0.10238101 0.01065262 0.05248539
v -0.07507078 0.01841852 0.04828798
v -0.07507078 0.01841852 0.04828798
v -0.10238101 0.01065262 0.05248539
v -0.10061844 0.02248458 0.05153763
v -0.07507078 0.01841852 0.04828798
v -0.10061844 0.02248458 0.05153763
v -0.08241975 0.02282205 0.08959510
v -0.10238101 0.01065262 0.05248539
v -0.08418231 0.01099009 0.09054286
v -0.12097739 0.01484758 0.07027171
v -0.10238101 0.01065262 0.05248539
v -0.12097739 0.01484758 0.07027171
v -0.10061844 0.02248458 0.05153763
v -0.10061844 0.02248458 0.05153763
v -0.12097739 0.01484758 0.07027171
v -0.11921482 0.02667954 0.06932395
v -0.10061844 0.02248458 0.05153763
v -0.11921482 0.02667954 0.06932395
v -0.08241975 0.02282205 0.08959510
f 1 2 3
f 4 5 6
f 7 8 9
f 10 11 12
f 13 14 15
f 16 17 18
f 19 20 21
f 22 23 24
f 25 26 27
f 28 29 30
f 31 32 33
f 34 35 36
f 37 38 39
f 40 41 42
f 43 44 45
f 46 47 48
f 49 50 51
f 52 53 54
f 55 56 57
f 58 59 60
f 61 62 63
f 64 65 66
f 67 68 69
f 70 71 72
f 73 74 75
f 76 77 78
f 79 80 81
f 82 83 84
f 85 86 87
f 88 89 90
f 91 92 93
f 94 95 96
f 97 98 99
f 100 101 102
f 103 104 105
f 106 107 108
f 109 110 111
f 112 113 114
f 115 116 117
f 118 119 120

o geometry_37
usemtl material_1
v -0.09707801 -0.00528405 0.12936196
v -0.08357396 0.00005123 0.08918981
v -0.07070643 -0.00650225 0.12939061
v -0.09707801 -0.00528405 0.12936196
v -0.07070643 -0.00650225 0.12939061
v -0.09653216 0.00657387 0.13112031
v -0.09653216 0.00657387 0.13112031
v -0.07070643 -0.00650225 0.12939061
v -0.07016058 0.00535567 0.13114896
v -0.09653216 0.00657387 0.13112031
v -0.07016058 0.00535567 0.13114896
v -0.08302811 0.01190915 0.09094815
v -0.07070643 -0.00650225 0.12939061
v -0.08357396 0.00005123 0.08918981
v -0.04924980 -0.00521724 0.11406393
v -0.07070643 -0.00650225 0.12939061
v -0.04924980 -0.00521724 0.11406393
v -0.07016058 0.00535567 0.13114896
v -0.07016058 0.00535567 0.13114896
v -0.04924980 -0.00521724 0.11406393
v -0.04870395 0.00664068 0.11582228
v -0.07016058 0.00535567 0.13114896
v -0.04870395 0.00664068 0.11582228
v -0.08302811 0.01190915 0.09094815
v -0.04924980 -0.00521724 0.11406393
v -0.08357396 0.00005123 0.08918981
v -0.04090384 -0.00191986 0.08923618
v -0.04924980 -0.00521724 0.11406393
v -0.04090384 -0.00191986 0.08923618
v -0.04870395 0.00664068 0.11582228
v -0.04870395 0.00664068 0.11582228
v -0.04090384 -0.00191986 0.08923618
v -0.04035799 0.00993806 0.09099452
v -0.04870395 0.00664068 0.11582228
v -0.04035799 0.00993806 0.09099452
v -0.08302811 0.01190915 0.09094815
v -0.04090384 -0.00191986 0.08923618
v -0.08357396 0.00005123 0.08918981
v -0.04885641 0.00213041 0.06439071
v -0.04090384 -0.00191986 0.08923618
v -0.04885641 0.00213041 0.06439071
v -0.04035799 0.00993806 0.09099452
v -0.04035799 0.00993806 0.09099452
v -0.04885641 0.00213041 0.06439071
v -0.04831056 0.01398833 0.06614906
v -0.04035799 0.00993806 0.09099452
v -0.04831056 0.01398833 0.06614906
v -0.08302811 0.01190915 0.09094815
v -0.04885641 0.00213041 0.06439071
v -0.08357396 0.00005123 0.08918981
v -0.07006990 0.00538651 0.04901766
v -0.04885641 0.00213041 0.06439071
v -0.07006990 0.00538651 0.04901766
v -0.04831056 0.01398833 0.06614906
v -0.04831056 0.01398833 0.06614906
v -0.07006990 0.00538651 0.04901766
v -0.06952405 0.01724443 0.05077600
v -0.04831056 0.01398833 0.06614906
v -0.06952405 0.01724443 0.05077600
v -0.08302811 0.01190915 0.09094815
v -0.07006990 0.00538651 0.04901766
v -0.08357396 0.00005123 0.08918981
v -0.09644148 0.00660471 0.04898900
v -0.07006990 0.00538651 0.04901766
v -0.09644148 0.00660471 0.04898900
v -0.06952405 0.01724443 0.05077600
v -0.06952405 0.01724443 0.05077600
v -0.09644148 0.00660471 0.04898900
v -0.09589563 0.01846263 0.05074735
v -0.06952405 0.01724443 0.05077600
v -0.09589563 0.01846263 0.05074735
v -0.08302811 0.01190915 0.09094815
v -0.09644148 0.00660471 0.04898900
v -0.08357396 0.00005123 0.08918981
v -0.11789811 0.00531970 0.06431568
v -0.09644148 0.00660471 0.04898900
v -0.11789811 0.00531970 0.06431568
v -0.09589563 0.01846263 0.05074735
v -0.09589563 0.01846263 0.05074735
v -0.11789811 0.00531970 0.06431568
v -0.11735226 0.01717762 0.06607403
v -0.09589563 0.01846263 0.05074735
v -0.11735226 0.01717762 0.06607403
v -0.08302811 0.01190915 0.09094815
v -0.11789811 0.00531970 0.06431568
v -0.08357396 0.00005123 0.08918981
v -0.12624408 0.00202232 0.08914344
v -0.11789811 0.00531970 0.06431568
v -0.12624408 0.00202232 0.08914344
v -0.11735226 0.01717762 0.06607403
v -0.11735226 0.01717762 0.06607403
v -0.12624408 0.00202232 0.08914344
v -0.12569822 0.01388024 0.09090178
v -0.11735226 0.01717762 0.06607403
v -0.12569822 0.01388024 0.09090178
v -0.08302811 0.01190915 0.09094815
v -0.12624408 0.00202232 0.08914344
v -0.08357396 0.00005123 0.08918981
v -0.11829150 -0.00202795 0.11398891
v -0.12624408 0.00202232 0.08914344
v -0.11829150 -0.00202795 0.11398891
v -0.12569822 0.01388024 0.09090178
v -0.12569822 0.01388024 0.09090178
v -0.11829150 -0.00202795 0.11398891
v -0.11774565 0.00982997 0.11574725
v -0.12569822 0.01388024 0.09090178
v -0.11774565 0.00982997 0.11574725
v -0.08302811 0.01190915 0.09094815
v -0.11829150 -0.00202795 0.11398891
v -0.08357396 0.00005123 0.08918981
v -0.09707801 -0.00528405 0.12936196
v -0.11829150 -0.00202795 0.11398891
v -0.09707801 -0.00528405 0.12936196
v -0.11774565 0.00982997 0.11574725
v -0.11774565 0.00982997 0.11574725
v -0.09707801 -0.00528405 0.12936196
v -0.09653216 0.00657387 0.13112031
v -0.11774565 0.00982997 0.11574725
v -0.09653216 0.00657387 0.13112031
v -0.08302811 0.01190915 0.09094815
f 121 122 123
f 124 125 126
f 127 128 129
f 130 131 132
f 133 134 135
f 136 137 138
f 139 140 141
f 142 143 144
f 145 146 147
f 148 149 150
f 151 152 153
f 154 155 156
f 157 158 159
f 160 161 162
f 163 164 165
f 166 167 168
f 169 170 171
f 172 173 174
f 175 176 177
f 178 179 180
f 181 182 183
f 184 185 186
f 187 188 189
f 190 191 192
f 193 194 195
f 196 197 198
f 199 200 201
f 202 203 204
f 205 206 207
f 208 209 210
f 211 212 213
f 214 215 216
f 217 218 219
f 220 221 222
f 223 224 225
f 226 227 228
f 229 230 231
f 232 233 234
f 235 236 237
f 238 239 240

o geometry_36
usemtl material_1
v 0.04257965 0.00440352 0.02498839
v 0.00211846 0.01170321 0.00243277
v 0.04867956 0.00981180 -0.00282423
v 0.04257965 0.00440352 0.02498839
v 0.04867956 0.00981180 -0.00282423
v 0.04333195 0.01612773 0.02743321
v 0.04333195 0.01612773 0.02743321
v 0.04867956 0.00981180 -0.00282423
v 0.04943186 0.02153600 -0.00037942
v 0.04333195 0.01612773 0.02743321
v 0.04943186 0.02153600 -0.00037942
v 0.00287076 0.02342741 0.00487758
v 0.04867956 0.00981180 -0.00282423
v 0.00211846 0.01170321 0.00243277
v 0.03699471 0.01594253 -0.02862886
v 0.04867956 0.00981180 -0.00282423
v 0.03699471 0.01594253 -0.02862886
v 0.04943186 0.02153600 -0.00037942
v 0.04943186 0.02153600 -0.00037942
v 0.03699471 0.01594253 -0.02862886
v 0.03774701 0.02766673 -0.02618404
v 0.04943186 0.02153600 -0.00037942
v 0.03774701 0.02766673 -0.02618404
v 0.00287076 0.02342741 0.00487758
v 0.03699471 0.01594253 -0.02862886
v 0.00211846 0.01170321 0.00243277
v 0.01198833 0.02045398 -0.04256900
v 0.03699471 0.01594253 -0.02862886
v 0.01198833 0.02045398 -0.04256900
v 0.03774701 0.02766673 -0.02618404
v 0.03774701 0.02766673 -0.02618404
v 0.01198833 0.02045398 -0.04256900
v 0.01274062 0.03217819 -0.04012419
v 0.03774701 0.02766673 -0.02618404
v 0.01274062 0.03217819 -0.04012419
v 0.00287076 0.02342741 0.00487758
v 0.01198833 0.02045398 -0.04256900
v 0.00211846 0.01170321 0.00243277
v -0.01678802 0.02162294 -0.03932000
v 0.01198833 0.02045398 -0.04256900
v -0.01678802 0.02162294 -0.03932000
v 0.01274062 0.03217819 -0.04012419
v 0.01274062 0.03217819 -0.04012419
v -0.01678802 0.02162294 -0.03932000
v -0.01603572 0.03334714 -0.03687518
v 0.01274062 0.03217819 -0.04012419
v -0.01603572 0.03334714 -0.03687518
v 0.00287076 0.02342741 0.00487758
v -0.01678802 0.02162294 -0.03932000
v 0.00211846 0.01170321 0.00243277
v -0.03834273 0.01900290 -0.02012286
v -0.01678802 0.02162294 -0.03932000
v -0.03834273 0.01900290 -0.02012286
v -0.01603572 0.03334714 -0.03687518
v -0.01603572 0.03334714 -0.03687518
v -0.03834273 0.01900290 -0.02012286
v -0.03759043 0.03072710 -0.01767804
v -0.01603572 0.03334714 -0.03687518
v -0.03759043 0.03072710 -0.01767804
v 0.00287076 0.02342741 0.00487758
v -0.03834273 0.01900290 -0.02012286
v 0.00211846 0.01170321 0.00243277
v -0.04444264 0.01359462 0.00768977
v -0.03834273 0.01900290 -0.02012286
v -0.04444264 0.01359462 0.00768977
v -0.03759043 0.03072710 -0.01767804
v -0.03759043 0.03072710 -0.01767804
v -0.04444264 0.01359462 0.00768977
v -0.04369034 0.02531883 0.01013458
v -0.03759043 0.03072710 -0.01767804
v -0.04369034 0.02531883 0.01013458
v 0.00287076 0.02342741 0.00487758
v -0.04444264 0.01359462 0.00768977
v 0.00211846 0.01170321 0.00243277
v -0.03275779 0.00746389 0.03349439
v -0.04444264 0.01359462 0.00768977
v -0.03275779 0.00746389 0.03349439
v -0.04369034 0.02531883 0.01013458
v -0.04369034 0.02531883 0.01013458
v -0.03275779 0.00746389 0.03349439
v -0.03200550 0.01918809 0.03593921
v -0.04369034 0.02531883 0.01013458
v -0.03200550 0.01918809 0.03593921
v 0.00287076 0.02342741 0.00487758
v -0.03275779 0.00746389 0.03349439
v 0.00211846 0.01170321 0.00243277
v -0.00775140 0.00295244 0.04743454
v -0.03275779 0.00746389 0.03349439
v -0.00775140 0.00295244 0.04743454
v -0.03200550 0.01918809 0.03593921
v -0.03200550 0.01918809 0.03593921
v -0.00775140 0.00295244 0.04743454
v -0.00699911 0.01467664 0.04987935
v -0.03200550 0.01918809 0.03593921
v -0.00699911 0.01467664 0.04987935
v 0.00287076 0.02342741 0.00487758
v -0.00775140 0.00295244 0.04743454
v 0.00211846 0.01170321 0.00243277
v 0.02102494 0.00178348 0.04418553
v -0.00775140 0.00295244 0.04743454
v 0.02102494 0.00178348 0.04418553
v -0.00699911 0.01467664 0.04987935
v -0.00699911 0.01467664 0.04987935
v 0.02102494 0.00178348 0.04418553
v 0.02177723 0.01350768 0.04663035
v -0.00699911 0.01467664 0.04987935
v 0.02177723 0.01350768 0.04663035
v 0.00287076 0.02342741 0.00487758
v 0.02102494 0.00178348 0.04418553
v 0.00211846 0.01170321 0.00243277
v 0.04257965 0.00440352 0.02498839
v 0.02102494 0.00178348 0.04418553
v 0.04257965 0.00440352 0.02498839
v 0.02177723 0.01350768 0.04663035
v 0.02177723 0.01350768 0.04663035
v 0.04257965 0.00440352 0.02498839
v 0.04333195 0.01612773 0.02743321
v 0.02177723 0.01350768 0.04663035
v 0.04333195 0.01612773 0.02743321
v 0.00287076 0.02342741 0.00487758
f 241 242 243
f 244 245 246
f 247 248 249
f 250 251 252
f 253 254 255
f 256 257 258
f 259 260 261
f 262 263 264
f 265 266 267
f 268 269 270
f 271 272 273
f 274 275 276
f 277 278 279
f 280 281 282
f 283 284 285
f 286 287 288
f 289 290 291
f 292 293 294
f 295 296 297
f 298 299 300
f 301 302 303
f 304 305 306
f 307 308 309
f 310 311 312
f 313 314 315
f 316 317 318
f 319 320 321
f 322 323 324
f 325 326 327
f 328 329 330
f 331 332 333
f 334 335 336
f 337 338 339
f 340 341 342
f 343 344 345
f 346 347 348
f 349 350 351
f 352 353 354
f 355 356 357
f 358 359 360

o geometry_35
usemtl material_0
v 0.01943077 0.00187809 0.04069657
v 0.00334991 -0.00027388 0.00362889
v 0.03791917 0.00461436 0.02408149
v 0.01943077 0.00187809 0.04069657
v 0.03791917 0.00461436 0.02408149
v 0.01772016 0.01375542 0.04074913
v 0.01772016 0.01375542 0.04074913
v 0.03791917 0.00461436 0.02408149
v 0.03620857 0.01649170 0.02413405
v 0.01772016 0.01375542 0.04074913
v 0.03620857 0.01649170 0.02413405
v 0.00163931 0.01160346 0.00368146
v 0.03791917 0.00461436 0.02408149
v 0.00334991 -0.00027388 0.00362889
v 0.04320329 0.00548350 -0.00034578
v 0.03791917 0.00461436 0.02408149
v 0.04320329 0.00548350 -0.00034578
v 0.03620857 0.01649170 0.02413405
v 0.03620857 0.01649170 0.02413405
v 0.04320329 0.00548350 -0.00034578
v 0.04149269 0.01736083 -0.00029322
v 0.03620857 0.01649170 0.02413405
v 0.04149269 0.01736083 -0.00029322
v 0.00163931 0.01160346 0.00368146
v 0.04320329 0.00548350 -0.00034578
v 0.00334991 -0.00027388 0.00362889
v 0.03326477 0.00415351 -0.02325487
v 0.04320329 0.00548350 -0.00034578
v 0.03326477 0.00415351 -0.02325487
v 0.04149269 0.01736083 -0.00029322
v 0.04149269 0.01736083 -0.00029322
v 0.03326477 0.00415351 -0.02325487
v 0.03155417 0.01603085 -0.02320230
v 0.04149269 0.01736083 -0.00029322
v 0.03155417 0.01603085 -0.02320230
v 0.00163931 0.01160346 0.00368146
v 0.03326477 0.00415351 -0.02325487
v 0.00334991 -0.00027388 0.00362889
v 0.01189980 0.00113242 -0.03589527
v 0.03326477 0.00415351 -0.02325487
v 0.01189980 0.00113242 -0.03589527
v 0.03155417 0.01603085 -0.02320230
v 0.03155417 0.01603085 -0.02320230
v 0.01189980 0.00113242 -0.03589527
v 0.01018919 0.01300975 -0.03584270
v 0.03155417 0.01603085 -0.02320230
v 0.01018919 0.01300975 -0.03584270
v 0.00163931 0.01160346 0.00368146
v 0.01189980 0.00113242 -0.03589527
v 0.00334991 -0.00027388 0.00362889
v -0.01273095 -0.00242584 -0.03343878
v 0.01189980 0.00113242 -0.03589527
v -0.01273095 -0.00242584 -0.03343878
v 0.01018919 0.01300975 -0.03584270
v 0.01018919 0.01300975 -0.03584270
v -0.01273095 -0.00242584 -0.03343878
v -0.01444155 0.00945150 -0.03338622
v 0.01018919 0.01300975 -0.03584270
v -0.01444155 0.00945150 -0.03338622
v 0.00163931 0.01160346 0.00368146
v -0.01273095 -0.00242584 -0.03343878
v 0.00334991 -0.00027388 0.00362889
v -0.03121935 -0.00516212 -0.01682370
v -0.01273095 -0.00242584 -0.03343878
v -0.03121935 -0.00516212 -0.01682370
v -0.01444155 0.00945150 -0.03338622
v -0.01444155 0.00945150 -0.03338622
v -0.03121935 -0.00516212 -0.01682370
v -0.03292995 0.00671522 -0.01677114
v -0.01444155 0.00945150 -0.03338622
v -0.03292995 0.00671522 -0.01677114
v 0.00163931 0.01160346 0.00368146
v -0.03121935 -0.00516212 -0.01682370
v 0.00334991 -0.00027388 0.00362889
v -0.03650347 -0.00603125 0.00760357
v -0.03121935 -0.00516212 -0.01682370
v -0.03650347 -0.00603125 0.00760357
v -0.03292995 0.00671522 -0.01677114
v -0.03292995 0.00671522 -0.01677114
v -0.03650347 -0.00603125 0.00760357
v -0.03821407 0.00584608 0.00765613
v -0.03292995 0.00671522 -0.01677114
v -0.03821407 0.00584608 0.00765613
v 0.00163931 0.01160346 0.00368146
v -0.03650347 -0.00603125 0.00760357
v 0.00334991 -0.00027388 0.00362889
v -0.02656495 -0.00470127 0.03051265
v -0.03650347 -0.00603125 0.00760357
v -0.02656495 -0.00470127 0.03051265
v -0.03821407 0.00584608 0.00765613
v -0.03821407 0.00584608 0.00765613
v -0.02656495 -0.00470127 0.03051265
v -0.02827556 0.00717607 0.03056522
v -0.03821407 0.00584608 0.00765613
v -0.02827556 0.00717607 0.03056522
v 0.00163931 0.01160346 0.00368146
v -0.02656495 -0.00470127 0.03051265
v 0.00334991 -0.00027388 0.00362889
v -0.00519997 -0.00168017 0.04315305
v -0.02656495 -0.00470127 0.03051265
v -0.00519997 -0.00168017 0.04315305
v -0.02827556 0.00717607 0.03056522
v -0.02827556 0.00717607 0.03056522
v -0.00519997 -0.00168017 0.04315305
v -0.00691058 0.01019717 0.04320562
v -0.02827556 0.00717607 0.03056522
v -0.00691058 0.01019717 0.04320562
v 0.00163931 0.01160346 0.00368146
v -0.00519997 -0.00168017 0.04315305
v 0.00334991 -0.00027388 0.00362889
v 0.01943077 0.00187809 0.04069657
v -0.00519997 -0.00168017 0.04315305
v 0.01943077 0.00187809 0.04069657
v -0.00691058 0.01019717 0.04320562
v -0.00691058 0.01019717 0.04320562
v 0.01943077 0.00187809 0.04069657
v 0.01772016 0.01375542 0.04074913
v -0.00691058 0.01019717 0.04320562
v 0.01772016 0.01375542 0.04074913
v 0.00163931 0.01160346 0.00368146
f 361 362 363
f 364 365 366
f 367 368 369
f 370 371 372
f 373 374 375
f 376 377 378
f 379 380 381
f 382 383 384
f 385 386 387
f 388 389 390
f 391 392 393
f 394 395 396
f 397 398 399
f 400 401 402
f 403 404 405
f 406 407 408
f 409 410 411
f 412 413 414
f 415 416 417
f 418 419 420
f 421 422 423
f 424 425 426
f 427 428 429
f 430 431 432
f 433 434 435
f 436 437 438
f 439 440 441
f 442 443 444
f 445 446 447
f 448 449 450
f 451 452 453
f 454 455 456
f 457 458 459
f 460 461 462
f 463 464 465
f 466 467 468
f 469 470 471
f 472 473 474
f 475 476 477
f 478 479 480

o geometry_34
usemtl material_0
v -0.02711397 0.00945172 0.06555496
v 0.01707296 0.01122575 0.06989452
v -0.02123294 0.00992084 0.09237606
v -0.02711397 0.00945172 0.06555496
v -0.02123294 0.00992084 0.09237606
v -0.02758491 0.02144200 0.06544850
v -0.02758491 0.02144200 0.06544850
v -0.02123294 0.00992084 0.09237606
v -0.02170387 0.02191112 0.09226960
v -0.02758491 0.02144200 0.06544850
v -0.02170387 0.02191112 0.09226960
v 0.01660202 0.02321603 0.06978806
v -0.02123294 0.00992084 0.09237606
v 0.01707296 0.01122575 0.06989452
v -0.00072035 0.01088839 0.11060998
v -0.02123294 0.00992084 0.09237606
v -0.00072035 0.01088839 0.11060998
v -0.02170387 0.02191112 0.09226960
v -0.02170387 0.02191112 0.09226960
v -0.00072035 0.01088839 0.11060998
v -0.00119129 0.02287868 0.11050352
v -0.02170387 0.02191112 0.09226960
v -0.00119129 0.02287868 0.11050352
v 0.01660202 0.02321603 0.06978806
v -0.00072035 0.01088839 0.11060998
v 0.01707296 0.01122575 0.06989452
v 0.02658867 0.01198481 0.11329197
v -0.00072035 0.01088839 0.11060998
v 0.02658867 0.01198481 0.11329197
v -0.00119129 0.02287868 0.11050352
v -0.00119129 0.02287868 0.11050352
v 0.02658867 0.01198481 0.11329197
v 0.02611774 0.02397509 0.11318551
v -0.00119129 0.02287868 0.11050352
v 0.02611774 0.02397509 0.11318551
v 0.01660202 0.02321603 0.06978806
v 0.02658867 0.01198481 0.11329197
v 0.01707296 0.01122575 0.06989452
v 0.05026302 0.01279129 0.09939761
v 0.02658867 0.01198481 0.11329197
v 0.05026302 0.01279129 0.09939761
v 0.02611774 0.02397509 0.11318551
v 0.02611774 0.02397509 0.11318551
v 0.05026302 0.01279129 0.09939761
v 0.04979208 0.02478157 0.09929116
v 0.02611774 0.02397509 0.11318551
v 0.04979208 0.02478157 0.09929116
v 0.01660202 0.02321603 0.06978806
v 0.05026302 0.01279129 0.09939761
v 0.01707296 0.01122575 0.06989452
v 0.06125988 0.01299979 0.07423408
v 0.05026302 0.01279129 0.09939761
v 0.06125988 0.01299979 0.07423408
v 0.04979208 0.02478157 0.09929116
v 0.04979208 0.02478157 0.09929116
v 0.06125988 0.01299979 0.07423408
v 0.06078895 0.02499007 0.07412762
v 0.04979208 0.02478157 0.09929116
v 0.06078895 0.02499007 0.07412762
v 0.01660202 0.02321603 0.06978806
v 0.06125988 0.01299979 0.07423408
v 0.01707296 0.01122575 0.06989452
v 0.05537885 0.01253066 0.04741298
v 0.06125988 0.01299979 0.07423408
v 0.05537885 0.01253066 0.04741298
v 0.06078895 0.02499007 0.07412762
v 0.06078895 0.02499007 0.07412762
v 0.05537885 0.01253066 0.04741298
v 0.05490791 0.02452094 0.04730653
v 0.06078895 0.02499007 0.07412762
v 0.05490791 0.02452094 0.04730653
v 0.01660202 0.02321603 0.06978806
v 0.05537885 0.01253066 0.04741298
v 0.01707296 0.01122575 0.06989452
v 0.03486626 0.01156311 0.02917907
v 0.05537885 0.01253066 0.04741298
v 0.03486626 0.01156311 0.02917907
v 0.05490791 0.02452094 0.04730653
v 0.05490791 0.02452094 0.04730653
v 0.03486626 0.01156311 0.02917907
v 0.03439533 0.02355339 0.02907261
v 0.05490791 0.02452094 0.04730653
v 0.03439533 0.02355339 0.02907261
v 0.01660202 0.02321603 0.06978806
v 0.03486626 0.01156311 0.02917907
v 0.01707296 0.01122575 0.06989452
v 0.00755724 0.01046669 0.02649707
v 0.03486626 0.01156311 0.02917907
v 0.00755724 0.01046669 0.02649707
v 0.03439533 0.02355339 0.02907261
v 0.03439533 0.02355339 0.02907261
v 0.00755724 0.01046669 0.02649707
v 0.00708630 0.02245697 0.02639061
v 0.03439533 0.02355339 0.02907261
v 0.00708630 0.02245697 0.02639061
v 0.01660202 0.02321603 0.06978806
v 0.00755724 0.01046669 0.02649707
v 0.01707296 0.01122575 0.06989452
v -0.01611711 0.00966021 0.04039142
v 0.00755724 0.01046669 0.02649707
v -0.01611711 0.00966021 0.04039142
v 0.00708630 0.02245697 0.02639061
v 0.00708630 0.02245697 0.02639061
v -0.01611711 0.00966021 0.04039142
v -0.01658804 0.02165050 0.04028497
v 0.00708630 0.02245697 0.02639061
v -0.01658804 0.02165050 0.04028497
v 0.01660202 0.02321603 0.06978806
v -0.01611711 0.00966021 0.04039142
v 0.01707296 0.01122575 0.06989452
v -0.02711397 0.00945172 0.06555496
v -0.01611711 0.00966021 0.04039142
v -0.02711397 0.00945172 0.06555496
v -0.01658804 0.02165050 0.04028497
v -0.01658804 0.02165050 0.04028497
v -0.02711397 0.00945172 0.06555496
v -0.02758491 0.02144200 0.06544850
v -0.01658804 0.02165050 0.04028497
v -0.02758491 0.02144200 0.06544850
v 0.01660202 0.02321603 0.06978806
f 481 482 483
f 484 485 486
f 487 488 489
f 490 491 492
f 493 494 495
f 496 497 498
f 499 500 501
f 502 503 504
f 505 506 507
f 508 509 510
f 511 512 513
f 514 515 516
f 517 518 519
f 520 521 522
f 523 524 525
f 526 527 528
f 529 530 531
f 532 533 534
f 535 536 537
f 538 539 540
f 541 542 543
f 544 545 546
f 547 548 549
f 550 551 552
f 553 554 555
f 556 557 558
f 559 560 561
f 562 563 564
f 565 566 567
f 568 569 570
f 571 572 573
f 574 575 576
f 577 578 579
f 580 581 582
f 583 584 585
f 586 587 588
f 589 590 591
f 592 593 594
f 595 596 597
f 598 599 600

o geometry_33
usemtl material_0
v 0.02944232 -0.00253115 0.11128844
v 0.01631666 0.00015439 0.06962037
v 0.05137641 -0.00386020 0.09551282
v 0.02944232 -0.00253115 0.11128844
v 0.05137641 -0.00386020 0.09551282
v 0.03048398 0.00941539 0.11173027
v 0.03048398 0.00941539 0.11173027
v 0.05137641 -0.00386020 0.09551282
v 0.05241807 0.00808633 0.09595466
v 0.03048398 0.00941539 0.11173027
v 0.05241807 0.00808633 0.09595466
v 0.01735832 0.01210092 0.07006221
v 0.05137641 -0.00386020 0.09551282
v 0.01631666 0.00015439 0.06962037
v 0.05991887 -0.00365582 0.06984717
v 0.05137641 -0.00386020 0.09551282
v 0.05991887 -0.00365582 0.06984717
v 0.05241807 0.00808633 0.09595466
v 0.05241807 0.00808633 0.09595466
v 0.05991887 -0.00365582 0.06984717
v 0.06096053 0.00829072 0.07028901
v 0.05241807 0.00808633 0.09595466
v 0.06096053 0.00829072 0.07028901
v 0.01735832 0.01210092 0.07006221
v 0.05991887 -0.00365582 0.06984717
v 0.01631666 0.00015439 0.06962037
v 0.05180677 -0.00199607 0.04409490
v 0.05991887 -0.00365582 0.06984717
v 0.05180677 -0.00199607 0.04409490
v 0.06096053 0.00829072 0.07028901
v 0.06096053 0.00829072 0.07028901
v 0.05180677 -0.00199607 0.04409490
v 0.05284842 0.00995047 0.04453673
v 0.06096053 0.00829072 0.07028901
v 0.05284842 0.00995047 0.04453673
v 0.01735832 0.01210092 0.07006221
v 0.05180677 -0.00199607 0.04409490
v 0.01631666 0.00015439 0.06962037
v 0.03013865 0.00048508 0.02809249
v 0.05180677 -0.00199607 0.04409490
v 0.03013865 0.00048508 0.02809249
v 0.05284842 0.00995047 0.04453673
v 0.05284842 0.00995047 0.04453673
v 0.03013865 0.00048508 0.02809249
v 0.03118031 0.01243162 0.02853432
v 0.05284842 0.00995047 0.04453673
v 0.03118031 0.01243162 0.02853432
v 0.01735832 0.01210092 0.07006221
v 0.03013865 0.00048508 0.02809249
v 0.01631666 0.00015439 0.06962037
v 0.00319100 0.00283992 0.02795232
v 0.03013865 0.00048508 0.02809249
v 0.00319100 0.00283992 0.02795232
v 0.03118031 0.01243162 0.02853432
v 0.03118031 0.01243162 0.02853432
v 0.00319100 0.00283992 0.02795232
v 0.00423266 0.01478646 0.02839415
v 0.03118031 0.01243162 0.02853432
v 0.00423266 0.01478646 0.02839415
v 0.01735832 0.01210092 0.07006221
v 0.00319100 0.00283992 0.02795232
v 0.01631666 0.00015439 0.06962037
v -0.01874310 0.00416898 0.04372793
v 0.00319100 0.00283992 0.02795232
v -0.01874310 0.00416898 0.04372793
v 0.00423266 0.01478646 0.02839415
v 0.00423266 0.01478646 0.02839415
v -0.01874310 0.00416898 0.04372793
v -0.01770144 0.01611551 0.04416976
v 0.00423266 0.01478646 0.02839415
v -0.01770144 0.01611551 0.04416976
v 0.01735832 0.01210092 0.07006221
v -0.01874310 0.00416898 0.04372793
v 0.01631666 0.00015439 0.06962037
v -0.02728556 0.00396459 0.06939358
v -0.01874310 0.00416898 0.04372793
v -0.02728556 0.00396459 0.06939358
v -0.01770144 0.01611551 0.04416976
v -0.01770144 0.01611551 0.04416976
v -0.02728556 0.00396459 0.06939358
v -0.02624390 0.01591113 0.06983541
v -0.01770144 0.01611551 0.04416976
v -0.02624390 0.01591113 0.06983541
v 0.01735832 0.01210092 0.07006221
v -0.02728556 0.00396459 0.06939358
v 0.01631666 0.00015439 0.06962037
v -0.01917345 0.00230484 0.09514585
v -0.02728556 0.00396459 0.06939358
v -0.01917345 0.00230484 0.09514585
v -0.02624390 0.01591113 0.06983541
v -0.02624390 0.01591113 0.06983541
v -0.01917345 0.00230484 0.09514585
v -0.01813179 0.01425138 0.09558769
v -0.02624390 0.01591113 0.06983541
v -0.01813179 0.01425138 0.09558769
v 0.01735832 0.01210092 0.07006221
v -0.01917345 0.00230484 0.09514585
v 0.01631666 0.00015439 0.06962037
v 0.00249467 -0.00017631 0.11114826
v -0.01917345 0.00230484 0.09514585
v 0.00249467 -0.00017631 0.11114826
v -0.01813179 0.01425138 0.09558769
v -0.01813179 0.01425138 0.09558769
v 0.00249467 -0.00017631 0.11114826
v 0.00353633 0.01177023 0.11159009
v -0.01813179 0.01425138 0.09558769
v 0.00353633 0.01177023 0.11159009
v 0.01735832 0.01210092 0.07006221
v 0.00249467 -0.00017631 0.11114826
v 0.01631666 0.00015439 0.06962037
v 0.02944232 -0.00253115 0.11128844
v 0.00249467 -0.00017631 0.11114826
v 0.02944232 -0.00253115 0.11128844
v 0.00353633 0.01177023 0.11159009
v 0.00353633 0.01177023 0.11159009
v 0.02944232 -0.00253115 0.11128844
v 0.03048398 0.00941539 0.11173027
v 0.00353633 0.01177023 0.11159009
v 0.03048398 0.00941539 0.11173027
v 0.01735832 0.01210092 0.07006221
f 601 602 603
f 604 605 606
f 607 608 609
f 610 611 612
f 613 614 615
f 616 617 618
f 619 620 621
f 622 623 624
f 625 626 627
f 628 629 630
f 631 632 633
f 634 635 636
f 637 638 639
f 640 641 642
f 643 644 645
f 646 647 648
f 649 650 651
f 652 653 654
f 655 656 657
f 658 659 660
f 661 662 663
f 664 665 666
f 667 668 669
f 670 671 672
f 673 674 675
f 676 677 678
f 679 680 681
f 682 683 684
f 685 686 687
f 688 689 690
f 691 692 693
f 694 695 696
f 697 698 699
f 700 701 702
f 703 704 705
f 706 707 708
f 709 710 711
f 712 713 714
f 715 716 717
f 718 719 720

o geometry_32
usemtl material_1
v -0.16673538 0.00143057 -0.10287303
v -0.13884930 0.00025675 -0.06801299
v -0.18191060 0.00041626 -0.07984232
v -0.16673538 0.00143057 -0.10287303
v -0.18191060 0.00041626 -0.07984232
v -0.16682062 0.01342098 -0.10240112
v -0.16682062 0.01342098 -0.10240112
v -0.18191060 0.00041626 -0.07984232
v -0.18199582 0.01240667 -0.07937040
v -0.16682062 0.01342098 -0.10240112
v -0.18199582 0.01240667 -0.07937040
v -0.13893452 0.01224717 -0.06754107
v -0.18191060 0.00041626 -0.07984232
v -0.13884930 0.00025675 -0.06801299
v -0.18063787 -0.00065897 -0.05229321
v -0.18191060 0.00041626 -0.07984232
v -0.18063787 -0.00065897 -0.05229321
v -0.18199582 0.01240667 -0.07937040
v -0.18199582 0.01240667 -0.07937040
v -0.18063787 -0.00065897 -0.05229321
v -0.18072309 0.01133144 -0.05182129
v -0.18199582 0.01240667 -0.07937040
v -0.18072309 0.01133144 -0.05182129
v -0.13893452 0.01224717 -0.06754107
v -0.18063787 -0.00065897 -0.05229321
v -0.13884930 0.00025675 -0.06801299
v -0.16340332 -0.00138443 -0.03074852
v -0.18063787 -0.00065897 -0.05229321
v -0.16340332 -0.00138443 -0.03074852
v -0.18072309 0.01133144 -0.05182129
v -0.18072309 0.01133144 -0.05182129
v -0.16340332 -0.00138443 -0.03074852
v -0.16348854 0.01060598 -0.03027660
v -0.18072309 0.01133144 -0.05182129
v -0.16348854 0.01060598 -0.03027660
v -0.13893452 0.01224717 -0.06754107
v -0.16340332 -0.00138443 -0.03074852
v -0.13884930 0.00025675 -0.06801299
v -0.13678996 -0.00148301 -0.02343759
v -0.16340332 -0.00138443 -0.03074852
v -0.13678996 -0.00148301 -0.02343759
v -0.16348854 0.01060598 -0.03027660
v -0.16348854 0.01060598 -0.03027660
v -0.13678996 -0.00148301 -0.02343759
v -0.13687520 0.01050740 -0.02296567
v -0.16348854 0.01060598 -0.03027660
v -0.13687520 0.01050740 -0.02296567
v -0.13893452 0.01224717 -0.06754107
v -0.13678996 -0.00148301 -0.02343759
v -0.13884930 0.00025675 -0.06801299
v -0.11096321 -0.00091706 -0.03315295
v -0.13678996 -0.00148301 -0.02343759
v -0.11096321 -0.00091706 -0.03315295
v -0.13687520 0.01050740 -0.02296567
v -0.13687520 0.01050740 -0.02296567
v -0.11096321 -0.00091706 -0.03315295
v -0.11104844 0.01107335 -0.03268103
v -0.13687520 0.01050740 -0.02296567
v -0.11104844 0.01107335 -0.03268103
v -0.13893452 0.01224717 -0.06754107
v -0.11096321 -0.00091706 -0.03315295
v -0.13884930 0.00025675 -0.06801299
v -0.09578799 0.00009724 -0.05618366
v -0.11096321 -0.00091706 -0.03315295
v -0.09578799 0.00009724 -0.05618366
v -0.11104844 0.01107335 -0.03268103
v -0.11104844 0.01107335 -0.03268103
v -0.09578799 0.00009724 -0.05618366
v -0.09587322 0.01208766 -0.05571174
v -0.11104844 0.01107335 -0.03268103
v -0.09587322 0.01208766 -0.05571174
v -0.13893452 0.01224717 -0.06754107
v -0.09578799 0.00009724 -0.05618366
v -0.13884930 0.00025675 -0.06801299
v -0.09706073 0.00117248 -0.08373278
v -0.09578799 0.00009724 -0.05618366
v -0.09706073 0.00117248 -0.08373278
v -0.09587322 0.01208766 -0.05571174
v -0.09587322 0.01208766 -0.05571174
v -0.09706073 0.00117248 -0.08373278
v -0.09714596 0.01316289 -0.08326086
v -0.09587322 0.01208766 -0.05571174
v -0.09714596 0.01316289 -0.08326086
v -0.13893452 0.01224717 -0.06754107
v -0.09706073 0.00117248 -0.08373278
v -0.13884930 0.00025675 -0.06801299
v -0.11429528 0.00189793 -0.10527746
v -0.09706073 0.00117248 -0.08373278
v -0.11429528 0.00189793 -0.10527746
v -0.09714596 0.01316289 -0.08326086
v -0.09714596 0.01316289 -0.08326086
v -0.11429528 0.00189793 -0.10527746
v -0.11438051 0.01388835 -0.10480554
v -0.09714596 0.01316289 -0.08326086
v -0.11438051 0.01388835 -0.10480554
v -0.13893452 0.01224717 -0.06754107
v -0.11429528 0.00189793 -0.10527746
v -0.13884930 0.00025675 -0.06801299
v -0.14090863 0.00199652 -0.11258839
v -0.11429528 0.00189793 -0.10527746
v -0.14090863 0.00199652 -0.11258839
v -0.11438051 0.01388835 -0.10480554
v -0.11438051 0.01388835 -0.10480554
v -0.14090863 0.00199652 -0.11258839
v -0.14099386 0.01398693 -0.11211647
v -0.11438051 0.01388835 -0.10480554
v -0.14099386 0.01398693 -0.11211647
v -0.13893452 0.01224717 -0.06754107
v -0.14090863 0.00199652 -0.11258839
v -0.13884930 0.00025675 -0.06801299
v -0.16673538 0.00143057 -0.10287303
v -0.14090863 0.00199652 -0.11258839
v -0.16673538 0.00143057 -0.10287303
v -0.14099386 0.01398693 -0.11211647
v -0.14099386 0.01398693 -0.11211647
v -0.16673538 0.00143057 -0.10287303
v -0.16682062 0.01342098 -0.10240112
v -0.14099386 0.01398693 -0.11211647
v -0.16682062 0.01342098 -0.10240112
v -0.13893452 0.01224717 -0.06754107
f 721 722 723
f 724 725 726
f 727 728 729
f 730 731 732
f 733 734 735
f 736 737 738
f 739 740 741
f 742 743 744
f 745 746 747
f 748 749 750
f 751 752 753
f 754 755 756
f 757 758 759
f 760 761 762
f 763 764 765
f 766 767 768
f 769 770 771
f 772 773 774
f 775 776 777
f 778 779 780
f 781 782 783
f 784 785 786
f 787 788 789
f 790 791 792
f 793 794 795
f 796 797 798
f 799 800 801
f 802 803 804
f 805 806 807
f 808 809 810
f 811 812 813
f 814 815 816
f 817 818 819
f 820 821 822
f 823 824 825
f 826 827 828
f 829 830 831
f 832 833 834
f 835 836 837
f 838 839 840

o geometry_31
usemtl material_1
v -0.07971866 -0.00267994 -0.01176955
v -0.04517477 0.01136642 0.00844983
v -0.08677804 0.00416280 0.01253381
v -0.07971866 -0.00267994 -0.01176955
v -0.08677804 0.00416280 0.01253381
v -0.08202206 0.00846465 -0.01557643
v -0.08202206 0.00846465 -0.01557643
v -0.08677804 0.00416280 0.01253381
v -0.08908144 0.01530739 0.00872693
v -0.08202206 0.00846465 -0.01557643
v -0.08908144 0.01530739 0.00872693
v -0.04747816 0.02251101 0.00464294
v -0.08677804 0.00416280 0.01253381
v -0.04517477 0.01136642 0.00844983
v -0.07794639 0.01375708 0.03527723
v -0.08677804 0.00416280 0.01253381
v -0.07794639 0.01375708 0.03527723
v -0.08908144 0.01530739 0.00872693
v -0.08908144 0.01530739 0.00872693
v -0.07794639 0.01375708 0.03527723
v -0.08024979 0.02490167 0.03147034
v -0.08908144 0.01530739 0.00872693
v -0.08024979 0.02490167 0.03147034
v -0.04747816 0.02251101 0.00464294
v -0.07794639 0.01375708 0.03527723
v -0.04517477 0.01136642 0.00844983
v -0.05659709 0.02243820 0.04777348
v -0.07794639 0.01375708 0.03527723
v -0.05659709 0.02243820 0.04777348
v -0.08024979 0.02490167 0.03147034
v -0.08024979 0.02490167 0.03147034
v -0.05659709 0.02243820 0.04777348
v -0.05890048 0.03358280 0.04396660
v -0.08024979 0.02490167 0.03147034
v -0.05890048 0.03358280 0.04396660
v -0.04747816 0.02251101 0.00464294
v -0.05659709 0.02243820 0.04777348
v -0.04517477 0.01136642 0.00844983
v -0.03088485 0.02689028 0.04524944
v -0.05659709 0.02243820 0.04777348
v -0.03088485 0.02689028 0.04524944
v -0.05890048 0.03358280 0.04396660
v -0.05890048 0.03358280 0.04396660
v -0.03088485 0.02689028 0.04524944
v -0.03318824 0.03803488 0.04144256
v -0.05890048 0.03358280 0.04396660
v -0.03318824 0.03803488 0.04144256
v -0.04747816 0.02251101 0.00464294
v -0.03088485 0.02689028 0.04524944
v -0.04517477 0.01136642 0.00844983
v -0.01063087 0.02541277 0.02866920
v -0.03088485 0.02689028 0.04524944
v -0.01063087 0.02541277 0.02866920
v -0.03318824 0.03803488 0.04144256
v -0.03318824 0.03803488 0.04144256
v -0.01063087 0.02541277 0.02866920
v -0.01293426 0.03655737 0.02486232
v -0.03318824 0.03803488 0.04144256
v -0.01293426 0.03655737 0.02486232
v -0.04747816 0.02251101 0.00464294
v -0.01063087 0.02541277 0.02866920
v -0.04517477 0.01136642 0.00844983
v -0.00357148 0.01857003 0.00436585
v -0.01063087 0.02541277 0.02866920
v -0.00357148 0.01857003 0.00436585
v -0.01293426 0.03655737 0.02486232
v -0.01293426 0.03655737 0.02486232
v -0.00357148 0.01857003 0.00436585
v -0.00587488 0.02971463 0.00055896
v -0.01293426 0.03655737 0.02486232
v -0.00587488 0.02971463 0.00055896
v -0.04747816 0.02251101 0.00464294
v -0.00357148 0.01857003 0.00436585
v -0.04517477 0.01136642 0.00844983
v -0.01240314 0.00897576 -0.01837757
v -0.00357148 0.01857003 0.00436585
v -0.01240314 0.00897576 -0.01837757
v -0.00587488 0.02971463 0.00055896
v -0.00587488 0.02971463 0.00055896
v -0.01240314 0.00897576 -0.01837757
v -0.01470653 0.02012035 -0.02218445
v -0.00587488 0.02971463 0.00055896
v -0.01470653 0.02012035 -0.02218445
v -0.04747816 0.02251101 0.00464294
v -0.01240314 0.00897576 -0.01837757
v -0.04517477 0.01136642 0.00844983
v -0.03375244 0.00029463 -0.03087383
v -0.01240314 0.00897576 -0.01837757
v -0.03375244 0.00029463 -0.03087383
v -0.01470653 0.02012035 -0.02218445
v -0.01470653 0.02012035 -0.02218445
v -0.03375244 0.00029463 -0.03087383
v -0.03605583 0.01143923 -0.03468072
v -0.01470653 0.02012035 -0.02218445
v -0.03605583 0.01143923 -0.03468072
v -0.04747816 0.02251101 0.00464294
v -0.03375244 0.00029463 -0.03087383
v -0.04517477 0.01136642 0.00844983
v -0.05946468 -0.00415745 -0.02834979
v -0.03375244 0.00029463 -0.03087383
v -0.05946468 -0.00415745 -0.02834979
v -0.03605583 0.01143923 -0.03468072
v -0.03605583 0.01143923 -0.03468072
v -0.05946468 -0.00415745 -0.02834979
v -0.06176807 0.00698714 -0.03215668
v -0.03605583 0.01143923 -0.03468072
v -0.06176807 0.00698714 -0.03215668
v -0.04747816 0.02251101 0.00464294
v -0.05946468 -0.00415745 -0.02834979
v -0.04517477 0.01136642 0.00844983
v -0.07971866 -0.00267994 -0.01176955
v -0.05946468 -0.00415745 -0.02834979
v -0.07971866 -0.00267994 -0.01176955
v -0.06176807 0.00698714 -0.03215668
v -0.06176807 0.00698714 -0.03215668
v -0.07971866 -0.00267994 -0.01176955
v -0.08202206 0.00846465 -0.01557643
v -0.06176807 0.00698714 -0.03215668
v -0.08202206 0.00846465 -0.01557643
v -0.04747816 0.02251101 0.00464294
f 841 842 843
f 844 845 846
f 847 848 849
f 850 851 852
f 853 854 855
f 856 857 858
f 859 860 861
f 862 863 864
f 865 866 867
f 868 869 870
f 871 872 873
f 874 875 876
f 877 878 879
f 880 881 882
f 883 884 885
f 886 887 888
f 889 890 891
f 892 893 894
f 895 896 897
f 898 899 900
f 901 902 903
f 904 905 906
f 907 908 909
f 910 911 912
f 913 914 915
f 916 917 918
f 919 920 921
f 922 923 924
f 925 926 927
f 928 929 930
f 931 932 933
f 934 935 936
f 937 938 939
f 940 941 942
f 943 944 945
f 946 947 948
f 949 950 951
f 952 953 954
f 955 956 957
f 958 959 960

o geometry_30
usemtl material_0
v -0.02250444 -0.00523985 -0.03169222
v -0.04737503 0.00055835 0.00675843
v -0.04961332 -0.00069939 -0.03932872
v -0.02250444 -0.00523985 -0.03169222
v -0.04961332 -0.00069939 -0.03932872
v -0.02040731 0.00656787 -0.03211631
v -0.02040731 0.00656787 -0.03211631
v -0.04961332 -0.00069939 -0.03932872
v -0.04751619 0.01110833 -0.03975281
v -0.02040731 0.00656787 -0.03211631
v -0.04751619 0.01110833 -0.03975281
v -0.04527789 0.01236606 0.00633434
v -0.04961332 -0.00069939 -0.03932872
v -0.04737503 0.00055835 0.00675843
v -0.07586725 0.00432149 -0.02936150
v -0.04961332 -0.00069939 -0.03932872
v -0.07586725 0.00432149 -0.02936150
v -0.04751619 0.01110833 -0.03975281
v -0.04751619 0.01110833 -0.03975281
v -0.07586725 0.00432149 -0.02936150
v -0.07377011 0.01612920 -0.02978559
v -0.04751619 0.01110833 -0.03975281
v -0.07377011 0.01612920 -0.02978559
v -0.04527789 0.01236606 0.00633434
v -0.07586725 0.00432149 -0.02936150
v -0.04737503 0.00055835 0.00675843
v -0.09123812 0.00790497 -0.00559769
v -0.07586725 0.00432149 -0.02936150
v -0.09123812 0.00790497 -0.00559769
v -0.07377011 0.01612920 -0.02978559
v -0.07377011 0.01612920 -0.02978559
v -0.09123812 0.00790497 -0.00559769
v -0.08914098 0.01971268 -0.00602178
v -0.07377011 0.01612920 -0.02978559
v -0.08914098 0.01971268 -0.00602178
v -0.04527789 0.01236606 0.00633434
v -0.09123812 0.00790497 -0.00559769
v -0.04737503 0.00055835 0.00675843
v -0.08985478 0.00868229 0.02288573
v -0.09123812 0.00790497 -0.00559769
v -0.08985478 0.00868229 0.02288573
v -0.08914098 0.01971268 -0.00602178
v -0.08914098 0.01971268 -0.00602178
v -0.08985478 0.00868229 0.02288573
v -0.08775764 0.02049001 0.02246164
v -0.08914098 0.01971268 -0.00602178
v -0.08775764 0.02049001 0.02246164
v -0.04527789 0.01236606 0.00633434
v -0.08985478 0.00868229 0.02288573
v -0.04737503 0.00055835 0.00675843
v -0.07224561 0.00635654 0.04520908
v -0.08985478 0.00868229 0.02288573
v -0.07224561 0.00635654 0.04520908
v -0.08775764 0.02049001 0.02246164
v -0.08775764 0.02049001 0.02246164
v -0.07224561 0.00635654 0.04520908
v -0.07014848 0.01816426 0.04478499
v -0.08775764 0.02049001 0.02246164
v -0.07014848 0.01816426 0.04478499
v -0.04527789 0.01236606 0.00633434
v -0.07224561 0.00635654 0.04520908
v -0.04737503 0.00055835 0.00675843
v -0.04513673 0.00181608 0.05284558
v -0.07224561 0.00635654 0.04520908
v -0.04513673 0.00181608 0.05284558
v -0.07014848 0.01816426 0.04478499
v -0.07014848 0.01816426 0.04478499
v -0.04513673 0.00181608 0.05284558
v -0.04303960 0.01362380 0.05242149
v -0.07014848 0.01816426 0.04478499
v -0.04303960 0.01362380 0.05242149
v -0.04527789 0.01236606 0.00633434
v -0.04513673 0.00181608 0.05284558
v -0.04737503 0.00055835 0.00675843
v -0.01888281 -0.00320479 0.04287836
v -0.04513673 0.00181608 0.05284558
v -0.01888281 -0.00320479 0.04287836
v -0.04303960 0.01362380 0.05242149
v -0.04303960 0.01362380 0.05242149
v -0.01888281 -0.00320479 0.04287836
v -0.01678567 0.00860292 0.04245427
v -0.04303960 0.01362380 0.05242149
v -0.01678567 0.00860292 0.04245427
v -0.04527789 0.01236606 0.00633434
v -0.01888281 -0.00320479 0.04287836
v -0.04737503 0.00055835 0.00675843
v -0.00351194 -0.00678827 0.01911455
v -0.01888281 -0.00320479 0.04287836
v -0.00351194 -0.00678827 0.01911455
v -0.01678567 0.00860292 0.04245427
v -0.01678567 0.00860292 0.04245427
v -0.00351194 -0.00678827 0.01911455
v -0.00141480 0.00501944 0.01869047
v -0.01678567 0.00860292 0.04245427
v -0.00141480 0.00501944 0.01869047
v -0.04527789 0.01236606 0.00633434
v -0.00351194 -0.00678827 0.01911455
v -0.04737503 0.00055835 0.00675843
v -0.00489528 -0.00756560 -0.00936887
v -0.00351194 -0.00678827 0.01911455
v -0.00489528 -0.00756560 -0.00936887
v -0.00141480 0.00501944 0.01869047
v -0.00141480 0.00501944 0.01869047
v -0.00489528 -0.00756560 -0.00936887
v -0.00279814 0.00424212 -0.00979296
v -0.00141480 0.00501944 0.01869047
v -0.00279814 0.00424212 -0.00979296
v -0.04527789 0.01236606 0.00633434
v -0.00489528 -0.00756560 -0.00936887
v -0.04737503 0.00055835 0.00675843
v -0.02250444 -0.00523985 -0.03169222
v -0.00489528 -0.00756560 -0.00936887
v -0.02250444 -0.00523985 -0.03169222
v -0.00279814 0.00424212 -0.00979296
v -0.00279814 0.00424212 -0.00979296
v -0.02250444 -0.00523985 -0.03169222
v -0.02040731 0.00656787 -0.03211631
v -0.00279814 0.00424212 -0.00979296
v -0.02040731 0.00656787 -0.03211631
v -0.04527789 0.01236606 0.00633434
f 961 962 963
f 964 965 966
f 967 968 969
f 970 971 972
f 973 974 975
f 976 977 978
f 979 980 981
f 982 983 984
f 985 986 987
f 988 989 990
f 991 992 993
f 994 995 996
f 997 998 999
f 1000 1001 1002
f 1003 1004 1005
f 1006 1007 1008
f 1009 1010 1011
f 1012 1013 1014
f 1015 1016 1017
f 1018 1019 1020
f 1021 1022 1023
f 1024 1025 1026
f 1027 1028 1029
f 1030 1031 1032
f 1033 1034 1035
f 1036 1037 1038
f 1039 1040 1041
f 1042 1043 1044
f 1045 1046 1047
f 1048 1049 1050
f 1051 1052 1053
f 1054 1055 1056
f 1057 1058 1059
f 1060 1061 1062
f 1063 1064 1065
f 1066 1067 1068
f 1069 1070 1071
f 1072 1073 1074
f 1075 1076 1077
f 1078 1079 1080

o geometry_29
usemtl material_0
v -0.00376130 0.01072427 0.13115846
v -0.03949049 0.01067945 0.15036474
v -0.02187358 0.01100843 0.11382717
v -0.00376130 0.01072427 0.13115846
v -0.02187358 0.01100843 0.11382717
v -0.00370323 0.02272336 0.13129450
v -0.00370323 0.02272336 0.13129450
v -0.02187358 0.01100843 0.11382717
v -0.02181550 0.02300752 0.11396321
v -0.00370323 0.02272336 0.13129450
v -0.02181550 0.02300752 0.11396321
v -0.03943242 0.02267854 0.15050079
v -0.02187358 0.01100843 0.11382717
v -0.03949049 0.01067945 0.15036474
v -0.04671492 0.01116693 0.11045199
v -0.02187358 0.01100843 0.11382717
v -0.04671492 0.01116693 0.11045199
v -0.02181550 0.02300752 0.11396321
v -0.02181550 0.02300752 0.11396321
v -0.04671492 0.01116693 0.11045199
v -0.04665684 0.02316602 0.11058803
v -0.02181550 0.02300752 0.11396321
v -0.04665684 0.02316602 0.11058803
v -0.03943242 0.02267854 0.15050079
v -0.04671492 0.01116693 0.11045199
v -0.03949049 0.01067945 0.15036474
v -0.06879677 0.01113923 0.12232212
v -0.04671492 0.01116693 0.11045199
v -0.06879677 0.01113923 0.12232212
v -0.04665684 0.02316602 0.11058803
v -0.04665684 0.02316602 0.11058803
v -0.06879677 0.01113923 0.12232212
v -0.06873870 0.02313832 0.12245816
v -0.04665684 0.02316602 0.11058803
v -0.06873870 0.02313832 0.12245816
v -0.03943242 0.02267854 0.15050079
v -0.06879677 0.01113923 0.12232212
v -0.03949049 0.01067945 0.15036474
v -0.07968462 0.01093591 0.14490359
v -0.06879677 0.01113923 0.12232212
v -0.07968462 0.01093591 0.14490359
v -0.06873870 0.02313832 0.12245816
v -0.06873870 0.02313832 0.12245816
v -0.07968462 0.01093591 0.14490359
v -0.07962655 0.02293500 0.14503962
v -0.06873870 0.02313832 0.12245816
v -0.07962655 0.02293500 0.14503962
v -0.03943242 0.02267854 0.15050079
v -0.07968462 0.01093591 0.14490359
v -0.03949049 0.01067945 0.15036474
v -0.07521968 0.01063463 0.16957103
v -0.07968462 0.01093591 0.14490359
v -0.07521968 0.01063463 0.16957103
v -0.07962655 0.02293500 0.14503962
v -0.07962655 0.02293500 0.14503962
v -0.07521968 0.01063463 0.16957103
v -0.07516161 0.02263372 0.16970706
v -0.07962655 0.02293500 0.14503962
v -0.07516161 0.02263372 0.16970706
v -0.03943242 0.02267854 0.15050079
v -0.07521968 0.01063463 0.16957103
v -0.03949049 0.01067945 0.15036474
v -0.05710740 0.01035047 0.18690231
v -0.07521968 0.01063463 0.16957103
v -0.05710740 0.01035047 0.18690231
v -0.07516161 0.02263372 0.16970706
v -0.07516161 0.02263372 0.16970706
v -0.05710740 0.01035047 0.18690231
v -0.05704933 0.02234956 0.18703836
v -0.07516161 0.02263372 0.16970706
v -0.05704933 0.02234956 0.18703836
v -0.03943242 0.02267854 0.15050079
v -0.05710740 0.01035047 0.18690231
v -0.03949049 0.01067945 0.15036474
v -0.03226607 0.01019197 0.19027750
v -0.05710740 0.01035047 0.18690231
v -0.03226607 0.01019197 0.19027750
v -0.05704933 0.02234956 0.18703836
v -0.05704933 0.02234956 0.18703836
v -0.03226607 0.01019197 0.19027750
v -0.03220799 0.02219106 0.19041353
v -0.05704933 0.02234956 0.18703836
v -0.03220799 0.02219106 0.19041353
v -0.03943242 0.02267854 0.15050079
v -0.03226607 0.01019197 0.19027750
v -0.03949049 0.01067945 0.15036474
v -0.01018421 0.01021967 0.17840737
v -0.03226607 0.01019197 0.19027750
v -0.01018421 0.01021967 0.17840737
v -0.03220799 0.02219106 0.19041353
v -0.03220799 0.02219106 0.19041353
v -0.01018421 0.01021967 0.17840737
v -0.01012614 0.02221876 0.17854340
v -0.03220799 0.02219106 0.19041353
v -0.01012614 0.02221876 0.17854340
v -0.03943242 0.02267854 0.15050079
v -0.01018421 0.01021967 0.17840737
v -0.03949049 0.01067945 0.15036474
v 0.00070364 0.01042299 0.15582590
v -0.01018421 0.01021967 0.17840737
v 0.00070364 0.01042299 0.15582590
v -0.01012614 0.02221876 0.17854340
v -0.01012614 0.02221876 0.17854340
v 0.00070364 0.01042299 0.15582590
v 0.00076171 0.02242208 0.15596195
v -0.01012614 0.02221876 0.17854340
v 0.00076171 0.02242208 0.15596195
v -0.03943242 0.02267854 0.15050079
v 0.00070364 0.01042299 0.15582590
v -0.03949049 0.01067945 0.15036474
v -0.00376130 0.01072427 0.13115846
v 0.00070364 0.01042299 0.15582590
v -0.00376130 0.01072427 0.13115846
v 0.00076171 0.02242208 0.15596195
v 0.00076171 0.02242208 0.15596195
v -0.00376130 0.01072427 0.13115846
v -0.00370323 0.02272336 0.13129450
v 0.00076171 0.02242208 0.15596195
v -0.00370323 0.02272336 0.13129450
v -0.03943242 0.02267854 0.15050079
f 1081 1082 1083
f 1084 1085 1086
f 1087 1088 1089
f 1090 1091 1092
f 1093 1094 1095
f 1096 1097 1098
f 1099 1100 1101
f 1102 1103 1104
f 1105 1106 1107
f 1108 1109 1110
f 1111 1112 1113
f 1114 1115 1116
f 1117 1118 1119
f 1120 1121 1122
f 1123 1124 1125
f 1126 1127 1128
f 1129 1130 1131
f 1132 1133 1134
f 1135 1136 1137
f 1138 1139 1140
f 1141 1142 1143
f 1144 1145 1146
f 1147 1148 1149
f 1150 1151 1152
f 1153 1154 1155
f 1156 1157 1158
f 1159 1160 1161
f 1162 1163 1164
f 1165 1166 1167
f 1168 1169 1170
f 1171 1172 1173
f 1174 1175 1176
f 1177 1178 1179
f 1180 1181 1182
f 1183 1184 1185
f 1186 1187 1188
f 1189 1190 1191
f 1192 1193 1194
f 1195 1196 1197
f 1198 1199 1200

o geometry_28
usemtl material_0
v -0.00286565 0.00050325 0.12174985
v -0.03923065 0.00052131 0.15072615
v -0.02681012 -0.00119365 0.10595084
v -0.00286565 0.00050325 0.12174985
v -0.02681012 -0.00119365 0.10595084
v -0.00332726 0.01248000 0.12116308
v -0.00332726 0.01248000 0.12116308
v -0.02681012 -0.00119365 0.10595084
v -0.02727172 0.01078310 0.10536406
v -0.00332726 0.01248000 0.12116308
v -0.02727172 0.01078310 0.10536406
v -0.03969226 0.01249806 0.15013938
v -0.02681012 -0.00119365 0.10595084
v -0.03923065 0.00052131 0.15072615
v -0.05549880 -0.00223550 0.10725448
v -0.02681012 -0.00119365 0.10595084
v -0.05549880 -0.00223550 0.10725448
v -0.02727172 0.01078310 0.10536406
v -0.02727172 0.01078310 0.10536406
v -0.05549880 -0.00223550 0.10725448
v -0.05596041 0.00974125 0.10666770
v -0.02727172 0.01078310 0.10536406
v -0.05596041 0.00974125 0.10666770
v -0.03969226 0.01249806 0.15013938
v -0.05549880 -0.00223550 0.10725448
v -0.03923065 0.00052131 0.15072615
v -0.07797360 -0.00222434 0.12516281
v -0.05549880 -0.00223550 0.10725448
v -0.07797360 -0.00222434 0.12516281
v -0.05596041 0.00974125 0.10666770
v -0.05596041 0.00974125 0.10666770
v -0.07797360 -0.00222434 0.12516281
v -0.07843521 0.00975241 0.12457604
v -0.05596041 0.00974125 0.10666770
v -0.07843521 0.00975241 0.12457604
v -0.03969226 0.01249806 0.15013938
v -0.07797360 -0.00222434 0.12516281
v -0.03923065 0.00052131 0.15072615
v -0.08564992 -0.00116444 0.15283547
v -0.07797360 -0.00222434 0.12516281
v -0.08564992 -0.00116444 0.15283547
v -0.07843521 0.00975241 0.12457604
v -0.07843521 0.00975241 0.12457604
v -0.08564992 -0.00116444 0.15283547
v -0.08611152 0.01081232 0.15224870
v -0.07843521 0.00975241 0.12457604
v -0.08611152 0.01081232 0.15224870
v -0.03969226 0.01249806 0.15013938
v -0.08564992 -0.00116444 0.15283547
v -0.03923065 0.00052131 0.15072615
v -0.07559565 0.00053936 0.17970245
v -0.08564992 -0.00116444 0.15283547
v -0.07559565 0.00053936 0.17970245
v -0.08611152 0.01081232 0.15224870
v -0.08611152 0.01081232 0.15224870
v -0.07559565 0.00053936 0.17970245
v -0.07605726 0.01251612 0.17911568
v -0.08611152 0.01081232 0.15224870
v -0.07605726 0.01251612 0.17911568
v -0.03969226 0.01249806 0.15013938
v -0.07559565 0.00053936 0.17970245
v -0.03923065 0.00052131 0.15072615
v -0.05165119 0.00223627 0.19550146
v -0.07559565 0.00053936 0.17970245
v -0.05165119 0.00223627 0.19550146
v -0.07605726 0.01251612 0.17911568
v -0.07605726 0.01251612 0.17911568
v -0.05165119 0.00223627 0.19550146
v -0.05211279 0.01421302 0.19491468
v -0.07605726 0.01251612 0.17911568
v -0.05211279 0.01421302 0.19491468
v -0.03969226 0.01249806 0.15013938
v -0.05165119 0.00223627 0.19550146
v -0.03923065 0.00052131 0.15072615
v -0.02296250 0.00327811 0.19419783
v -0.05165119 0.00223627 0.19550146
v -0.02296250 0.00327811 0.19419783
v -0.05211279 0.01421302 0.19491468
v -0.05211279 0.01421302 0.19491468
v -0.02296250 0.00327811 0.19419783
v -0.02342411 0.01525487 0.19361106
v -0.05211279 0.01421302 0.19491468
v -0.02342411 0.01525487 0.19361106
v -0.03969226 0.01249806 0.15013938
v -0.02296250 0.00327811 0.19419783
v -0.03923065 0.00052131 0.15072615
v -0.00048769 0.00326695 0.17628948
v -0.02296250 0.00327811 0.19419783
v -0.00048769 0.00326695 0.17628948
v -0.02342411 0.01525487 0.19361106
v -0.02342411 0.01525487 0.19361106
v -0.00048769 0.00326695 0.17628948
v -0.00094930 0.01524371 0.17570272
v -0.02342411 0.01525487 0.19361106
v -0.00094930 0.01524371 0.17570272
v -0.03969226 0.01249806 0.15013938
v -0.00048769 0.00326695 0.17628948
v -0.03923065 0.00052131 0.15072615
v 0.00718862 0.00220705 0.14861682
v -0.00048769 0.00326695 0.17628948
v 0.00718862 0.00220705 0.14861682
v -0.00094930 0.01524371 0.17570272
v -0.00094930 0.01524371 0.17570272
v 0.00718862 0.00220705 0.14861682
v 0.00672701 0.01418380 0.14803004
v -0.00094930 0.01524371 0.17570272
v 0.00672701 0.01418380 0.14803004
v -0.03969226 0.01249806 0.15013938
v 0.00718862 0.00220705 0.14861682
v -0.03923065 0.00052131 0.15072615
v -0.00286565 0.00050325 0.12174985
v 0.00718862 0.00220705 0.14861682
v -0.00286565 0.00050325 0.12174985
v 0.00672701 0.01418380 0.14803004
v 0.00672701 0.01418380 0.14803004
v -0.00286565 0.00050325 0.12174985
v -0.00332726 0.01248000 0.12116308
v 0.00672701 0.01418380 0.14803004
v -0.00332726 0.01248000 0.12116308
v -0.03969226 0.01249806 0.15013938
f 1201 1202 1203
f 1204 1205 1206
f 1207 1208 1209
f 1210 1211 1212
f 1213 1214 1215
f 1216 1217 1218
f 1219 1220 1221
f 1222 1223 1224
f 1225 1226 1227
f 1228 1229 1230
f 1231 1232 1233
f 1234 1235 1236
f 1237 1238 1239
f 1240 1241 1242
f 1243 1244 1245
f 1246 1247 1248
f 1249 1250 1251
f 1252 1253 1254
f 1255 1256 1257
f 1258 1259 1260
f 1261 1262 1263
f 1264 1265 1266
f 1267 1268 1269
f 1270 1271 1272
f 1273 1274 1275
f 1276 1277 1278
f 1279 1280 1281
f 1282 1283 1284
f 1285 1286 1287
f 1288 1289 1290
f 1291 1292 1293
f 1294 1295 1296
f 1297 1298 1299
f 1300 1301 1302
f 1303 1304 1305
f 1306 1307 1308
f 1309 1310 1311
f 1312 1313 1314
f 1315 1316 1317
f 1318 1319 1320

o geometry_27
usemtl material_1
v 0.05011059 0.00793680 0.10266629
v 0.02223785 -0.00025334 0.07587177
v 0.06007421 0.01019127 0.08047977
v 0.05011059 0.00793680 0.10266629
v 0.06007421 0.01019127 0.08047977
v 0.04694588 0.01950937 0.10242102
v 0.04694588 0.01950937 0.10242102
v 0.06007421 0.01019127 0.08047977
v 0.05690951 0.02176385 0.08023450
v 0.04694588 0.01950937 0.10242102
v 0.05690951 0.02176385 0.08023450
v 0.01907315 0.01131924 0.07562649
v 0.06007421 0.01019127 0.08047977
v 0.02223785 -0.00025334 0.07587177
v 0.05558564 0.00845626 0.05653315
v 0.06007421 0.01019127 0.08047977
v 0.05558564 0.00845626 0.05653315
v 0.05690951 0.02176385 0.08023450
v 0.05690951 0.02176385 0.08023450
v 0.05558564 0.00845626 0.05653315
v 0.05242094 0.02002884 0.05628788
v 0.05690951 0.02176385 0.08023450
v 0.05242094 0.02002884 0.05628788
v 0.01907315 0.01131924 0.07562649
v 0.05558564 0.00845626 0.05653315
v 0.02223785 -0.00025334 0.07587177
v 0.03835934 0.00339448 0.03997323
v 0.05558564 0.00845626 0.05653315
v 0.03835934 0.00339448 0.03997323
v 0.05242094 0.02002884 0.05628788
v 0.05242094 0.02002884 0.05628788
v 0.03835934 0.00339448 0.03997323
v 0.03519464 0.01496705 0.03972795
v 0.05242094 0.02002884 0.05628788
v 0.03519464 0.01496705 0.03972795
v 0.01907315 0.01131924 0.07562649
v 0.03835934 0.00339448 0.03997323
v 0.02223785 -0.00025334 0.07587177
v 0.01497518 -0.00306065 0.03712533
v 0.03835934 0.00339448 0.03997323
v 0.01497518 -0.00306065 0.03712533
v 0.03519464 0.01496705 0.03972795
v 0.03519464 0.01496705 0.03972795
v 0.01497518 -0.00306065 0.03712533
v 0.01181048 0.00851193 0.03688005
v 0.03519464 0.01496705 0.03972795
v 0.01181048 0.00851193 0.03688005
v 0.01907315 0.01131924 0.07562649
v 0.01497518 -0.00306065 0.03712533
v 0.02223785 -0.00025334 0.07587177
v -0.00563489 -0.00844348 0.04907725
v 0.01497518 -0.00306065 0.03712533
v -0.00563489 -0.00844348 0.04907725
v 0.01181048 0.00851193 0.03688005
v 0.01181048 0.00851193 0.03688005
v -0.00563489 -0.00844348 0.04907725
v -0.00879959 0.00312910 0.04883197
v 0.01181048 0.00851193 0.03688005
v -0.00879959 0.00312910 0.04883197
v 0.01907315 0.01131924 0.07562649
v -0.00563489 -0.00844348 0.04907725
v 0.02223785 -0.00025334 0.07587177
v -0.01559852 -0.01069795 0.07126376
v -0.00563489 -0.00844348 0.04907725
v -0.01559852 -0.01069795 0.07126376
v -0.00879959 0.00312910 0.04883197
v -0.00879959 0.00312910 0.04883197
v -0.01559852 -0.01069795 0.07126376
v -0.01876322 0.00087462 0.07101849
v -0.00879959 0.00312910 0.04883197
v -0.01876322 0.00087462 0.07101849
v 0.01907315 0.01131924 0.07562649
v -0.01559852 -0.01069795 0.07126376
v 0.02223785 -0.00025334 0.07587177
v -0.01110994 -0.00896294 0.09521038
v -0.01559852 -0.01069795 0.07126376
v -0.01110994 -0.00896294 0.09521038
v -0.01876322 0.00087462 0.07101849
v -0.01876322 0.00087462 0.07101849
v -0.01110994 -0.00896294 0.09521038
v -0.01427464 0.00260964 0.09496511
v -0.01876322 0.00087462 0.07101849
v -0.01427464 0.00260964 0.09496511
v 0.01907315 0.01131924 0.07562649
v -0.01110994 -0.00896294 0.09521038
v 0.02223785 -0.00025334 0.07587177
v 0.00611636 -0.00390116 0.11177031
v -0.01110994 -0.00896294 0.09521038
v 0.00611636 -0.00390116 0.11177031
v -0.01427464 0.00260964 0.09496511
v -0.01427464 0.00260964 0.09496511
v 0.00611636 -0.00390116 0.11177031
v 0.00295166 0.00767142 0.11152503
v -0.01427464 0.00260964 0.09496511
v 0.00295166 0.00767142 0.11152503
v 0.01907315 0.01131924 0.07562649
v 0.00611636 -0.00390116 0.11177031
v 0.02223785 -0.00025334 0.07587177
v 0.02950052 0.00255397 0.11461821
v 0.00611636 -0.00390116 0.11177031
v 0.02950052 0.00255397 0.11461821
v 0.00295166 0.00767142 0.11152503
v 0.00295166 0.00767142 0.11152503
v 0.02950052 0.00255397 0.11461821
v 0.02633582 0.01412654 0.11437293
v 0.00295166 0.00767142 0.11152503
v 0.02633582 0.01412654 0.11437293
v 0.01907315 0.01131924 0.07562649
v 0.02950052 0.00255397 0.11461821
v 0.02223785 -0.00025334 0.07587177
v 0.05011059 0.00793680 0.10266629
v 0.02950052 0.00255397 0.11461821
v 0.05011059 0.00793680 0.10266629
v 0.02633582 0.01412654 0.11437293
v 0.02633582 0.01412654 0.11437293
v 0.05011059 0.00793680 0.10266629
v 0.04694588 0.01950937 0.10242102
v 0.02633582 0.01412654 0.11437293
v 0.04694588 0.01950937 0.10242102
v 0.01907315 0.01131924 0.07562649
f 1321 1322 1323
f 1324 1325 1326
f 1327 1328 1329
f 1330 1331 1332
f 1333 1334 1335
f 1336 1337 1338
f 1339 1340 1341
f 1342 1343 1344
f 1345 1346 1347
f 1348 1349 1350
f 1351 1352 1353
f 1354 1355 1356
f 1357 1358 1359
f 1360 1361 1362
f 1363 1364 1365
f 1366 1367 1368
f 1369 1370 1371
f 1372 1373 1374
f 1375 1376 1377
f 1378 1379 1380
f 1381 1382 1383
f 1384 1385 1386
f 1387 1388 1389
f 1390 1391 1392
f 1393 1394 1395
f 1396 1397 1398
f 1399 1400 1401
f 1402 1403 1404
f 1405 1406 1407
f 1408 1409 1410
f 1411 1412 1413
f 1414 1415 1416
f 1417 1418 1419
f 1420 1421 1422
f 1423 1424 1425
f 1426 1427 1428
f 1429 1430 1431
f 1432 1433 1434
f 1435 1436 1437
f 1438 1439 1440

o geometry_26
usemtl material_1
v 0.16936423 0.00288352 -0.02208970
v 0.20748851 0.01060355 -0.01902340
v 0.17520730 0.00240123 0.00130164
v 0.16936423 0.00288352 -0.02208970
v 0.17520730 0.00240123 0.00130164
v 0.16692287 0.01460166 -0.02123825
v 0.16692287 0.01460166 -0.02123825
v 0.17520730 0.00240123 0.00130164
v 0.17276594 0.01411937 0.00215309
v 0.16692287 0.01460166 -0.02123825
v 0.17276594 0.01411937 0.00215309
v 0.20504715 0.02232169 -0.01817195
v 0.17520730 0.00240123 0.00130164
v 0.20748851 0.01060355 -0.01902340
v 0.19338070 0.00505195 0.01692950
v 0.17520730 0.00240123 0.00130164
v 0.19338070 0.00505195 0.01692950
v 0.17276594 0.01411937 0.00215309
v 0.17276594 0.01411937 0.00215309
v 0.19338070 0.00505195 0.01692950
v 0.19093932 0.01677009 0.01778095
v 0.17276594 0.01411937 0.00215309
v 0.19093932 0.01677009 0.01778095
v 0.20504715 0.02232169 -0.01817195
v 0.19338070 0.00505195 0.01692950
v 0.20748851 0.01060355 -0.01902340
v 0.21694279 0.00982319 0.01882458
v 0.19338070 0.00505195 0.01692950
v 0.21694279 0.00982319 0.01882458
v 0.19093932 0.01677009 0.01778095
v 0.19093932 0.01677009 0.01778095
v 0.21694279 0.00982319 0.01882458
v 0.21450143 0.02154133 0.01967603
v 0.19093932 0.01677009 0.01778095
v 0.21450143 0.02154133 0.01967603
v 0.20504715 0.02232169 -0.01817195
v 0.21694279 0.00982319 0.01882458
v 0.20748851 0.01060355 -0.01902340
v 0.23689368 0.01489251 0.00626302
v 0.21694279 0.00982319 0.01882458
v 0.23689368 0.01489251 0.00626302
v 0.21450143 0.02154133 0.01967603
v 0.21450143 0.02154133 0.01967603
v 0.23689368 0.01489251 0.00626302
v 0.23445232 0.02661064 0.00711447
v 0.21450143 0.02154133 0.01967603
v 0.23445232 0.02661064 0.00711447
v 0.20504715 0.02232169 -0.01817195
v 0.23689368 0.01489251 0.00626302
v 0.20748851 0.01060355 -0.01902340
v 0.24561279 0.01832359 -0.01595710
v 0.23689368 0.01489251 0.00626302
v 0.24561279 0.01832359 -0.01595710
v 0.23445232 0.02661064 0.00711447
v 0.23445232 0.02661064 0.00711447
v 0.24561279 0.01832359 -0.01595710
v 0.24317142 0.03004173 -0.01510565
v 0.23445232 0.02661064 0.00711447
v 0.24317142 0.03004173 -0.01510565
v 0.20504715 0.02232169 -0.01817195
v 0.24561279 0.01832359 -0.01595710
v 0.20748851 0.01060355 -0.01902340
v 0.23976973 0.01880588 -0.03934843
v 0.24561279 0.01832359 -0.01595710
v 0.23976973 0.01880588 -0.03934843
v 0.24317142 0.03004173 -0.01510565
v 0.24317142 0.03004173 -0.01510565
v 0.23976973 0.01880588 -0.03934843
v 0.23732835 0.03052402 -0.03849698
v 0.24317142 0.03004173 -0.01510565
v 0.23732835 0.03052402 -0.03849698
v 0.20504715 0.02232169 -0.01817195
v 0.23976973 0.01880588 -0.03934843
v 0.20748851 0.01060355 -0.01902340
v 0.22159633 0.01615516 -0.05497630
v 0.23976973 0.01880588 -0.03934843
v 0.22159633 0.01615516 -0.05497630
v 0.23732835 0.03052402 -0.03849698
v 0.23732835 0.03052402 -0.03849698
v 0.22159633 0.01615516 -0.05497630
v 0.21915497 0.02787330 -0.05412485
v 0.23732835 0.03052402 -0.03849698
v 0.21915497 0.02787330 -0.05412485
v 0.20504715 0.02232169 -0.01817195
v 0.22159633 0.01615516 -0.05497630
v 0.20748851 0.01060355 -0.01902340
v 0.19803423 0.01138392 -0.05687138
v 0.22159633 0.01615516 -0.05497630
v 0.19803423 0.01138392 -0.05687138
v 0.21915497 0.02787330 -0.05412485
v 0.21915497 0.02787330 -0.05412485
v 0.19803423 0.01138392 -0.05687138
v 0.19559287 0.02310205 -0.05601992
v 0.21915497 0.02787330 -0.05412485
v 0.19559287 0.02310205 -0.05601992
v 0.20504715 0.02232169 -0.01817195
v 0.19803423 0.01138392 -0.05687138
v 0.20748851 0.01060355 -0.01902340
v 0.17808335 0.00631460 -0.04430981
v 0.19803423 0.01138392 -0.05687138
v 0.17808335 0.00631460 -0.04430981
v 0.19559287 0.02310205 -0.05601992
v 0.19559287 0.02310205 -0.05601992
v 0.17808335 0.00631460 -0.04430981
v 0.17564197 0.01803274 -0.04345836
v 0.19559287 0.02310205 -0.05601992
v 0.17564197 0.01803274 -0.04345836
v 0.20504715 0.02232169 -0.01817195
v 0.17808335 0.00631460 -0.04430981
v 0.20748851 0.01060355 -0.01902340
v 0.16936423 0.00288352 -0.02208970
v 0.17808335 0.00631460 -0.04430981
v 0.16936423 0.00288352 -0.02208970
v 0.17564197 0.01803274 -0.04345836
v 0.17564197 0.01803274 -0.04345836
v 0.16936423 0.00288352 -0.02208970
v 0.16692287 0.01460166 -0.02123825
v 0.17564197 0.01803274 -0.04345836
v 0.16692287 0.01460166 -0.02123825
v 0.20504715 0.02232169 -0.01817195
f 1441 1442 1443
f 1444 1445 1446
f 1447 1448 1449
f 1450 1451 1452
f 1453 1454 1455
f 1456 1457 1458
f 1459 1460 1461
f 1462 1463 1464
f 1465 1466 1467
f 1468 1469 1470
f 1471 1472 1473
f 1474 1475 1476
f 1477 1478 1479
f 1480 1481 1482
f 1483 1484 1485
f 1486 1487 1488
f 1489 1490 1491
f 1492 1493 1494
f 1495 1496 1497
f 1498 1499 1500
f 1501 1502 1503
f 1504 1505 1506
f 1507 1508 1509
f 1510 1511 1512
f 1513 1514 1515
f 1516 1517 1518
f 1519 1520 1521
f 1522 1523 1524
f 1525 1526 1527
f 1528 1529 1530
f 1531 1532 1533
f 1534 1535 1536
f 1537 1538 1539
f 1540 1541 1542
f 1543 1544 1545
f 1546 1547 1548
f 1549 1550 1551
f 1552 1553 1554
f 1555 1556 1557
f 1558 1559 1560

o geometry_25
usemtl material_0
v 0.16631062 0.00407979 -0.00322279
v 0.20603310 0.00003178 -0.01758125
v 0.18261117 0.00693180 0.01712076
v 0.16631062 0.00407979 -0.00322279
v 0.18261117 0.00693180 0.01712076
v 0.16678008 0.01589703 -0.00525563
v 0.16678008 0.01589703 -0.00525563
v 0.18261117 0.00693180 0.01712076
v 0.18308063 0.01874904 0.01508792
v 0.16678008 0.01589703 -0.00525563
v 0.18308063 0.01874904 0.01508792
v 0.20650256 0.01184902 -0.01961409
v 0.18261117 0.00693180 0.01712076
v 0.20603310 0.00003178 -0.01758125
v 0.20785810 0.00714824 0.02420932
v 0.18261117 0.00693180 0.01712076
v 0.20785810 0.00714824 0.02420932
v 0.18308063 0.01874904 0.01508792
v 0.18308063 0.01874904 0.01508792
v 0.20785810 0.00714824 0.02420932
v 0.20832755 0.01896548 0.02217648
v 0.18308063 0.01874904 0.01508792
v 0.20832755 0.01896548 0.02217648
v 0.20650256 0.01184902 -0.01961409
v 0.20785810 0.00714824 0.02420932
v 0.20603310 0.00003178 -0.01758125
v 0.23240794 0.00464643 0.01533531
v 0.20785810 0.00714824 0.02420932
v 0.23240794 0.00464643 0.01533531
v 0.20832755 0.01896548 0.02217648
v 0.20832755 0.01896548 0.02217648
v 0.23240794 0.00464643 0.01533531
v 0.23287739 0.01646367 0.01330246
v 0.20832755 0.01896548 0.02217648
v 0.23287739 0.01646367 0.01330246
v 0.20650256 0.01184902 -0.01961409
v 0.23240794 0.00464643 0.01533531
v 0.20603310 0.00003178 -0.01758125
v 0.24688348 0.00038199 -0.00611172
v 0.23240794 0.00464643 0.01533531
v 0.24688348 0.00038199 -0.00611172
v 0.23287739 0.01646367 0.01330246
v 0.23287739 0.01646367 0.01330246
v 0.24688348 0.00038199 -0.00611172
v 0.24735294 0.01219923 -0.00814456
v 0.23287739 0.01646367 0.01330246
v 0.24735294 0.01219923 -0.00814456
v 0.20650256 0.01184902 -0.01961409
v 0.24688348 0.00038199 -0.00611172
v 0.20603310 0.00003178 -0.01758125
v 0.24575557 -0.00401622 -0.03193972
v 0.24688348 0.00038199 -0.00611172
v 0.24575557 -0.00401622 -0.03193972
v 0.24735294 0.01219923 -0.00814456
v 0.24735294 0.01219923 -0.00814456
v 0.24575557 -0.00401622 -0.03193972
v 0.24622503 0.00780102 -0.03397255
v 0.24735294 0.01219923 -0.00814456
v 0.24622503 0.00780102 -0.03397255
v 0.20650256 0.01184902 -0.01961409
v 0.24575557 -0.00401622 -0.03193972
v 0.20603310 0.00003178 -0.01758125
v 0.22945502 -0.00686824 -0.05228326
v 0.24575557 -0.00401622 -0.03193972
v 0.22945502 -0.00686824 -0.05228326
v 0.24622503 0.00780102 -0.03397255
v 0.24622503 0.00780102 -0.03397255
v 0.22945502 -0.00686824 -0.05228326
v 0.22992449 0.00494900 -0.05431611
v 0.24622503 0.00780102 -0.03397255
v 0.22992449 0.00494900 -0.05431611
v 0.20650256 0.01184902 -0.01961409
v 0.22945502 -0.00686824 -0.05228326
v 0.20603310 0.00003178 -0.01758125
v 0.20420811 -0.00708468 -0.05937183
v 0.22945502 -0.00686824 -0.05228326
v 0.20420811 -0.00708468 -0.05937183
v 0.22992449 0.00494900 -0.05431611
v 0.22992449 0.00494900 -0.05431611
v 0.20420811 -0.00708468 -0.05937183
v 0.20467755 0.00473256 -0.06140467
v 0.22992449 0.00494900 -0.05431611
v 0.20467755 0.00473256 -0.06140467
v 0.20650256 0.01184902 -0.01961409
v 0.20420811 -0.00708468 -0.05937183
v 0.20603310 0.00003178 -0.01758125
v 0.17965826 -0.00458287 -0.05049781
v 0.20420811 -0.00708468 -0.05937183
v 0.17965826 -0.00458287 -0.05049781
v 0.20467755 0.00473256 -0.06140467
v 0.20467755 0.00473256 -0.06140467
v 0.17965826 -0.00458287 -0.05049781
v 0.18012771 0.00723437 -0.05253065
v 0.20467755 0.00473256 -0.06140467
v 0.18012771 0.00723437 -0.05253065
v 0.20650256 0.01184902 -0.01961409
v 0.17965826 -0.00458287 -0.05049781
v 0.20603310 0.00003178 -0.01758125
v 0.16518271 -0.00031843 -0.02905078
v 0.17965826 -0.00458287 -0.05049781
v 0.16518271 -0.00031843 -0.02905078
v 0.18012771 0.00723437 -0.05253065
v 0.18012771 0.00723437 -0.05253065
v 0.16518271 -0.00031843 -0.02905078
v 0.16565217 0.01149881 -0.03108363
v 0.18012771 0.00723437 -0.05253065
v 0.16565217 0.01149881 -0.03108363
v 0.20650256 0.01184902 -0.01961409
v 0.16518271 -0.00031843 -0.02905078
v 0.20603310 0.00003178 -0.01758125
v 0.16631062 0.00407979 -0.00322279
v 0.16518271 -0.00031843 -0.02905078
v 0.16631062 0.00407979 -0.00322279
v 0.16565217 0.01149881 -0.03108363
v 0.16565217 0.01149881 -0.03108363
v 0.16631062 0.00407979 -0.00322279
v 0.16678008 0.01589703 -0.00525563
v 0.16565217 0.01149881 -0.03108363
v 0.16678008 0.01589703 -0.00525563
v 0.20650256 0.01184902 -0.01961409
f 1561 1562 1563
f 1564 1565 1566
f 1567 1568 1569
f 1570 1571 1572
f 1573 1574 1575
f 1576 1577 1578
f 1579 1580 1581
f 1582 1583 1584
f 1585 1586 1587
f 1588 1589 1590
f 1591 1592 1593
f 1594 1595 1596
f 1597 1598 1599
f 1600 1601 1602
f 1603 1604 1605
f 1606 1607 1608
f 1609 1610 1611
f 1612 1613 1614
f 1615 1616 1617
f 1618 1619 1620
f 1621 1622 1623
f 1624 1625 1626
f 1627 1628 1629
f 1630 1631 1632
f 1633 1634 1635
f 1636 1637 1638
f 1639 1640 1641
f 1642 1643 1644
f 1645 1646 1647
f 1648 1649 1650
f 1651 1652 1653
f 1654 1655 1656
f 1657 1658 1659
f 1660 1661 1662
f 1663 1664 1665
f 1666 1667 1668
f 1669 1670 1671
f 1672 1673 1674
f 1675 1676 1677
f 1678 1679 1680

o geometry_24
usemtl material_0
v 0.12641452 -0.00295689 0.26161847
v 0.11231906 0.00047263 0.21872242
v 0.14864248 0.00289528 0.24565296
v 0.12641452 -0.00295689 0.26161847
v 0.14864248 0.00289528 0.24565296
v 0.12446029 0.00877697 0.26319873
v 0.12446029 0.00877697 0.26319873
v 0.14864248 0.00289528 0.24565296
v 0.14668824 0.01462915 0.24723323
v 0.12446029 0.00877697 0.26319873
v 0.14668824 0.01462915 0.24723323
v 0.11036482 0.01220650 0.22030269
v 0.14864248 0.00289528 0.24565296
v 0.11231906 0.00047263 0.21872242
v 0.15699612 0.00782209 0.21940091
v 0.14864248 0.00289528 0.24565296
v 0.15699612 0.00782209 0.21940091
v 0.14668824 0.01462915 0.24723323
v 0.14668824 0.01462915 0.24723323
v 0.15699612 0.00782209 0.21940091
v 0.15504187 0.01955596 0.22098118
v 0.14668824 0.01462915 0.24723323
v 0.15504187 0.01955596 0.22098118
v 0.11036482 0.01220650 0.22030269
v 0.15699612 0.00782209 0.21940091
v 0.11231906 0.00047263 0.21872242
v 0.14828463 0.00994165 0.19288969
v 0.15699612 0.00782209 0.21940091
v 0.14828463 0.00994165 0.19288969
v 0.15504187 0.01955596 0.22098118
v 0.15504187 0.01955596 0.22098118
v 0.14828463 0.00994165 0.19288969
v 0.14633039 0.02167552 0.19446997
v 0.15504187 0.01955596 0.22098118
v 0.14633039 0.02167552 0.19446997
v 0.11036482 0.01220650 0.22030269
v 0.14828463 0.00994165 0.19288969
v 0.11231906 0.00047263 0.21872242
v 0.12583552 0.00844437 0.17624570
v 0.14828463 0.00994165 0.19288969
v 0.12583552 0.00844437 0.17624570
v 0.14633039 0.02167552 0.19446997
v 0.14633039 0.02167552 0.19446997
v 0.12583552 0.00844437 0.17624570
v 0.12388128 0.02017824 0.17782599
v 0.14633039 0.02167552 0.19446997
v 0.12388128 0.02017824 0.17782599
v 0.11036482 0.01220650 0.22030269
v 0.12583552 0.00844437 0.17624570
v 0.11231906 0.00047263 0.21872242
v 0.09822358 0.00390215 0.17582637
v 0.12583552 0.00844437 0.17624570
v 0.09822358 0.00390215 0.17582637
v 0.12388128 0.02017824 0.17782599
v 0.12388128 0.02017824 0.17782599
v 0.09822358 0.00390215 0.17582637
v 0.09626934 0.01563602 0.17740665
v 0.12388128 0.02017824 0.17782599
v 0.09626934 0.01563602 0.17740665
v 0.11036482 0.01220650 0.22030269
v 0.09822358 0.00390215 0.17582637
v 0.11231906 0.00047263 0.21872242
v 0.07599563 -0.00195002 0.19179188
v 0.09822358 0.00390215 0.17582637
v 0.07599563 -0.00195002 0.19179188
v 0.09626934 0.01563602 0.17740665
v 0.09626934 0.01563602 0.17740665
v 0.07599563 -0.00195002 0.19179188
v 0.07404140 0.00978385 0.19337215
v 0.09626934 0.01563602 0.17740665
v 0.07404140 0.00978385 0.19337215
v 0.11036482 0.01220650 0.22030269
v 0.07599563 -0.00195002 0.19179188
v 0.11231906 0.00047263 0.21872242
v 0.06764200 -0.00687683 0.21804392
v 0.07599563 -0.00195002 0.19179188
v 0.06764200 -0.00687683 0.21804392
v 0.07404140 0.00978385 0.19337215
v 0.07404140 0.00978385 0.19337215
v 0.06764200 -0.00687683 0.21804392
v 0.06568775 0.00485704 0.21962419
v 0.07404140 0.00978385 0.19337215
v 0.06568775 0.00485704 0.21962419
v 0.11036482 0.01220650 0.22030269
v 0.06764200 -0.00687683 0.21804392
v 0.11231906 0.00047263 0.21872242
v 0.07635348 -0.00899639 0.24455513
v 0.06764200 -0.00687683 0.21804392
v 0.07635348 -0.00899639 0.24455513
v 0.06568775 0.00485704 0.21962419
v 0.06568775 0.00485704 0.21962419
v 0.07635348 -0.00899639 0.24455513
v 0.07439924 0.00273748 0.24613541
v 0.06568775 0.00485704 0.21962419
v 0.07439924 0.00273748 0.24613541
v 0.11036482 0.01220650 0.22030269
v 0.07635348 -0.00899639 0.24455513
v 0.11231906 0.00047263 0.21872242
v 0.09880259 -0.00749911 0.26119912
v 0.07635348 -0.00899639 0.24455513
v 0.09880259 -0.00749911 0.26119912
v 0.07439924 0.00273748 0.24613541
v 0.07439924 0.00273748 0.24613541
v 0.09880259 -0.00749911 0.26119912
v 0.09684835 0.00423476 0.26277938
v 0.07439924 0.00273748 0.24613541
v 0.09684835 0.00423476 0.26277938
v 0.11036482 0.01220650 0.22030269
v 0.09880259 -0.00749911 0.26119912
v 0.11231906 0.00047263 0.21872242
v 0.12641452 -0.00295689 0.26161847
v 0.09880259 -0.00749911 0.26119912
v 0.12641452 -0.00295689 0.26161847
v 0.09684835 0.00423476 0.26277938
v 0.09684835 0.00423476 0.26277938
v 0.12641452 -0.00295689 0.26161847
v 0.12446029 0.00877697 0.26319873
v 0.09684835 0.00423476 0.26277938
v 0.12446029 0.00877697 0.26319873
v 0.11036482 0.01220650 0.22030269
f 1681 1682 1683
f 1684 1685 1686
f 1687 1688 1689
f 1690 1691 1692
f 1693 1694 1695
f 1696 1697 1698
f 1699 1700 1701
f 1702 1703 1704
f 1705 1706 1707
f 1708 1709 1710
f 1711 1712 1713
f 1714 1715 1716
f 1717 1718 1719
f 1720 1721 1722
f 1723 1724 1725
f 1726 1727 1728
f 1729 1730 1731
f 1732 1733 1734
f 1735 1736 1737
f 1738 1739 1740
f 1741 1742 1743
f 1744 1745 1746
f 1747 1748 1749
f 1750 1751 1752
f 1753 1754 1755
f 1756 1757 1758
f 1759 1760 1761
f 1762 1763 1764
f 1765 1766 1767
f 1768 1769 1770
f 1771 1772 1773
f 1774 1775 1776
f 1777 1778 1779
f 1780 1781 1782
f 1783 1784 1785
f 1786 1787 1788
f 1789 1790 1791
f 1792 1793 1794
f 1795 1796 1797
f 1798 1799 1800

o geometry_23
usemtl material_1
v 0.02630257 -0.00185389 -0.10188510
v 0.00089827 0.00092925 -0.14276490
v 0.04463336 -0.00800924 -0.12455425
v 0.02630257 -0.00185389 -0.10188510
v 0.04463336 -0.00800924 -0.12455425
v 0.02906696 0.00978663 -0.10281049
v 0.02906696 0.00978663 -0.10281049
v 0.04463336 -0.00800924 -0.12455425
v 0.04739775 0.00363128 -0.12547965
v 0.02906696 0.00978663 -0.10281049
v 0.04739775 0.00363128 -0.12547965
v 0.00366266 0.01256978 -0.14369030
v 0.04463336 -0.00800924 -0.12455425
v 0.00089827 0.00092925 -0.14276490
v 0.04625883 -0.01075039 -0.15417926
v 0.04463336 -0.00800924 -0.12455425
v 0.04625883 -0.01075039 -0.15417926
v 0.04739775 0.00363128 -0.12547965
v 0.04739775 0.00363128 -0.12547965
v 0.04625883 -0.01075039 -0.15417926
v 0.04902322 0.00089014 -0.15510465
v 0.04739775 0.00363128 -0.12547965
v 0.04902322 0.00089014 -0.15510465
v 0.00366266 0.01256978 -0.14369030
v 0.04625883 -0.01075039 -0.15417926
v 0.00089827 0.00092925 -0.14276490
v 0.03055811 -0.00903031 -0.17944436
v 0.04625883 -0.01075039 -0.15417926
v 0.03055811 -0.00903031 -0.17944436
v 0.04902322 0.00089014 -0.15510465
v 0.04902322 0.00089014 -0.15510465
v 0.03055811 -0.00903031 -0.17944436
v 0.03332250 0.00261021 -0.18036976
v 0.04902322 0.00089014 -0.15510465
v 0.03332250 0.00261021 -0.18036976
v 0.00366266 0.01256978 -0.14369030
v 0.03055811 -0.00903031 -0.17944436
v 0.00089827 0.00092925 -0.14276490
v 0.00352834 -0.00350602 -0.19069916
v 0.03055811 -0.00903031 -0.17944436
v 0.00352834 -0.00350602 -0.19069916
v 0.03332250 0.00261021 -0.18036976
v 0.03332250 0.00261021 -0.18036976
v 0.00352834 -0.00350602 -0.19069916
v 0.00629273 0.00813450 -0.19162457
v 0.03332250 0.00261021 -0.18036976
v 0.00629273 0.00813450 -0.19162457
v 0.00366266 0.01256978 -0.14369030
v 0.00352834 -0.00350602 -0.19069916
v 0.00089827 0.00092925 -0.14276490
v -0.02450603 0.00371240 -0.18364470
v 0.00352834 -0.00350602 -0.19069916
v -0.02450603 0.00371240 -0.18364470
v 0.00629273 0.00813450 -0.19162457
v 0.00629273 0.00813450 -0.19162457
v -0.02450603 0.00371240 -0.18364470
v -0.02174164 0.01535292 -0.18457010
v 0.00629273 0.00813450 -0.19162457
v -0.02174164 0.01535292 -0.18457010
v 0.00366266 0.01256978 -0.14369030
v -0.02450603 0.00371240 -0.18364470
v 0.00089827 0.00092925 -0.14276490
v -0.04283683 0.00986774 -0.16097555
v -0.02450603 0.00371240 -0.18364470
v -0.04283683 0.00986774 -0.16097555
v -0.02174164 0.01535292 -0.18457010
v -0.02174164 0.01535292 -0.18457010
v -0.04283683 0.00986774 -0.16097555
v -0.04007243 0.02150827 -0.16190094
v -0.02174164 0.01535292 -0.18457010
v -0.04007243 0.02150827 -0.16190094
v 0.00366266 0.01256978 -0.14369030
v -0.04283683 0.00986774 -0.16097555
v 0.00089827 0.00092925 -0.14276490
v -0.04446230 0.01260889 -0.13135053
v -0.04283683 0.00986774 -0.16097555
v -0.04446230 0.01260889 -0.13135053
v -0.04007243 0.02150827 -0.16190094
v -0.04007243 0.02150827 -0.16190094
v -0.04446230 0.01260889 -0.13135053
v -0.04169791 0.02424942 -0.13227594
v -0.04007243 0.02150827 -0.16190094
v -0.04169791 0.02424942 -0.13227594
v 0.00366266 0.01256978 -0.14369030
v -0.04446230 0.01260889 -0.13135053
v 0.00089827 0.00092925 -0.14276490
v -0.02876158 0.01088881 -0.10608543
v -0.04446230 0.01260889 -0.13135053
v -0.02876158 0.01088881 -0.10608543
v -0.04169791 0.02424942 -0.13227594
v -0.04169791 0.02424942 -0.13227594
v -0.02876158 0.01088881 -0.10608543
v -0.02599719 0.02252934 -0.10701083
v -0.04169791 0.02424942 -0.13227594
v -0.02599719 0.02252934 -0.10701083
v 0.00366266 0.01256978 -0.14369030
v -0.02876158 0.01088881 -0.10608543
v 0.00089827 0.00092925 -0.14276490
v -0.00173180 0.00536452 -0.09483063
v -0.02876158 0.01088881 -0.10608543
v -0.00173180 0.00536452 -0.09483063
v -0.02599719 0.02252934 -0.10701083
v -0.02599719 0.02252934 -0.10701083
v -0.00173180 0.00536452 -0.09483063
v 0.00103259 0.01700505 -0.09575603
v -0.02599719 0.02252934 -0.10701083
v 0.00103259 0.01700505 -0.09575603
v 0.00366266 0.01256978 -0.14369030
v -0.00173180 0.00536452 -0.09483063
v 0.00089827 0.00092925 -0.14276490
v 0.02630257 -0.00185389 -0.10188510
v -0.00173180 0.00536452 -0.09483063
v 0.02630257 -0.00185389 -0.10188510
v 0.00103259 0.01700505 -0.09575603
v 0.00103259 0.01700505 -0.09575603
v 0.02630257 -0.00185389 -0.10188510
v 0.02906696 0.00978663 -0.10281049
v 0.00103259 0.01700505 -0.09575603
v 0.02906696 0.00978663 -0.10281049
v 0.00366266 0.01256978 -0.14369030
f 1801 1802 1803
f 1804 1805 1806
f 1807 1808 1809
f 1810 1811 1812
f 1813 1814 1815
f 1816 1817 1818
f 1819 1820 1821
f 1822 1823 1824
f 1825 1826 1827
f 1828 1829 1830
f 1831 1832 1833
f 1834 1835 1836
f 1837 1838 1839
f 1840 1841 1842
f 1843 1844 1845
f 1846 1847 1848
f 1849 1850 1851
f 1852 1853 1854
f 1855 1856 1857
f 1858 1859 1860
f 1861 1862 1863
f 1864 1865 1866
f 1867 1868 1869
f 1870 1871 1872
f 1873 1874 1875
f 1876 1877 1878
f 1879 1880 1881
f 1882 1883 1884
f 1885 1886 1887
f 1888 1889 1890
f 1891 1892 1893
f 1894 1895 1896
f 1897 1898 1899
f 1900 1901 1902
f 1903 1904 1905
f 1906 1907 1908
f 1909 1910 1911
f 1912 1913 1914
f 1915 1916 1917
f 1918 1919 1920

o geometry_22
usemtl material_1
v -0.01875517 0.01321380 0.06619801
v -0.06564125 0.01158398 0.06831901
v -0.02891437 0.01170579 0.03905160
v -0.01875517 0.01321380 0.06619801
v -0.02891437 0.01170579 0.03905160
v -0.01919433 0.02519528 0.06569677
v -0.01919433 0.02519528 0.06569677
v -0.02891437 0.01170579 0.03905160
v -0.02935353 0.02368727 0.03855037
v -0.01919433 0.02519528 0.06569677
v -0.02935353 0.02368727 0.03855037
v -0.06608041 0.02356547 0.06781778
v -0.02891437 0.01170579 0.03905160
v -0.06564125 0.01158398 0.06831901
v -0.05310199 0.01015125 0.02308435
v -0.02891437 0.01170579 0.03905160
v -0.05310199 0.01015125 0.02308435
v -0.02935353 0.02368727 0.03855037
v -0.02935353 0.02368727 0.03855037
v -0.05310199 0.01015125 0.02308435
v -0.05354116 0.02213273 0.02258312
v -0.02935353 0.02368727 0.03855037
v -0.05354116 0.02213273 0.02258312
v -0.06608041 0.02356547 0.06781778
v -0.05310199 0.01015125 0.02308435
v -0.06564125 0.01158398 0.06831901
v -0.08207919 0.00914397 0.02439521
v -0.05310199 0.01015125 0.02308435
v -0.08207919 0.00914397 0.02439521
v -0.05354116 0.02213273 0.02258312
v -0.05354116 0.02213273 0.02258312
v -0.08207919 0.00914397 0.02439521
v -0.08251835 0.02112545 0.02389397
v -0.05354116 0.02213273 0.02258312
v -0.08251835 0.02112545 0.02389397
v -0.06608041 0.02356547 0.06781778
v -0.08207919 0.00914397 0.02439521
v -0.06564125 0.01158398 0.06831901
v -0.10477765 0.00906869 0.04248346
v -0.08207919 0.00914397 0.02439521
v -0.10477765 0.00906869 0.04248346
v -0.08251835 0.02112545 0.02389397
v -0.08251835 0.02112545 0.02389397
v -0.10477765 0.00906869 0.04248346
v -0.10521682 0.02105017 0.04198223
v -0.08251835 0.02112545 0.02389397
v -0.10521682 0.02105017 0.04198223
v -0.06608041 0.02356547 0.06781778
v -0.10477765 0.00906869 0.04248346
v -0.06564125 0.01158398 0.06831901
v -0.11252734 0.00995417 0.07044002
v -0.10477765 0.00906869 0.04248346
v -0.11252734 0.00995417 0.07044002
v -0.10521682 0.02105017 0.04198223
v -0.10521682 0.02105017 0.04198223
v -0.11252734 0.00995417 0.07044002
v -0.11296650 0.02193565 0.06993879
v -0.10521682 0.02105017 0.04198223
v -0.11296650 0.02193565 0.06993879
v -0.06608041 0.02356547 0.06781778
v -0.11252734 0.00995417 0.07044002
v -0.06564125 0.01158398 0.06831901
v -0.10236813 0.01146218 0.09758642
v -0.11252734 0.00995417 0.07044002
v -0.10236813 0.01146218 0.09758642
v -0.11296650 0.02193565 0.06993879
v -0.11296650 0.02193565 0.06993879
v -0.10236813 0.01146218 0.09758642
v -0.10280730 0.02344367 0.09708519
v -0.11296650 0.02193565 0.06993879
v -0.10280730 0.02344367 0.09708519
v -0.06608041 0.02356547 0.06781778
v -0.10236813 0.01146218 0.09758642
v -0.06564125 0.01158398 0.06831901
v -0.07818051 0.01301672 0.11355367
v -0.10236813 0.01146218 0.09758642
v -0.07818051 0.01301672 0.11355367
v -0.10280730 0.02344367 0.09708519
v -0.10280730 0.02344367 0.09708519
v -0.07818051 0.01301672 0.11355367
v -0.07861967 0.02499820 0.11305244
v -0.10280730 0.02344367 0.09708519
v -0.07861967 0.02499820 0.11305244
v -0.06608041 0.02356547 0.06781778
v -0.07818051 0.01301672 0.11355367
v -0.06564125 0.01158398 0.06831901
v -0.04920331 0.01402400 0.11224282
v -0.07818051 0.01301672 0.11355367
v -0.04920331 0.01402400 0.11224282
v -0.07861967 0.02499820 0.11305244
v -0.07861967 0.02499820 0.11305244
v -0.04920331 0.01402400 0.11224282
v -0.04964248 0.02600548 0.11174158
v -0.07861967 0.02499820 0.11305244
v -0.04964248 0.02600548 0.11174158
v -0.06608041 0.02356547 0.06781778
v -0.04920331 0.01402400 0.11224282
v -0.06564125 0.01158398 0.06831901
v -0.02650485 0.01409928 0.09415456
v -0.04920331 0.01402400 0.11224282
v -0.02650485 0.01409928 0.09415456
v -0.04964248 0.02600548 0.11174158
v -0.04964248 0.02600548 0.11174158
v -0.02650485 0.01409928 0.09415456
v -0.02694402 0.02608076 0.09365333
v -0.04964248 0.02600548 0.11174158
v -0.02694402 0.02608076 0.09365333
v -0.06608041 0.02356547 0.06781778
v -0.02650485 0.01409928 0.09415456
v -0.06564125 0.01158398 0.06831901
v -0.01875517 0.01321380 0.06619801
v -0.02650485 0.01409928 0.09415456
v -0.01875517 0.01321380 0.06619801
v -0.02694402 0.02608076 0.09365333
v -0.02694402 0.02608076 0.09365333
v -0.01875517 0.01321380 0.06619801
v -0.01919433 0.02519528 0.06569677
v -0.02694402 0.02608076 0.09365333
v -0.01919433 0.02519528 0.06569677
v -0.06608041 0.02356547 0.06781778
f 1921 1922 1923
f 1924 1925 1926
f 1927 1928 1929
f 1930 1931 1932
f 1933 1934 1935
f 1936 1937 1938
f 1939 1940 1941
f 1942 1943 1944
f 1945 1946 1947
f 1948 1949 1950
f 1951 1952 1953
f 1954 1955 1956
f 1957 1958 1959
f 1960 1961 1962
f 1963 1964 1965
f 1966 1967 1968
f 1969 1970 1971
f 1972 1973 1974
f 1975 1976 1977
f 1978 1979 1980
f 1981 1982 1983
f 1984 1985 1986
f 1987 1988 1989
f 1990 1991 1992
f 1993 1994 1995
f 1996 1997 1998
f 1999 2000 2001
f 2002 2003 2004
f 2005 2006 2007
f 2008 2009 2010
f 2011 2012 2013
f 2014 2015 2016
f 2017 2018 2019
f 2020 2021 2022
f 2023 2024 2025
f 2026 2027 2028
f 2029 2030 2031
f 2032 2033 2034
f 2035 2036 2037
f 2038 2039 2040

o geometry_21
usemtl material_0
v -0.05584630 0.00274137 0.02881908
v -0.06551101 -0.00035426 0.06767926
v -0.08056451 0.00118685 0.03047549
v -0.05584630 0.00274137 0.02881908
v -0.08056451 0.00118685 0.03047549
v -0.05654595 0.01469565 0.02959736
v -0.05654595 0.01469565 0.02959736
v -0.08056451 0.00118685 0.03047549
v -0.08126416 0.01314113 0.03125377
v -0.05654595 0.01469565 0.02959736
v -0.08126416 0.01314113 0.03125377
v -0.06621066 0.01160002 0.06845754
v -0.08056451 0.00118685 0.03047549
v -0.06551101 -0.00035426 0.06767926
v -0.09953281 -0.00095633 0.04634248
v -0.08056451 0.00118685 0.03047549
v -0.09953281 -0.00095633 0.04634248
v -0.08126416 0.01314113 0.03125377
v -0.08126416 0.01314113 0.03125377
v -0.09953281 -0.00095633 0.04634248
v -0.10023245 0.01099795 0.04712076
v -0.08126416 0.01314113 0.03125377
v -0.10023245 0.01099795 0.04712076
v -0.06621066 0.01160002 0.06845754
v -0.09953281 -0.00095633 0.04634248
v -0.06551101 -0.00035426 0.06767926
v -0.10550592 -0.00286953 0.07035939
v -0.09953281 -0.00095633 0.04634248
v -0.10550592 -0.00286953 0.07035939
v -0.10023245 0.01099795 0.04712076
v -0.10023245 0.01099795 0.04712076
v -0.10550592 -0.00286953 0.07035939
v -0.10620558 0.00908475 0.07113767
v -0.10023245 0.01099795 0.04712076
v -0.10620558 0.00908475 0.07113767
v -0.06621066 0.01160002 0.06845754
v -0.10550592 -0.00286953 0.07035939
v -0.06551101 -0.00035426 0.06767926
v -0.09620234 -0.00382199 0.09335258
v -0.10550592 -0.00286953 0.07035939
v -0.09620234 -0.00382199 0.09335258
v -0.10620558 0.00908475 0.07113767
v -0.10620558 0.00908475 0.07113767
v -0.09620234 -0.00382199 0.09335258
v -0.09690200 0.00813229 0.09413086
v -0.10620558 0.00908475 0.07113767
v -0.09690200 0.00813229 0.09413086
v -0.06621066 0.01160002 0.06845754
v -0.09620234 -0.00382199 0.09335258
v -0.06551101 -0.00035426 0.06767926
v -0.07517572 -0.00344989 0.10653943
v -0.09620234 -0.00382199 0.09335258
v -0.07517572 -0.00344989 0.10653943
v -0.09690200 0.00813229 0.09413086
v -0.09690200 0.00813229 0.09413086
v -0.07517572 -0.00344989 0.10653943
v -0.07587537 0.00850439 0.10731771
v -0.09690200 0.00813229 0.09413086
v -0.07587537 0.00850439 0.10731771
v -0.06621066 0.01160002 0.06845754
v -0.07517572 -0.00344989 0.10653943
v -0.06551101 -0.00035426 0.06767926
v -0.05045751 -0.00189536 0.10488302
v -0.07517572 -0.00344989 0.10653943
v -0.05045751 -0.00189536 0.10488302
v -0.07587537 0.00850439 0.10731771
v -0.07587537 0.00850439 0.10731771
v -0.05045751 -0.00189536 0.10488302
v -0.05115715 0.01005892 0.10566130
v -0.07587537 0.00850439 0.10731771
v -0.05115715 0.01005892 0.10566130
v -0.06621066 0.01160002 0.06845754
v -0.05045751 -0.00189536 0.10488302
v -0.06551101 -0.00035426 0.06767926
v -0.03148922 0.00024781 0.08901603
v -0.05045751 -0.00189536 0.10488302
v -0.03148922 0.00024781 0.08901603
v -0.05115715 0.01005892 0.10566130
v -0.05115715 0.01005892 0.10566130
v -0.03148922 0.00024781 0.08901603
v -0.03218887 0.01220209 0.08979431
v -0.05115715 0.01005892 0.10566130
v -0.03218887 0.01220209 0.08979431
v -0.06621066 0.01160002 0.06845754
v -0.03148922 0.00024781 0.08901603
v -0.06551101 -0.00035426 0.06767926
v -0.02551610 0.00216102 0.06499912
v -0.03148922 0.00024781 0.08901603
v -0.02551610 0.00216102 0.06499912
v -0.03218887 0.01220209 0.08979431
v -0.03218887 0.01220209 0.08979431
v -0.02551610 0.00216102 0.06499912
v -0.02621575 0.01411530 0.06577740
v -0.03218887 0.01220209 0.08979431
v -0.02621575 0.01411530 0.06577740
v -0.06621066 0.01160002 0.06845754
v -0.02551610 0.00216102 0.06499912
v -0.06551101 -0.00035426 0.06767926
v -0.03481967 0.00311347 0.04200593
v -0.02551610 0.00216102 0.06499912
v -0.03481967 0.00311347 0.04200593
v -0.02621575 0.01411530 0.06577740
v -0.02621575 0.01411530 0.06577740
v -0.03481967 0.00311347 0.04200593
v -0.03551932 0.01506775 0.04278421
v -0.02621575 0.01411530 0.06577740
v -0.03551932 0.01506775 0.04278421
v -0.06621066 0.01160002 0.06845754
v -0.03481967 0.00311347 0.04200593
v -0.06551101 -0.00035426 0.06767926
v -0.05584630 0.00274137 0.02881908
v -0.03481967 0.00311347 0.04200593
v -0.05584630 0.00274137 0.02881908
v -0.03551932 0.01506775 0.04278421
v -0.03551932 0.01506775 0.04278421
v -0.05584630 0.00274137 0.02881908
v -0.05654595 0.01469565 0.02959736
v -0.03551932 0.01506775 0.04278421
v -0.05654595 0.01469565 0.02959736
v -0.06621066 0.01160002 0.06845754
f 2041 2042 2043
f 2044 2045 2046
f 2047 2048 2049
f 2050 2051 2052
f 2053 2054 2055
f 2056 2057 2058
f 2059 2060 2061
f 2062 2063 2064
f 2065 2066 2067
f 2068 2069 2070
f 2071 2072 2073
f 2074 2075 2076
f 2077 2078 2079
f 2080 2081 2082
f 2083 2084 2085
f 2086 2087 2088
f 2089 2090 2091
f 2092 2093 2094
f 2095 2096 2097
f 2098 2099 2100
f 2101 2102 2103
f 2104 2105 2106
f 2107 2108 2109
f 2110 2111 2112
f 2113 2114 2115
f 2116 2117 2118
f 2119 2120 2121
f 2122 2123 2124
f 2125 2126 2127
f 2128 2129 2130
f 2131 2132 2133
f 2134 2135 2136
f 2137 2138 2139
f 2140 2141 2142
f 2143 2144 2145
f 2146 2147 2148
f 2149 2150 2151
f 2152 2153 2154
f 2155 2156 2157
f 2158 2159 2160

o geometry_20
usemtl material_0
v 0.10562377 0.00536824 0.08704967
v 0.06826448 0.01134271 0.11093294
v 0.08411180 0.00411536 0.06972070
v 0.10562377 0.00536824 0.08704967
v 0.08411180 0.00411536 0.06972070
v 0.10637446 0.01721051 0.08526157
v 0.10637446 0.01721051 0.08526157
v 0.08411180 0.00411536 0.06972070
v 0.08486250 0.01595762 0.06793260
v 0.10637446 0.01721051 0.08526157
v 0.08486250 0.01595762 0.06793260
v 0.06901518 0.02318497 0.10914484
v 0.08411180 0.00411536 0.06972070
v 0.06826448 0.01134271 0.11093294
v 0.05654670 0.00562308 0.06813341
v 0.08411180 0.00411536 0.06972070
v 0.05654670 0.00562308 0.06813341
v 0.08486250 0.01595762 0.06793260
v 0.08486250 0.01595762 0.06793260
v 0.05654670 0.00562308 0.06813341
v 0.05729739 0.01746534 0.06634530
v 0.08486250 0.01595762 0.06793260
v 0.05729739 0.01746534 0.06634530
v 0.06901518 0.02318497 0.10914484
v 0.05654670 0.00562308 0.06813341
v 0.06826448 0.01134271 0.11093294
v 0.03345739 0.00931550 0.08289408
v 0.05654670 0.00562308 0.06813341
v 0.03345739 0.00931550 0.08289408
v 0.05729739 0.01746534 0.06634530
v 0.05729739 0.01746534 0.06634530
v 0.03345739 0.00931550 0.08289408
v 0.03420809 0.02115776 0.08110598
v 0.05729739 0.01746534 0.06634530
v 0.03420809 0.02115776 0.08110598
v 0.06901518 0.02318497 0.10914484
v 0.03345739 0.00931550 0.08289408
v 0.06826448 0.01134271 0.11093294
v 0.02366321 0.01378225 0.10836464
v 0.03345739 0.00931550 0.08289408
v 0.02366321 0.01378225 0.10836464
v 0.03420809 0.02115776 0.08110598
v 0.03420809 0.02115776 0.08110598
v 0.02366321 0.01378225 0.10836464
v 0.02441390 0.02562451 0.10657655
v 0.03420809 0.02115776 0.08110598
v 0.02441390 0.02562451 0.10657655
v 0.06901518 0.02318497 0.10914484
v 0.02366321 0.01378225 0.10836464
v 0.06826448 0.01134271 0.11093294
v 0.03090520 0.01731718 0.13481621
v 0.02366321 0.01378225 0.10836464
v 0.03090520 0.01731718 0.13481621
v 0.02441390 0.02562451 0.10657655
v 0.02441390 0.02562451 0.10657655
v 0.03090520 0.01731718 0.13481621
v 0.03165589 0.02915944 0.13302812
v 0.02441390 0.02562451 0.10657655
v 0.03165589 0.02915944 0.13302812
v 0.06901518 0.02318497 0.10914484
v 0.03090520 0.01731718 0.13481621
v 0.06826448 0.01134271 0.11093294
v 0.05241716 0.01857006 0.15214519
v 0.03090520 0.01731718 0.13481621
v 0.05241716 0.01857006 0.15214519
v 0.03165589 0.02915944 0.13302812
v 0.03165589 0.02915944 0.13302812
v 0.05241716 0.01857006 0.15214519
v 0.05316786 0.03041232 0.15035708
v 0.03165589 0.02915944 0.13302812
v 0.05316786 0.03041232 0.15035708
v 0.06901518 0.02318497 0.10914484
v 0.05241716 0.01857006 0.15214519
v 0.06826448 0.01134271 0.11093294
v 0.07998227 0.01706234 0.15373248
v 0.05241716 0.01857006 0.15214519
v 0.07998227 0.01706234 0.15373248
v 0.05316786 0.03041232 0.15035708
v 0.05316786 0.03041232 0.15035708
v 0.07998227 0.01706234 0.15373248
v 0.08073296 0.02890460 0.15194438
v 0.05316786 0.03041232 0.15035708
v 0.08073296 0.02890460 0.15194438
v 0.06901518 0.02318497 0.10914484
v 0.07998227 0.01706234 0.15373248
v 0.06826448 0.01134271 0.11093294
v 0.10307158 0.01336992 0.13897181
v 0.07998227 0.01706234 0.15373248
v 0.10307158 0.01336992 0.13897181
v 0.08073296 0.02890460 0.15194438
v 0.08073296 0.02890460 0.15194438
v 0.10307158 0.01336992 0.13897181
v 0.10382227 0.02521218 0.13718371
v 0.08073296 0.02890460 0.15194438
v 0.10382227 0.02521218 0.13718371
v 0.06901518 0.02318497 0.10914484
v 0.10307158 0.01336992 0.13897181
v 0.06826448 0.01134271 0.11093294
v 0.11286575 0.00890317 0.11350124
v 0.10307158 0.01336992 0.13897181
v 0.11286575 0.00890317 0.11350124
v 0.10382227 0.02521218 0.13718371
v 0.10382227 0.02521218 0.13718371
v 0.11286575 0.00890317 0.11350124
v 0.11361645 0.02074543 0.11171314
v 0.10382227 0.02521218 0.13718371
v 0.11361645 0.02074543 0.11171314
v 0.06901518 0.02318497 0.10914484
v 0.11286575 0.00890317 0.11350124
v 0.06826448 0.01134271 0.11093294
v 0.10562377 0.00536824 0.08704967
v 0.11286575 0.00890317 0.11350124
v 0.10562377 0.00536824 0.08704967
v 0.11361645 0.02074543 0.11171314
v 0.11361645 0.02074543 0.11171314
v 0.10562377 0.00536824 0.08704967
v 0.10637446 0.01721051 0.08526157
v 0.11361645 0.02074543 0.11171314
v 0.10637446 0.01721051 0.08526157
v 0.06901518 0.02318497 0.10914484
f 2161 2162 2163
f 2164 2165 2166
f 2167 2168 2169
f 2170 2171 2172
f 2173 2174 2175
f 2176 2177 2178
f 2179 2180 2181
f 2182 2183 2184
f 2185 2186 2187
f 2188 2189 2190
f 2191 2192 2193
f 2194 2195 2196
f 2197 2198 2199
f 2200 2201 2202
f 2203 2204 2205
f 2206 2207 2208
f 2209 2210 2211
f 2212 2213 2214
f 2215 2216 2217
f 2218 2219 2220
f 2221 2222 2223
f 2224 2225 2226
f 2227 2228 2229
f 2230 2231 2232
f 2233 2234 2235
f 2236 2237 2238
f 2239 2240 2241
f 2242 2243 2244
f 2245 2246 2247
f 2248 2249 2250
f 2251 2252 2253
f 2254 2255 2256
f 2257 2258 2259
f 2260 2261 2262
f 2263 2264 2265
f 2266 2267 2268
f 2269 2270 2271
f 2272 2273 2274
f 2275 2276 2277
f 2278 2279 2280

o geometry_19
usemtl material_0
v 0.03733878 -0.00182276 0.13658063
v 0.06889970 -0.00021149 0.10998414
v 0.05899273 -0.00100724 0.15007503
v 0.03733878 -0.00182276 0.13658063
v 0.05899273 -0.00100724 0.15007503
v 0.03681904 0.01016548 0.13669014
v 0.03681904 0.01016548 0.13669014
v 0.05899273 -0.00100724 0.15007503
v 0.05847299 0.01098100 0.15018454
v 0.03681904 0.01016548 0.13669014
v 0.05847299 0.01098100 0.15018454
v 0.06837996 0.01177675 0.11009365
v 0.05899273 -0.00100724 0.15007503
v 0.06889970 -0.00021149 0.10998414
v 0.08443080 0.00011223 0.14825608
v 0.05899273 -0.00100724 0.15007503
v 0.08443080 0.00011223 0.14825608
v 0.05847299 0.01098100 0.15018454
v 0.05847299 0.01098100 0.15018454
v 0.08443080 0.00011223 0.14825608
v 0.08391106 0.01210047 0.14836559
v 0.05847299 0.01098100 0.15018454
v 0.08391106 0.01210047 0.14836559
v 0.06837996 0.01177675 0.11009365
v 0.08443080 0.00011223 0.14825608
v 0.06889970 -0.00021149 0.10998414
v 0.10393652 0.00110804 0.13181853
v 0.08443080 0.00011223 0.14825608
v 0.10393652 0.00110804 0.13181853
v 0.08391106 0.01210047 0.14836559
v 0.08391106 0.01210047 0.14836559
v 0.10393652 0.00110804 0.13181853
v 0.10341678 0.01309628 0.13192806
v 0.08391106 0.01210047 0.14836559
v 0.10341678 0.01309628 0.13192806
v 0.06837996 0.01177675 0.11009365
v 0.10393652 0.00110804 0.13181853
v 0.06889970 -0.00021149 0.10998414
v 0.11005937 0.00159984 0.10704100
v 0.10393652 0.00110804 0.13181853
v 0.11005937 0.00159984 0.10704100
v 0.10341678 0.01309628 0.13192806
v 0.10341678 0.01309628 0.13192806
v 0.11005937 0.00159984 0.10704100
v 0.10953963 0.01358808 0.10715052
v 0.10341678 0.01309628 0.13192806
v 0.10953963 0.01358808 0.10715052
v 0.06837996 0.01177675 0.11009365
v 0.11005937 0.00159984 0.10704100
v 0.06889970 -0.00021149 0.10998414
v 0.10046062 0.00139978 0.08338764
v 0.11005937 0.00159984 0.10704100
v 0.10046062 0.00139978 0.08338764
v 0.10953963 0.01358808 0.10715052
v 0.10953963 0.01358808 0.10715052
v 0.10046062 0.00139978 0.08338764
v 0.09994088 0.01338802 0.08349716
v 0.10953963 0.01358808 0.10715052
v 0.09994088 0.01338802 0.08349716
v 0.06837996 0.01177675 0.11009365
v 0.10046062 0.00139978 0.08338764
v 0.06889970 -0.00021149 0.10998414
v 0.07880668 0.00058426 0.06989324
v 0.10046062 0.00139978 0.08338764
v 0.07880668 0.00058426 0.06989324
v 0.09994088 0.01338802 0.08349716
v 0.09994088 0.01338802 0.08349716
v 0.07880668 0.00058426 0.06989324
v 0.07828693 0.01257250 0.07000276
v 0.09994088 0.01338802 0.08349716
v 0.07828693 0.01257250 0.07000276
v 0.06837996 0.01177675 0.11009365
v 0.07880668 0.00058426 0.06989324
v 0.06889970 -0.00021149 0.10998414
v 0.05336860 -0.00053521 0.07171220
v 0.07880668 0.00058426 0.06989324
v 0.05336860 -0.00053521 0.07171220
v 0.07828693 0.01257250 0.07000276
v 0.07828693 0.01257250 0.07000276
v 0.05336860 -0.00053521 0.07171220
v 0.05284886 0.01145303 0.07182171
v 0.07828693 0.01257250 0.07000276
v 0.05284886 0.01145303 0.07182171
v 0.06837996 0.01177675 0.11009365
v 0.05336860 -0.00053521 0.07171220
v 0.06889970 -0.00021149 0.10998414
v 0.03386288 -0.00153103 0.08814973
v 0.05336860 -0.00053521 0.07171220
v 0.03386288 -0.00153103 0.08814973
v 0.05284886 0.01145303 0.07182171
v 0.05284886 0.01145303 0.07182171
v 0.03386288 -0.00153103 0.08814973
v 0.03334314 0.01045721 0.08825924
v 0.05284886 0.01145303 0.07182171
v 0.03334314 0.01045721 0.08825924
v 0.06837996 0.01177675 0.11009365
v 0.03386288 -0.00153103 0.08814973
v 0.06889970 -0.00021149 0.10998414
v 0.02774004 -0.00202283 0.11292727
v 0.03386288 -0.00153103 0.08814973
v 0.02774004 -0.00202283 0.11292727
v 0.03334314 0.01045721 0.08825924
v 0.03334314 0.01045721 0.08825924
v 0.02774004 -0.00202283 0.11292727
v 0.02722029 0.00996541 0.11303678
v 0.03334314 0.01045721 0.08825924
v 0.02722029 0.00996541 0.11303678
v 0.06837996 0.01177675 0.11009365
v 0.02774004 -0.00202283 0.11292727
v 0.06889970 -0.00021149 0.10998414
v 0.03733878 -0.00182276 0.13658063
v 0.02774004 -0.00202283 0.11292727
v 0.03733878 -0.00182276 0.13658063
v 0.02722029 0.00996541 0.11303678
v 0.02722029 0.00996541 0.11303678
v 0.03733878 -0.00182276 0.13658063
v 0.03681904 0.01016548 0.13669014
v 0.02722029 0.00996541 0.11303678
v 0.03681904 0.01016548 0.13669014
v 0.06837996 0.01177675 0.11009365
f 2281 2282 2283
f 2284 2285 2286
f 2287 2288 2289
f 2290 2291 2292
f 2293 2294 2295
f 2296 2297 2298
f 2299 2300 2301
f 2302 2303 2304
f 2305 2306 2307
f 2308 2309 2310
f 2311 2312 2313
f 2314 2315 2316
f 2317 2318 2319
f 2320 2321 2322
f 2323 2324 2325
f 2326 2327 2328
f 2329 2330 2331
f 2332 2333 2334
f 2335 2336 2337
f 2338 2339 2340
f 2341 2342 2343
f 2344 2345 2346
f 2347 2348 2349
f 2350 2351 2352
f 2353 2354 2355
f 2356 2357 2358
f 2359 2360 2361
f 2362 2363 2364
f 2365 2366 2367
f 2368 2369 2370
f 2371 2372 2373
f 2374 2375 2376
f 2377 2378 2379
f 2380 2381 2382
f 2383 2384 2385
f 2386 2387 2388
f 2389 2390 2391
f 2392 2393 2394
f 2395 2396 2397
f 2398 2399 2400

o geometry_18
usemtl material_1
v 0.15455081 -0.00406401 0.08208577
v 0.12689932 0.00024288 0.11572281
v 0.12996918 0.00113337 0.07208351
v 0.15455081 -0.00406401 0.08208577
v 0.12996918 0.00113337 0.07208351
v 0.15687433 0.00770197 0.08248931
v 0.15687433 0.00770197 0.08248931
v 0.12996918 0.00113337 0.07208351
v 0.13229270 0.01289936 0.07248706
v 0.15687433 0.00770197 0.08248931
v 0.13229270 0.01289936 0.07248706
v 0.12922284 0.01200886 0.11612636
v 0.12996918 0.00113337 0.07208351
v 0.12689932 0.00024288 0.11572281
v 0.10421497 0.00599062 0.07874998
v 0.12996918 0.00113337 0.07208351
v 0.10421497 0.00599062 0.07874998
v 0.13229270 0.01289936 0.07248706
v 0.13229270 0.01289936 0.07248706
v 0.10421497 0.00599062 0.07874998
v 0.10653850 0.01775660 0.07915353
v 0.13229270 0.01289936 0.07248706
v 0.10653850 0.01775660 0.07915353
v 0.12922284 0.01200886 0.11612636
v 0.10421497 0.00599062 0.07874998
v 0.12689932 0.00024288 0.11572281
v 0.08712541 0.00865242 0.09953883
v 0.10421497 0.00599062 0.07874998
v 0.08712541 0.00865242 0.09953883
v 0.10653850 0.01775660 0.07915353
v 0.10653850 0.01775660 0.07915353
v 0.08712541 0.00865242 0.09953883
v 0.08944893 0.02041841 0.09994237
v 0.10653850 0.01775660 0.07915353
v 0.08944893 0.02041841 0.09994237
v 0.12922284 0.01200886 0.11612636
v 0.08712541 0.00865242 0.09953883
v 0.12689932 0.00024288 0.11572281
v 0.08522812 0.00810207 0.12650940
v 0.08712541 0.00865242 0.09953883
v 0.08522812 0.00810207 0.12650940
v 0.08944893 0.02041841 0.09994237
v 0.08944893 0.02041841 0.09994237
v 0.08522812 0.00810207 0.12650940
v 0.08755164 0.01986805 0.12691294
v 0.08944893 0.02041841 0.09994237
v 0.08755164 0.01986805 0.12691294
v 0.12922284 0.01200886 0.11612636
v 0.08522812 0.00810207 0.12650940
v 0.12689932 0.00024288 0.11572281
v 0.09924781 0.00454977 0.14935985
v 0.08522812 0.00810207 0.12650940
v 0.09924781 0.00454977 0.14935985
v 0.08755164 0.01986805 0.12691294
v 0.08755164 0.01986805 0.12691294
v 0.09924781 0.00454977 0.14935985
v 0.10157133 0.01631575 0.14976341
v 0.08755164 0.01986805 0.12691294
v 0.10157133 0.01631575 0.14976341
v 0.12922284 0.01200886 0.11612636
v 0.09924781 0.00454977 0.14935985
v 0.12689932 0.00024288 0.11572281
v 0.12382943 -0.00064762 0.15936211
v 0.09924781 0.00454977 0.14935985
v 0.12382943 -0.00064762 0.15936211
v 0.10157133 0.01631575 0.14976341
v 0.10157133 0.01631575 0.14976341
v 0.12382943 -0.00064762 0.15936211
v 0.12615296 0.01111837 0.15976566
v 0.10157133 0.01631575 0.14976341
v 0.12615296 0.01111837 0.15976566
v 0.12922284 0.01200886 0.11612636
v 0.12382943 -0.00064762 0.15936211
v 0.12689932 0.00024288 0.11572281
v 0.14958365 -0.00550487 0.15269564
v 0.12382943 -0.00064762 0.15936211
v 0.14958365 -0.00550487 0.15269564
v 0.12615296 0.01111837 0.15976566
v 0.12615296 0.01111837 0.15976566
v 0.14958365 -0.00550487 0.15269564
v 0.15190718 0.00626112 0.15309918
v 0.12615296 0.01111837 0.15976566
v 0.15190718 0.00626112 0.15309918
v 0.12922284 0.01200886 0.11612636
v 0.14958365 -0.00550487 0.15269564
v 0.12689932 0.00024288 0.11572281
v 0.16667321 -0.00816667 0.13190681
v 0.14958365 -0.00550487 0.15269564
v 0.16667321 -0.00816667 0.13190681
v 0.15190718 0.00626112 0.15309918
v 0.15190718 0.00626112 0.15309918
v 0.16667321 -0.00816667 0.13190681
v 0.16899674 0.00359931 0.13231035
v 0.15190718 0.00626112 0.15309918
v 0.16899674 0.00359931 0.13231035
v 0.12922284 0.01200886 0.11612636
v 0.16667321 -0.00816667 0.13190681
v 0.12689932 0.00024288 0.11572281
v 0.16857050 -0.00761631 0.10493623
v 0.16667321 -0.00816667 0.13190681
v 0.16857050 -0.00761631 0.10493623
v 0.16899674 0.00359931 0.13231035
v 0.16899674 0.00359931 0.13231035
v 0.16857050 -0.00761631 0.10493623
v 0.17089403 0.00414967 0.10533978
v 0.16899674 0.00359931 0.13231035
v 0.17089403 0.00414967 0.10533978
v 0.12922284 0.01200886 0.11612636
v 0.16857050 -0.00761631 0.10493623
v 0.12689932 0.00024288 0.11572281
v 0.15455081 -0.00406401 0.08208577
v 0.16857050 -0.00761631 0.10493623
v 0.15455081 -0.00406401 0.08208577
v 0.17089403 0.00414967 0.10533978
v 0.17089403 0.00414967 0.10533978
v 0.15455081 -0.00406401 0.08208577
v 0.15687433 0.00770197 0.08248931
v 0.17089403 0.00414967 0.10533978
v 0.15687433 0.00770197 0.08248931
v 0.12922284 0.01200886 0.11612636
f 2401 2402 2403
f 2404 2405 2406
f 2407 2408 2409
f 2410 2411 2412
f 2413 2414 2415
f 2416 2417 2418
f 2419 2420 2421
f 2422 2423 2424
f 2425 2426 2427
f 2428 2429 2430
f 2431 2432 2433
f 2434 2435 2436
f 2437 2438 2439
f 2440 2441 2442
f 2443 2444 2445
f 2446 2447 2448
f 2449 2450 2451
f 2452 2453 2454
f 2455 2456 2457
f 2458 2459 2460
f 2461 2462 2463
f 2464 2465 2466
f 2467 2468 2469
f 2470 2471 2472
f 2473 2474 2475
f 2476 2477 2478
f 2479 2480 2481
f 2482 2483 2484
f 2485 2486 2487
f 2488 2489 2490
f 2491 2492 2493
f 2494 2495 2496
f 2497 2498 2499
f 2500 2501 2502
f 2503 2504 2505
f 2506 2507 2508
f 2509 2510 2511
f 2512 2513 2514
f 2515 2516 2517
f 2518 2519 2520

o geometry_17
usemtl material_1
v -0.05291912 0.01422061 -0.13446097
v -0.10139676 0.01180357 -0.13507630
v -0.06180156 0.01348121 -0.16310678
v -0.05291912 0.01422061 -0.13446097
v -0.06180156 0.01348121 -0.16310678
v -0.05351507 0.02620515 -0.13458551
v -0.05351507 0.02620515 -0.13458551
v -0.06180156 0.01348121 -0.16310678
v -0.06239751 0.02546576 -0.16323133
v -0.05351507 0.02620515 -0.13458551
v -0.06239751 0.02546576 -0.16323133
v -0.10199272 0.02378812 -0.13520084
v -0.06180156 0.01348121 -0.16310678
v -0.10139676 0.01180357 -0.13507630
v -0.08580802 0.01210102 -0.18104592
v -0.06180156 0.01348121 -0.16310678
v -0.08580802 0.01210102 -0.18104592
v -0.06239751 0.02546576 -0.16323133
v -0.06239751 0.02546576 -0.16323133
v -0.08580802 0.01210102 -0.18104592
v -0.08640398 0.02408556 -0.18117046
v -0.06239751 0.02546576 -0.16323133
v -0.08640398 0.02408556 -0.18117046
v -0.10199272 0.02378812 -0.13520084
v -0.08580802 0.01210102 -0.18104592
v -0.10139676 0.01180357 -0.13507630
v -0.11576886 0.01060721 -0.18142621
v -0.08580802 0.01210102 -0.18104592
v -0.11576886 0.01060721 -0.18142621
v -0.08640398 0.02408556 -0.18117046
v -0.08640398 0.02408556 -0.18117046
v -0.11576886 0.01060721 -0.18142621
v -0.11636481 0.02259175 -0.18155076
v -0.08640398 0.02408556 -0.18117046
v -0.11636481 0.02259175 -0.18155076
v -0.10199272 0.02378812 -0.13520084
v -0.11576886 0.01060721 -0.18142621
v -0.10139676 0.01180357 -0.13507630
v -0.14024004 0.00957037 -0.16410242
v -0.11576886 0.01060721 -0.18142621
v -0.14024004 0.00957037 -0.16410242
v -0.11636481 0.02259175 -0.18155076
v -0.11636481 0.02259175 -0.18155076
v -0.14024004 0.00957037 -0.16410242
v -0.14083599 0.02155492 -0.16422696
v -0.11636481 0.02259175 -0.18155076
v -0.14083599 0.02155492 -0.16422696
v -0.10199272 0.02378812 -0.13520084
v -0.14024004 0.00957037 -0.16410242
v -0.10139676 0.01180357 -0.13507630
v -0.14987440 0.00938654 -0.13569163
v -0.14024004 0.00957037 -0.16410242
v -0.14987440 0.00938654 -0.13569163
v -0.14083599 0.02155492 -0.16422696
v -0.14083599 0.02155492 -0.16422696
v -0.14987440 0.00938654 -0.13569163
v -0.15047036 0.02137109 -0.13581619
v -0.14083599 0.02155492 -0.16422696
v -0.15047036 0.02137109 -0.13581619
v -0.10199272 0.02378812 -0.13520084
v -0.14987440 0.00938654 -0.13569163
v -0.10139676 0.01180357 -0.13507630
v -0.14099197 0.01012594 -0.10704581
v -0.14987440 0.00938654 -0.13569163
v -0.14099197 0.01012594 -0.10704581
v -0.15047036 0.02137109 -0.13581619
v -0.15047036 0.02137109 -0.13581619
v -0.14099197 0.01012594 -0.10704581
v -0.14158791 0.02211048 -0.10717037
v -0.15047036 0.02137109 -0.13581619
v -0.14158791 0.02211048 -0.10717037
v -0.10199272 0.02378812 -0.13520084
v -0.14099197 0.01012594 -0.10704581
v -0.10139676 0.01180357 -0.13507630
v -0.11698550 0.01150613 -0.08910669
v -0.14099197 0.01012594 -0.10704581
v -0.11698550 0.01150613 -0.08910669
v -0.14158791 0.02211048 -0.10717037
v -0.14158791 0.02211048 -0.10717037
v -0.11698550 0.01150613 -0.08910669
v -0.11758146 0.02349068 -0.08923124
v -0.14158791 0.02211048 -0.10717037
v -0.11758146 0.02349068 -0.08923124
v -0.10199272 0.02378812 -0.13520084
v -0.11698550 0.01150613 -0.08910669
v -0.10139676 0.01180357 -0.13507630
v -0.08702467 0.01299994 -0.08872639
v -0.11698550 0.01150613 -0.08910669
v -0.08702467 0.01299994 -0.08872639
v -0.11758146 0.02349068 -0.08923124
v -0.11758146 0.02349068 -0.08923124
v -0.08702467 0.01299994 -0.08872639
v -0.08762062 0.02498448 -0.08885094
v -0.11758146 0.02349068 -0.08923124
v -0.08762062 0.02498448 -0.08885094
v -0.10199272 0.02378812 -0.13520084
v -0.08702467 0.01299994 -0.08872639
v -0.10139676 0.01180357 -0.13507630
v -0.06255349 0.01403678 -0.10605018
v -0.08702467 0.01299994 -0.08872639
v -0.06255349 0.01403678 -0.10605018
v -0.08762062 0.02498448 -0.08885094
v -0.08762062 0.02498448 -0.08885094
v -0.06255349 0.01403678 -0.10605018
v -0.06314944 0.02602132 -0.10617473
v -0.08762062 0.02498448 -0.08885094
v -0.06314944 0.02602132 -0.10617473
v -0.10199272 0.02378812 -0.13520084
v -0.06255349 0.01403678 -0.10605018
v -0.10139676 0.01180357 -0.13507630
v -0.05291912 0.01422061 -0.13446097
v -0.06255349 0.01403678 -0.10605018
v -0.05291912 0.01422061 -0.13446097
v -0.06314944 0.02602132 -0.10617473
v -0.06314944 0.02602132 -0.10617473
v -0.05291912 0.01422061 -0.13446097
v -0.05351507 0.02620515 -0.13458551
v -0.06314944 0.02602132 -0.10617473
v -0.05351507 0.02620515 -0.13458551
v -0.10199272 0.02378812 -0.13520084
f 2521 2522 2523
f 2524 2525 2526
f 2527 2528 2529
f 2530 2531 2532
f 2533 2534 2535
f 2536 2537 2538
f 2539 2540 2541
f 2542 2543 2544
f 2545 2546 2547
f 2548 2549 2550
f 2551 2552 2553
f 2554 2555 2556
f 2557 2558 2559
f 2560 2561 2562
f 2563 2564 2565
f 2566 2567 2568
f 2569 2570 2571
f 2572 2573 2574
f 2575 2576 2577
f 2578 2579 2580
f 2581 2582 2583
f 2584 2585 2586
f 2587 2588 2589
f 2590 2591 2592
f 2593 2594 2595
f 2596 2597 2598
f 2599 2600 2601
f 2602 2603 2604
f 2605 2606 2607
f 2608 2609 2610
f 2611 2612 2613
f 2614 2615 2616
f 2617 2618 2619
f 2620 2621 2622
f 2623 2624 2625
f 2626 2627 2628
f 2629 2630 2631
f 2632 2633 2634
f 2635 2636 2637
f 2638 2639 2640

o geometry_16
usemtl material_0
v -0.10735787 0.01150708 -0.18202810
v -0.10144775 0.00076742 -0.13654667
v -0.13367400 0.00754024 -0.17022794
v -0.10735787 0.01150708 -0.18202810
v -0.13367400 0.00754024 -0.17022794
v -0.10785186 0.02316149 -0.17921191
v -0.10785186 0.02316149 -0.17921191
v -0.13367400 0.00754024 -0.17022794
v -0.13416798 0.01919464 -0.16741176
v -0.10785186 0.02316149 -0.17921191
v -0.13416798 0.01919464 -0.16741176
v -0.10194173 0.01242183 -0.13373049
v -0.13367400 0.00754024 -0.17022794
v -0.10144775 0.00076742 -0.13654667
v -0.14768079 0.00098641 -0.14556268
v -0.13367400 0.00754024 -0.17022794
v -0.14768079 0.00098641 -0.14556268
v -0.13416798 0.01919464 -0.16741176
v -0.13416798 0.01919464 -0.16741176
v -0.14768079 0.00098641 -0.14556268
v -0.14817478 0.01264081 -0.14274651
v -0.13416798 0.01919464 -0.16741176
v -0.14817478 0.01264081 -0.14274651
v -0.10194173 0.01242183 -0.13373049
v -0.14768079 0.00098641 -0.14556268
v -0.10144775 0.00076742 -0.13654667
v -0.14402813 -0.00565107 -0.11745361
v -0.14768079 0.00098641 -0.14556268
v -0.14402813 -0.00565107 -0.11745361
v -0.14817478 0.01264081 -0.14274651
v -0.14817478 0.01264081 -0.14274651
v -0.14402813 -0.00565107 -0.11745361
v -0.14452212 0.00600333 -0.11463743
v -0.14817478 0.01264081 -0.14274651
v -0.14452212 0.00600333 -0.11463743
v -0.10194173 0.01242183 -0.13373049
v -0.14402813 -0.00565107 -0.11745361
v -0.10144775 0.00076742 -0.13654667
v -0.12411121 -0.00983690 -0.09663744
v -0.14402813 -0.00565107 -0.11745361
v -0.12411121 -0.00983690 -0.09663744
v -0.14452212 0.00600333 -0.11463743
v -0.14452212 0.00600333 -0.11463743
v -0.12411121 -0.00983690 -0.09663744
v -0.12460520 0.00181751 -0.09382126
v -0.14452212 0.00600333 -0.11463743
v -0.12460520 0.00181751 -0.09382126
v -0.10194173 0.01242183 -0.13373049
v -0.12411121 -0.00983690 -0.09663744
v -0.10144775 0.00076742 -0.13654667
v -0.09553762 -0.00997224 -0.09106523
v -0.12411121 -0.00983690 -0.09663744
v -0.09553762 -0.00997224 -0.09106523
v -0.12460520 0.00181751 -0.09382126
v -0.12460520 0.00181751 -0.09382126
v -0.09553762 -0.00997224 -0.09106523
v -0.09603161 0.00168217 -0.08824905
v -0.12460520 0.00181751 -0.09382126
v -0.09603161 0.00168217 -0.08824905
v -0.10194173 0.01242183 -0.13373049
v -0.09553762 -0.00997224 -0.09106523
v -0.10144775 0.00076742 -0.13654667
v -0.06922150 -0.00600539 -0.10286538
v -0.09553762 -0.00997224 -0.09106523
v -0.06922150 -0.00600539 -0.10286538
v -0.09603161 0.00168217 -0.08824905
v -0.09603161 0.00168217 -0.08824905
v -0.06922150 -0.00600539 -0.10286538
v -0.06971548 0.00564901 -0.10004921
v -0.09603161 0.00168217 -0.08824905
v -0.06971548 0.00564901 -0.10004921
v -0.10194173 0.01242183 -0.13373049
v -0.06922150 -0.00600539 -0.10286538
v -0.10144775 0.00076742 -0.13654667
v -0.05521470 0.00054844 -0.12753065
v -0.06922150 -0.00600539 -0.10286538
v -0.05521470 0.00054844 -0.12753065
v -0.06971548 0.00564901 -0.10004921
v -0.06971548 0.00564901 -0.10004921
v -0.05521470 0.00054844 -0.12753065
v -0.05570869 0.01220284 -0.12471446
v -0.06971548 0.00564901 -0.10004921
v -0.05570869 0.01220284 -0.12471446
v -0.10194173 0.01242183 -0.13373049
v -0.05521470 0.00054844 -0.12753065
v -0.10144775 0.00076742 -0.13654667
v -0.05886736 0.00718592 -0.15563972
v -0.05521470 0.00054844 -0.12753065
v -0.05886736 0.00718592 -0.15563972
v -0.05570869 0.01220284 -0.12471446
v -0.05570869 0.01220284 -0.12471446
v -0.05886736 0.00718592 -0.15563972
v -0.05936135 0.01884032 -0.15282354
v -0.05570869 0.01220284 -0.12471446
v -0.05936135 0.01884032 -0.15282354
v -0.10194173 0.01242183 -0.13373049
v -0.05886736 0.00718592 -0.15563972
v -0.10144775 0.00076742 -0.13654667
v -0.07878428 0.01137174 -0.17645589
v -0.05886736 0.00718592 -0.15563972
v -0.07878428 0.01137174 -0.17645589
v -0.05936135 0.01884032 -0.15282354
v -0.05936135 0.01884032 -0.15282354
v -0.07878428 0.01137174 -0.17645589
v -0.07927827 0.02302615 -0.17363971
v -0.05936135 0.01884032 -0.15282354
v -0.07927827 0.02302615 -0.17363971
v -0.10194173 0.01242183 -0.13373049
v -0.07878428 0.01137174 -0.17645589
v -0.10144775 0.00076742 -0.13654667
v -0.10735787 0.01150708 -0.18202810
v -0.07878428 0.01137174 -0.17645589
v -0.10735787 0.01150708 -0.18202810
v -0.07927827 0.02302615 -0.17363971
v -0.07927827 0.02302615 -0.17363971
v -0.10735787 0.01150708 -0.18202810
v -0.10785186 0.02316149 -0.17921191
v -0.07927827 0.02302615 -0.17363971
v -0.10785186 0.02316149 -0.17921191
v -0.10194173 0.01242183 -0.13373049
f 2641 2642 2643
f 2644 2645 2646
f 2647 2648 2649
f 2650 2651 2652
f 2653 2654 2655
f 2656 2657 2658
f 2659 2660 2661
f 2662 2663 2664
f 2665 2666 2667
f 2668 2669 2670
f 2671 2672 2673
f 2674 2675 2676
f 2677 2678 2679
f 2680 2681 2682
f 2683 2684 2685
f 2686 2687 2688
f 2689 2690 2691
f 2692 2693 2694
f 2695 2696 2697
f 2698 2699 2700
f 2701 2702 2703
f 2704 2705 2706
f 2707 2708 2709
f 2710 2711 2712
f 2713 2714 2715
f 2716 2717 2718
f 2719 2720 2721
f 2722 2723 2724
f 2725 2726 2727
f 2728 2729 2730
f 2731 2732 2733
f 2734 2735 2736
f 2737 2738 2739
f 2740 2741 2742
f 2743 2744 2745
f 2746 2747 2748
f 2749 2750 2751
f 2752 2753 2754
f 2755 2756 2757
f 2758 2759 2760

o geometry_15
usemtl material_0
v -0.00091061 -0.00736220 -0.12721825
v -0.00380493 0.00099500 -0.08008215
v -0.02877530 -0.01273065 -0.11865830
v -0.00091061 -0.00736220 -0.12721825
v -0.02877530 -0.01273065 -0.11865830
v -0.00379170 0.00407623 -0.12942319
v -0.00379170 0.00407623 -0.12942319
v -0.02877530 -0.01273065 -0.11865830
v -0.03165638 -0.00129222 -0.12086323
v -0.00379170 0.00407623 -0.12942319
v -0.03165638 -0.00129222 -0.12086323
v -0.00668602 0.01243342 -0.08228708
v -0.02877530 -0.01273065 -0.11865830
v -0.00380493 0.00099500 -0.08008215
v -0.04710215 -0.01285636 -0.09536357
v -0.02877530 -0.01273065 -0.11865830
v -0.04710215 -0.01285636 -0.09536357
v -0.03165638 -0.00129222 -0.12086323
v -0.03165638 -0.00129222 -0.12086323
v -0.04710215 -0.01285636 -0.09536357
v -0.04998324 -0.00141794 -0.09756850
v -0.03165638 -0.00129222 -0.12086323
v -0.04998324 -0.00141794 -0.09756850
v -0.00668602 0.01243342 -0.08228708
v -0.04710215 -0.01285636 -0.09536357
v -0.00380493 0.00099500 -0.08008215
v -0.04889095 -0.00769133 -0.06623186
v -0.04710215 -0.01285636 -0.09536357
v -0.04889095 -0.00769133 -0.06623186
v -0.04998324 -0.00141794 -0.09756850
v -0.04998324 -0.00141794 -0.09756850
v -0.04889095 -0.00769133 -0.06623186
v -0.05177204 0.00374709 -0.06843679
v -0.04998324 -0.00141794 -0.09756850
v -0.05177204 0.00374709 -0.06843679
v -0.00668602 0.01243342 -0.08228708
v -0.04889095 -0.00769133 -0.06623186
v -0.00380493 0.00099500 -0.08008215
v -0.03345842 0.00079158 -0.04239049
v -0.04889095 -0.00769133 -0.06623186
v -0.03345842 0.00079158 -0.04239049
v -0.05177204 0.00374709 -0.06843679
v -0.05177204 0.00374709 -0.06843679
v -0.03345842 0.00079158 -0.04239049
v -0.03633951 0.01223001 -0.04459543
v -0.05177204 0.00374709 -0.06843679
v -0.03633951 0.01223001 -0.04459543
v -0.00668602 0.01243342 -0.08228708
v -0.03345842 0.00079158 -0.04239049
v -0.00380493 0.00099500 -0.08008215
v -0.00669926 0.00935219 -0.03294605
v -0.03345842 0.00079158 -0.04239049
v -0.00669926 0.00935219 -0.03294605
v -0.03633951 0.01223001 -0.04459543
v -0.03633951 0.01223001 -0.04459543
v -0.00669926 0.00935219 -0.03294605
v -0.00958035 0.02079062 -0.03515099
v -0.03633951 0.01223001 -0.04459543
v -0.00958035 0.02079062 -0.03515099
v -0.00668602 0.01243342 -0.08228708
v -0.00669926 0.00935219 -0.03294605
v -0.00380493 0.00099500 -0.08008215
v 0.02116543 0.01472064 -0.04150600
v -0.00669926 0.00935219 -0.03294605
v 0.02116543 0.01472064 -0.04150600
v -0.00958035 0.02079062 -0.03515099
v -0.00958035 0.02079062 -0.03515099
v 0.02116543 0.01472064 -0.04150600
v 0.01828434 0.02615906 -0.04371094
v -0.00958035 0.02079062 -0.03515099
v 0.01828434 0.02615906 -0.04371094
v -0.00668602 0.01243342 -0.08228708
v 0.02116543 0.01472064 -0.04150600
v -0.00380493 0.00099500 -0.08008215
v 0.03949229 0.01484636 -0.06480072
v 0.02116543 0.01472064 -0.04150600
v 0.03949229 0.01484636 -0.06480072
v 0.01828434 0.02615906 -0.04371094
v 0.01828434 0.02615906 -0.04371094
v 0.03949229 0.01484636 -0.06480072
v 0.03661120 0.02628478 -0.06700566
v 0.01828434 0.02615906 -0.04371094
v 0.03661120 0.02628478 -0.06700566
v -0.00668602 0.01243342 -0.08228708
v 0.03949229 0.01484636 -0.06480072
v -0.00380493 0.00099500 -0.08008215
v 0.04128108 0.00968133 -0.09393243
v 0.03949229 0.01484636 -0.06480072
v 0.04128108 0.00968133 -0.09393243
v 0.03661120 0.02628478 -0.06700566
v 0.03661120 0.02628478 -0.06700566
v 0.04128108 0.00968133 -0.09393243
v 0.03839999 0.02111975 -0.09613737
v 0.03661120 0.02628478 -0.06700566
v 0.03839999 0.02111975 -0.09613737
v -0.00668602 0.01243342 -0.08228708
v 0.04128108 0.00968133 -0.09393243
v -0.00380493 0.00099500 -0.08008215
v 0.02584855 0.00119841 -0.11777381
v 0.04128108 0.00968133 -0.09393243
v 0.02584855 0.00119841 -0.11777381
v 0.03839999 0.02111975 -0.09613737
v 0.03839999 0.02111975 -0.09613737
v 0.02584855 0.00119841 -0.11777381
v 0.02296746 0.01263684 -0.11997874
v 0.03839999 0.02111975 -0.09613737
v 0.02296746 0.01263684 -0.11997874
v -0.00668602 0.01243342 -0.08228708
v 0.02584855 0.00119841 -0.11777381
v -0.00380493 0.00099500 -0.08008215
v -0.00091061 -0.00736220 -0.12721825
v 0.02584855 0.00119841 -0.11777381
v -0.00091061 -0.00736220 -0.12721825
v 0.02296746 0.01263684 -0.11997874
v 0.02296746 0.01263684 -0.11997874
v -0.00091061 -0.00736220 -0.12721825
v -0.00379170 0.00407623 -0.12942319
v 0.02296746 0.01263684 -0.11997874
v -0.00379170 0.00407623 -0.12942319
v -0.00668602 0.01243342 -0.08228708
f 2761 2762 2763
f 2764 2765 2766
f 2767 2768 2769
f 2770 2771 2772
f 2773 2774 2775
f 2776 2777 2778
f 2779 2780 2781
f 2782 2783 2784
f 2785 2786 2787
f 2788 2789 2790
f 2791 2792 2793
f 2794 2795 2796
f 2797 2798 2799
f 2800 2801 2802
f 2803 2804 2805
f 2806 2807 2808
f 2809 2810 2811
f 2812 2813 2814
f 2815 2816 2817
f 2818 2819 2820
f 2821 2822 2823
f 2824 2825 2826
f 2827 2828 2829
f 2830 2831 2832
f 2833 2834 2835
f 2836 2837 2838
f 2839 2840 2841
f 2842 2843 2844
f 2845 2846 2847
f 2848 2849 2850
f 2851 2852 2853
f 2854 2855 2856
f 2857 2858 2859
f 2860 2861 2862
f 2863 2864 2865
f 2866 2867 2868
f 2869 2870 2871
f 2872 2873 2874
f 2875 2876 2877
f 2878 2879 2880

o geometry_14
usemtl material_0
v 0.19541936 0.01466107 0.09946694
v 0.16122234 0.01085191 0.12280750
v 0.17504320 0.01500258 0.08381414
v 0.19541936 0.01466107 0.09946694
v 0.17504320 0.01500258 0.08381414
v 0.19480935 0.02659907 0.10052148
v 0.19480935 0.02659907 0.10052148
v 0.17504320 0.01500258 0.08381414
v 0.17443319 0.02694058 0.08486867
v 0.19480935 0.02659907 0.10052148
v 0.17443319 0.02694058 0.08486867
v 0.16061234 0.02278991 0.12386204
v 0.17504320 0.01500258 0.08381414
v 0.16122234 0.01085191 0.12280750
v 0.14938794 0.01375867 0.08305547
v 0.17504320 0.01500258 0.08381414
v 0.14938794 0.01375867 0.08305547
v 0.17443319 0.02694058 0.08486867
v 0.17443319 0.02694058 0.08486867
v 0.14938794 0.01375867 0.08305547
v 0.14877795 0.02569667 0.08411001
v 0.17443319 0.02694058 0.08486867
v 0.14877795 0.02569667 0.08411001
v 0.16061234 0.02278991 0.12386204
v 0.14938794 0.01375867 0.08305547
v 0.16122234 0.01085191 0.12280750
v 0.12825303 0.01140448 0.09748073
v 0.14938794 0.01375867 0.08305547
v 0.12825303 0.01140448 0.09748073
v 0.14877795 0.02569667 0.08411001
v 0.14877795 0.02569667 0.08411001
v 0.12825303 0.01140448 0.09748073
v 0.12764303 0.02334248 0.09853526
v 0.14877795 0.02569667 0.08411001
v 0.12764303 0.02334248 0.09853526
v 0.16061234 0.02278991 0.12386204
v 0.12825303 0.01140448 0.09748073
v 0.16122234 0.01085191 0.12280750
v 0.11971128 0.00883923 0.12157995
v 0.12825303 0.01140448 0.09748073
v 0.11971128 0.00883923 0.12157995
v 0.12764303 0.02334248 0.09853526
v 0.12764303 0.02334248 0.09853526
v 0.11971128 0.00883923 0.12157995
v 0.11910127 0.02077723 0.12263449
v 0.12764303 0.02334248 0.09853526
v 0.11910127 0.02077723 0.12263449
v 0.16061234 0.02278991 0.12386204
v 0.11971128 0.00883923 0.12157995
v 0.16122234 0.01085191 0.12280750
v 0.12702534 0.00704276 0.14614806
v 0.11971128 0.00883923 0.12157995
v 0.12702534 0.00704276 0.14614806
v 0.11910127 0.02077723 0.12263449
v 0.11910127 0.02077723 0.12263449
v 0.12702534 0.00704276 0.14614806
v 0.12641534 0.01898076 0.14720260
v 0.11910127 0.02077723 0.12263449
v 0.12641534 0.01898076 0.14720260
v 0.16061234 0.02278991 0.12386204
v 0.12702534 0.00704276 0.14614806
v 0.16122234 0.01085191 0.12280750
v 0.14740150 0.00670125 0.16180088
v 0.12702534 0.00704276 0.14614806
v 0.14740150 0.00670125 0.16180088
v 0.12641534 0.01898076 0.14720260
v 0.12641534 0.01898076 0.14720260
v 0.14740150 0.00670125 0.16180088
v 0.14679149 0.01863925 0.16285540
v 0.12641534 0.01898076 0.14720260
v 0.14679149 0.01863925 0.16285540
v 0.16061234 0.02278991 0.12386204
v 0.14740150 0.00670125 0.16180088
v 0.16122234 0.01085191 0.12280750
v 0.17305675 0.00794515 0.16255954
v 0.14740150 0.00670125 0.16180088
v 0.17305675 0.00794515 0.16255954
v 0.14679149 0.01863925 0.16285540
v 0.14679149 0.01863925 0.16285540
v 0.17305675 0.00794515 0.16255954
v 0.17244674 0.01988316 0.16361408
v 0.14679149 0.01863925 0.16285540
v 0.17244674 0.01988316 0.16361408
v 0.16061234 0.02278991 0.12386204
v 0.17305675 0.00794515 0.16255954
v 0.16122234 0.01085191 0.12280750
v 0.19419166 0.01029934 0.14813428
v 0.17305675 0.00794515 0.16255954
v 0.19419166 0.01029934 0.14813428
v 0.17244674 0.01988316 0.16361408
v 0.17244674 0.01988316 0.16361408
v 0.19419166 0.01029934 0.14813428
v 0.19358166 0.02223734 0.14918882
v 0.17244674 0.01988316 0.16361408
v 0.19358166 0.02223734 0.14918882
v 0.16061234 0.02278991 0.12386204
v 0.19419166 0.01029934 0.14813428
v 0.16122234 0.01085191 0.12280750
v 0.20273341 0.01286459 0.12403505
v 0.19419166 0.01029934 0.14813428
v 0.20273341 0.01286459 0.12403505
v 0.19358166 0.02223734 0.14918882
v 0.19358166 0.02223734 0.14918882
v 0.20273341 0.01286459 0.12403505
v 0.20212340 0.02480259 0.12508959
v 0.19358166 0.02223734 0.14918882
v 0.20212340 0.02480259 0.12508959
v 0.16061234 0.02278991 0.12386204
v 0.20273341 0.01286459 0.12403505
v 0.16122234 0.01085191 0.12280750
v 0.19541936 0.01466107 0.09946694
v 0.20273341 0.01286459 0.12403505
v 0.19541936 0.01466107 0.09946694
v 0.20212340 0.02480259 0.12508959
v 0.20212340 0.02480259 0.12508959
v 0.19541936 0.01466107 0.09946694
v 0.19480935 0.02659907 0.10052148
v 0.20212340 0.02480259 0.12508959
v 0.19480935 0.02659907 0.10052148
v 0.16061234 0.02278991 0.12386204
f 2881 2882 2883
f 2884 2885 2886
f 2887 2888 2889
f 2890 2891 2892
f 2893 2894 2895
f 2896 2897 2898
f 2899 2900 2901
f 2902 2903 2904
f 2905 2906 2907
f 2908 2909 2910
f 2911 2912 2913
f 2914 2915 2916
f 2917 2918 2919
f 2920 2921 2922
f 2923 2924 2925
f 2926 2927 2928
f 2929 2930 2931
f 2932 2933 2934
f 2935 2936 2937
f 2938 2939 2940
f 2941 2942 2943
f 2944 2945 2946
f 2947 2948 2949
f 2950 2951 2952
f 2953 2954 2955
f 2956 2957 2958
f 2959 2960 2961
f 2962 2963 2964
f 2965 2966 2967
f 2968 2969 2970
f 2971 2972 2973
f 2974 2975 2976
f 2977 2978 2979
f 2980 2981 2982
f 2983 2984 2985
f 2986 2987 2988
f 2989 2990 2991
f 2992 2993 2994
f 2995 2996 2997
f 2998 2999 3000

o geometry_13
usemtl material_1
v 0.19501555 0.00089160 0.09301947
v 0.16117395 0.00038691 0.12352034
v 0.17065859 -0.00058677 0.07896806
v 0.19501555 0.00089160 0.09301947
v 0.17065859 -0.00058677 0.07896806
v 0.19450234 0.01287487 0.09264832
v 0.19450234 0.01287487 0.09264832
v 0.17065859 -0.00058677 0.07896806
v 0.17014536 0.01139650 0.07859691
v 0.19450234 0.01287487 0.09264832
v 0.17014536 0.01139650 0.07859691
v 0.16066073 0.01237019 0.12314919
v 0.17065859 -0.00058677 0.07896806
v 0.16117395 0.00038691 0.12352034
v 0.14267880 -0.00169322 0.08193412
v 0.17065859 -0.00058677 0.07896806
v 0.14267880 -0.00169322 0.08193412
v 0.17014536 0.01139650 0.07859691
v 0.17014536 0.01139650 0.07859691
v 0.14267880 -0.00169322 0.08193412
v 0.14216559 0.01029005 0.08156297
v 0.17014536 0.01139650 0.07859691
v 0.14216559 0.01029005 0.08156297
v 0.16066073 0.01237019 0.12314919
v 0.14267880 -0.00169322 0.08193412
v 0.16117395 0.00038691 0.12352034
v 0.12176354 -0.00200514 0.10078470
v 0.14267880 -0.00169322 0.08193412
v 0.12176354 -0.00200514 0.10078470
v 0.14216559 0.01029005 0.08156297
v 0.14216559 0.01029005 0.08156297
v 0.12176354 -0.00200514 0.10078470
v 0.12125032 0.00997814 0.10041355
v 0.14216559 0.01029005 0.08156297
v 0.12125032 0.00997814 0.10041355
v 0.16066073 0.01237019 0.12314919
v 0.12176354 -0.00200514 0.10078470
v 0.16117395 0.00038691 0.12352034
v 0.11590172 -0.00140337 0.12831952
v 0.12176354 -0.00200514 0.10078470
v 0.11590172 -0.00140337 0.12831952
v 0.12125032 0.00997814 0.10041355
v 0.12125032 0.00997814 0.10041355
v 0.11590172 -0.00140337 0.12831952
v 0.11538850 0.01057991 0.12794837
v 0.12125032 0.00997814 0.10041355
v 0.11538850 0.01057991 0.12794837
v 0.16066073 0.01237019 0.12314919
v 0.11590172 -0.00140337 0.12831952
v 0.16117395 0.00038691 0.12352034
v 0.12733236 -0.00011777 0.15402122
v 0.11590172 -0.00140337 0.12831952
v 0.12733236 -0.00011777 0.15402122
v 0.11538850 0.01057991 0.12794837
v 0.11538850 0.01057991 0.12794837
v 0.12733236 -0.00011777 0.15402122
v 0.12681913 0.01186551 0.15365008
v 0.11538850 0.01057991 0.12794837
v 0.12681913 0.01186551 0.15365008
v 0.16066073 0.01237019 0.12314919
v 0.12733236 -0.00011777 0.15402122
v 0.16117395 0.00038691 0.12352034
v 0.15168932 0.00136060 0.16807263
v 0.12733236 -0.00011777 0.15402122
v 0.15168932 0.00136060 0.16807263
v 0.12681913 0.01186551 0.15365008
v 0.12681913 0.01186551 0.15365008
v 0.15168932 0.00136060 0.16807263
v 0.15117611 0.01334387 0.16770148
v 0.12681913 0.01186551 0.15365008
v 0.15117611 0.01334387 0.16770148
v 0.16066073 0.01237019 0.12314919
v 0.15168932 0.00136060 0.16807263
v 0.16117395 0.00038691 0.12352034
v 0.17966910 0.00246705 0.16510658
v 0.15168932 0.00136060 0.16807263
v 0.17966910 0.00246705 0.16510658
v 0.15117611 0.01334387 0.16770148
v 0.15117611 0.01334387 0.16770148
v 0.17966910 0.00246705 0.16510658
v 0.17915589 0.01445033 0.16473542
v 0.15117611 0.01334387 0.16770148
v 0.17915589 0.01445033 0.16473542
v 0.16066073 0.01237019 0.12314919
v 0.17966910 0.00246705 0.16510658
v 0.16117395 0.00038691 0.12352034
v 0.20058437 0.00277897 0.14625600
v 0.17966910 0.00246705 0.16510658
v 0.20058437 0.00277897 0.14625600
v 0.17915589 0.01445033 0.16473542
v 0.17915589 0.01445033 0.16473542
v 0.20058437 0.00277897 0.14625600
v 0.20007114 0.01476224 0.14588484
v 0.17915589 0.01445033 0.16473542
v 0.20007114 0.01476224 0.14588484
v 0.16066073 0.01237019 0.12314919
v 0.20058437 0.00277897 0.14625600
v 0.16117395 0.00038691 0.12352034
v 0.20644619 0.00217720 0.11872117
v 0.20058437 0.00277897 0.14625600
v 0.20644619 0.00217720 0.11872117
v 0.20007114 0.01476224 0.14588484
v 0.20007114 0.01476224 0.14588484
v 0.20644619 0.00217720 0.11872117
v 0.20593296 0.01416047 0.11835002
v 0.20007114 0.01476224 0.14588484
v 0.20593296 0.01416047 0.11835002
v 0.16066073 0.01237019 0.12314919
v 0.20644619 0.00217720 0.11872117
v 0.16117395 0.00038691 0.12352034
v 0.19501555 0.00089160 0.09301947
v 0.20644619 0.00217720 0.11872117
v 0.19501555 0.00089160 0.09301947
v 0.20593296 0.01416047 0.11835002
v 0.20593296 0.01416047 0.11835002
v 0.19501555 0.00089160 0.09301947
v 0.19450234 0.01287487 0.09264832
v 0.20593296 0.01416047 0.11835002
v 0.19450234 0.01287487 0.09264832
v 0.16066073 0.01237019 0.12314919
f 3001 3002 3003
f 3004 3005 3006
f 3007 3008 3009
f 3010 3011 3012
f 3013 3014 3015
f 3016 3017 3018
f 3019 3020 3021
f 3022 3023 3024
f 3025 3026 3027
f 3028 3029 3030
f 3031 3032 3033
f 3034 3035 3036
f 3037 3038 3039
f 3040 3041 3042
f 3043 3044 3045
f 3046 3047 3048
f 3049 3050 3051
f 3052 3053 3054
f 3055 3056 3057
f 3058 3059 3060
f 3061 3062 3063
f 3064 3065 3066
f 3067 3068 3069
f 3070 3071 3072
f 3073 3074 3075
f 3076 3077 3078
f 3079 3080 3081
f 3082 3083 3084
f 3085 3086 3087
f 3088 3089 3090
f 3091 3092 3093
f 3094 3095 3096
f 3097 3098 3099
f 3100 3101 3102
f 3103 3104 3105
f 3106 3107 3108
f 3109 3110 3111
f 3112 3113 3114
f 3115 3116 3117
f 3118 3119 3120

o geometry_12
usemtl material_1
v 0.00053339 0.02183517 0.01330644
v -0.03886902 0.01135403 0.02526785
v -0.01557821 0.02642682 -0.00691643
v 0.00053339 0.02183517 0.01330644
v -0.01557821 0.02642682 -0.00691643
v -0.00124232 0.03302457 0.01726172
v -0.00124232 0.03302457 0.01726172
v -0.01557821 0.02642682 -0.00691643
v -0.01735391 0.03761622 -0.00296115
v -0.00124232 0.03302457 0.01726172
v -0.01735391 0.03761622 -0.00296115
v -0.04064472 0.02254343 0.02922313
v -0.01557821 0.02642682 -0.00691643
v -0.03886902 0.01135403 0.02526785
v -0.04058610 0.02526117 -0.01484601
v -0.01557821 0.02642682 -0.00691643
v -0.04058610 0.02526117 -0.01484601
v -0.01735391 0.03761622 -0.00296115
v -0.01735391 0.03761622 -0.00296115
v -0.04058610 0.02526117 -0.01484601
v -0.04236181 0.03645057 -0.01089073
v -0.01735391 0.03761622 -0.00296115
v -0.04236181 0.03645057 -0.01089073
v -0.04064472 0.02254343 0.02922313
v -0.04058610 0.02526117 -0.01484601
v -0.03886902 0.01135403 0.02526785
v -0.06493813 0.01878347 -0.00745345
v -0.04058610 0.02526117 -0.01484601
v -0.06493813 0.01878347 -0.00745345
v -0.04236181 0.03645057 -0.01089073
v -0.04236181 0.03645057 -0.01089073
v -0.06493813 0.01878347 -0.00745345
v -0.06671382 0.02997286 -0.00349817
v -0.04236181 0.03645057 -0.01089073
v -0.06671382 0.02997286 -0.00349817
v -0.04064472 0.02254343 0.02922313
v -0.06493813 0.01878347 -0.00745345
v -0.03886902 0.01135403 0.02526785
v -0.07933263 0.00946797 0.01243753
v -0.06493813 0.01878347 -0.00745345
v -0.07933263 0.00946797 0.01243753
v -0.06671382 0.02997286 -0.00349817
v -0.06671382 0.02997286 -0.00349817
v -0.07933263 0.00946797 0.01243753
v -0.08110834 0.02065737 0.01639281
v -0.06671382 0.02997286 -0.00349817
v -0.08110834 0.02065737 0.01639281
v -0.04064472 0.02254343 0.02922313
v -0.07933263 0.00946797 0.01243753
v -0.03886902 0.01135403 0.02526785
v -0.07827141 0.00087289 0.03722926
v -0.07933263 0.00946797 0.01243753
v -0.07827141 0.00087289 0.03722926
v -0.08110834 0.02065737 0.01639281
v -0.08110834 0.02065737 0.01639281
v -0.07827141 0.00087289 0.03722926
v -0.08004712 0.01206229 0.04118454
v -0.08110834 0.02065737 0.01639281
v -0.08004712 0.01206229 0.04118454
v -0.04064472 0.02254343 0.02922313
v -0.07827141 0.00087289 0.03722926
v -0.03886902 0.01135403 0.02526785
v -0.06215982 -0.00371876 0.05745214
v -0.07827141 0.00087289 0.03722926
v -0.06215982 -0.00371876 0.05745214
v -0.08004712 0.01206229 0.04118454
v -0.08004712 0.01206229 0.04118454
v -0.06215982 -0.00371876 0.05745214
v -0.06393553 0.00747064 0.06140742
v -0.08004712 0.01206229 0.04118454
v -0.06393553 0.00747064 0.06140742
v -0.04064472 0.02254343 0.02922313
v -0.06215982 -0.00371876 0.05745214
v -0.03886902 0.01135403 0.02526785
v -0.03715193 -0.00255311 0.06538171
v -0.06215982 -0.00371876 0.05745214
v -0.03715193 -0.00255311 0.06538171
v -0.06393553 0.00747064 0.06140742
v -0.06393553 0.00747064 0.06140742
v -0.03715193 -0.00255311 0.06538171
v -0.03892763 0.00863629 0.06933700
v -0.06393553 0.00747064 0.06140742
v -0.03892763 0.00863629 0.06933700
v -0.04064472 0.02254343 0.02922313
v -0.03715193 -0.00255311 0.06538171
v -0.03886902 0.01135403 0.02526785
v -0.01279990 0.00392459 0.05798916
v -0.03715193 -0.00255311 0.06538171
v -0.01279990 0.00392459 0.05798916
v -0.03892763 0.00863629 0.06933700
v -0.03892763 0.00863629 0.06933700
v -0.01279990 0.00392459 0.05798916
v -0.01457561 0.01511399 0.06194444
v -0.03892763 0.00863629 0.06933700
v -0.01457561 0.01511399 0.06194444
v -0.04064472 0.02254343 0.02922313
v -0.01279990 0.00392459 0.05798916
v -0.03886902 0.01135403 0.02526785
v 0.00159460 0.01324009 0.03809818
v -0.01279990 0.00392459 0.05798916
v 0.00159460 0.01324009 0.03809818
v -0.01457561 0.01511399 0.06194444
v -0.01457561 0.01511399 0.06194444
v 0.00159460 0.01324009 0.03809818
v -0.00018110 0.02442949 0.04205345
v -0.01457561 0.01511399 0.06194444
v -0.00018110 0.02442949 0.04205345
v -0.04064472 0.02254343 0.02922313
v 0.00159460 0.01324009 0.03809818
v -0.03886902 0.01135403 0.02526785
v 0.00053339 0.02183517 0.01330644
v 0.00159460 0.01324009 0.03809818
v 0.00053339 0.02183517 0.01330644
v -0.00018110 0.02442949 0.04205345
v -0.00018110 0.02442949 0.04205345
v 0.00053339 0.02183517 0.01330644
v -0.00124232 0.03302457 0.01726172
v -0.00018110 0.02442949 0.04205345
v -0.00124232 0.03302457 0.01726172
v -0.04064472 0.02254343 0.02922313
f 3121 3122 3123
f 3124 3125 3126
f 3127 3128 3129
f 3130 3131 3132
f 3133 3134 3135
f 3136 3137 3138
f 3139 3140 3141
f 3142 3143 3144
f 3145 3146 3147
f 3148 3149 3150
f 3151 3152 3153
f 3154 3155 3156
f 3157 3158 3159
f 3160 3161 3162
f 3163 3164 3165
f 3166 3167 3168
f 3169 3170 3171
f 3172 3173 3174
f 3175 3176 3177
f 3178 3179 3180
f 3181 3182 3183
f 3184 3185 3186
f 3187 3188 3189
f 3190 3191 3192
f 3193 3194 3195
f 3196 3197 3198
f 3199 3200 3201
f 3202 3203 3204
f 3205 3206 3207
f 3208 3209 3210
f 3211 3212 3213
f 3214 3215 3216
f 3217 3218 3219
f 3220 3221 3222
f 3223 3224 3225
f 3226 3227 3228
f 3229 3230 3231
f 3232 3233 3234
f 3235 3236 3237
f 3238 3239 3240

o geometry_11
usemtl material_0
v -0.07287198 0.00233460 -0.00565888
v -0.03957543 0.00053294 0.02672657
v -0.08556012 -0.00027777 0.01998306
v -0.07287198 0.00233460 -0.00565888
v -0.08556012 -0.00027777 0.01998306
v -0.07323484 0.01428413 -0.00462103
v -0.07323484 0.01428413 -0.00462103
v -0.08556012 -0.00027777 0.01998306
v -0.08592299 0.01167176 0.02102091
v -0.07323484 0.01428413 -0.00462103
v -0.08592299 0.01167176 0.02102091
v -0.03993830 0.01248247 0.02776442
v -0.08556012 -0.00027777 0.01998306
v -0.03957543 0.00053294 0.02672657
v -0.08068367 -0.00258048 0.04820080
v -0.08556012 -0.00027777 0.01998306
v -0.08068367 -0.00258048 0.04820080
v -0.08592299 0.01167176 0.02102091
v -0.08592299 0.01167176 0.02102091
v -0.08068367 -0.00258048 0.04820080
v -0.08104654 0.00936905 0.04923865
v -0.08592299 0.01167176 0.02102091
v -0.08104654 0.00936905 0.04923865
v -0.03993830 0.01248247 0.02776442
v -0.08068367 -0.00258048 0.04820080
v -0.03957543 0.00053294 0.02672657
v -0.06010528 -0.00369396 0.06821611
v -0.08068367 -0.00258048 0.04820080
v -0.06010528 -0.00369396 0.06821611
v -0.08104654 0.00936905 0.04923865
v -0.08104654 0.00936905 0.04923865
v -0.06010528 -0.00369396 0.06821611
v -0.06046814 0.00825556 0.06925396
v -0.08104654 0.00936905 0.04923865
v -0.06046814 0.00825556 0.06925396
v -0.03993830 0.01248247 0.02776442
v -0.06010528 -0.00369396 0.06821611
v -0.03957543 0.00053294 0.02672657
v -0.03168518 -0.00319292 0.07238383
v -0.06010528 -0.00369396 0.06821611
v -0.03168518 -0.00319292 0.07238383
v -0.06046814 0.00825556 0.06925396
v -0.06046814 0.00825556 0.06925396
v -0.03168518 -0.00319292 0.07238383
v -0.03204805 0.00875661 0.07342167
v -0.06046814 0.00825556 0.06925396
v -0.03204805 0.00875661 0.07342167
v -0.03993830 0.01248247 0.02776442
v -0.03168518 -0.00319292 0.07238383
v -0.03957543 0.00053294 0.02672657
v -0.00627889 -0.00126872 0.05911202
v -0.03168518 -0.00319292 0.07238383
v -0.00627889 -0.00126872 0.05911202
v -0.03204805 0.00875661 0.07342167
v -0.03204805 0.00875661 0.07342167
v -0.00627889 -0.00126872 0.05911202
v -0.00664176 0.01068080 0.06014987
v -0.03204805 0.00875661 0.07342167
v -0.00664176 0.01068080 0.06014987
v -0.03993830 0.01248247 0.02776442
v -0.00627889 -0.00126872 0.05911202
v -0.03957543 0.00053294 0.02672657
v 0.00640925 0.00134365 0.03347007
v -0.00627889 -0.00126872 0.05911202
v 0.00640925 0.00134365 0.03347007
v -0.00664176 0.01068080 0.06014987
v -0.00664176 0.01068080 0.06014987
v 0.00640925 0.00134365 0.03347007
v 0.00604638 0.01329317 0.03450792
v -0.00664176 0.01068080 0.06014987
v 0.00604638 0.01329317 0.03450792
v -0.03993830 0.01248247 0.02776442
v 0.00640925 0.00134365 0.03347007
v -0.03957543 0.00053294 0.02672657
v 0.00153281 0.00364635 0.00525234
v 0.00640925 0.00134365 0.03347007
v 0.00153281 0.00364635 0.00525234
v 0.00604638 0.01329317 0.03450792
v 0.00604638 0.01329317 0.03450792
v 0.00153281 0.00364635 0.00525234
v 0.00116994 0.01559588 0.00629018
v 0.00604638 0.01329317 0.03450792
v 0.00116994 0.01559588 0.00629018
v -0.03993830 0.01248247 0.02776442
v 0.00153281 0.00364635 0.00525234
v -0.03957543 0.00053294 0.02672657
v -0.01904559 0.00475984 -0.01476297
v 0.00153281 0.00364635 0.00525234
v -0.01904559 0.00475984 -0.01476297
v 0.00116994 0.01559588 0.00629018
v 0.00116994 0.01559588 0.00629018
v -0.01904559 0.00475984 -0.01476297
v -0.01940846 0.01670937 -0.01372513
v 0.00116994 0.01559588 0.00629018
v -0.01940846 0.01670937 -0.01372513
v -0.03993830 0.01248247 0.02776442
v -0.01904559 0.00475984 -0.01476297
v -0.03957543 0.00053294 0.02672657
v -0.04746569 0.00425879 -0.01893069
v -0.01904559 0.00475984 -0.01476297
v -0.04746569 0.00425879 -0.01893069
v -0.01940846 0.01670937 -0.01372513
v -0.01940846 0.01670937 -0.01372513
v -0.04746569 0.00425879 -0.01893069
v -0.04782856 0.01620832 -0.01789284
v -0.01940846 0.01670937 -0.01372513
v -0.04782856 0.01620832 -0.01789284
v -0.03993830 0.01248247 0.02776442
v -0.04746569 0.00425879 -0.01893069
v -0.03957543 0.00053294 0.02672657
v -0.07287198 0.00233460 -0.00565888
v -0.04746569 0.00425879 -0.01893069
v -0.07287198 0.00233460 -0.00565888
v -0.04782856 0.01620832 -0.01789284
v -0.04782856 0.01620832 -0.01789284
v -0.07287198 0.00233460 -0.00565888
v -0.07323484 0.01428413 -0.00462103
v -0.04782856 0.01620832 -0.01789284
v -0.07323484 0.01428413 -0.00462103
v -0.03993830 0.01248247 0.02776442
f 3241 3242 3243
f 3244 3245 3246
f 3247 3248 3249
f 3250 3251 3252
f 3253 3254 3255
f 3256 3257 3258
f 3259 3260 3261
f 3262 3263 3264
f 3265 3266 3267
f 3268 3269 3270
f 3271 3272 3273
f 3274 3275 3276
f 3277 3278 3279
f 3280 3281 3282
f 3283 3284 3285
f 3286 3287 3288
f 3289 3290 3291
f 3292 3293 3294
f 3295 3296 3297
f 3298 3299 3300
f 3301 3302 3303
f 3304 3305 3306
f 3307 3308 3309
f 3310 3311 3312
f 3313 3314 3315
f 3316 3317 3318
f 3319 3320 3321
f 3322 3323 3324
f 3325 3326 3327
f 3328 3329 3330
f 3331 3332 3333
f 3334 3335 3336
f 3337 3338 3339
f 3340 3341 3342
f 3343 3344 3345
f 3346 3347 3348
f 3349 3350 3351
f 3352 3353 3354
f 3355 3356 3357
f 3358 3359 3360

o geometry_10
usemtl material_0
v 0.02776245 0.00832583 0.05152144
v 0.05019219 0.00056331 0.01326407
v 0.05476712 0.01305731 0.05627507
v 0.02776245 0.00832583 0.05152144
v 0.05476712 0.01305731 0.05627507
v 0.02631094 0.01980535 0.04834122
v 0.02631094 0.01980535 0.04834122
v 0.05476712 0.01305731 0.05627507
v 0.05331562 0.02453683 0.05309485
v 0.02631094 0.01980535 0.04834122
v 0.05331562 0.02453683 0.05309485
v 0.04874068 0.01204283 0.01008385
v 0.05476712 0.01305731 0.05627507
v 0.05019219 0.00056331 0.01326407
v 0.08002432 0.01301651 0.04459996
v 0.05476712 0.01305731 0.05627507
v 0.08002432 0.01301651 0.04459996
v 0.05331562 0.02453683 0.05309485
v 0.05331562 0.02453683 0.05309485
v 0.08002432 0.01301651 0.04459996
v 0.07857282 0.02449602 0.04141974
v 0.05331562 0.02453683 0.05309485
v 0.07857282 0.02449602 0.04141974
v 0.04874068 0.01204283 0.01008385
v 0.08002432 0.01301651 0.04459996
v 0.05019219 0.00056331 0.01326407
v 0.09388667 0.00821901 0.02095560
v 0.08002432 0.01301651 0.04459996
v 0.09388667 0.00821901 0.02095560
v 0.07857282 0.02449602 0.04141974
v 0.07857282 0.02449602 0.04141974
v 0.09388667 0.00821901 0.02095560
v 0.09243516 0.01969852 0.01777538
v 0.07857282 0.02449602 0.04141974
v 0.09243516 0.01969852 0.01777538
v 0.04874068 0.01204283 0.01008385
v 0.09388667 0.00821901 0.02095560
v 0.05019219 0.00056331 0.01326407
v 0.09105920 0.00049729 -0.00562666
v 0.09388667 0.00821901 0.02095560
v 0.09105920 0.00049729 -0.00562666
v 0.09243516 0.01969852 0.01777538
v 0.09243516 0.01969852 0.01777538
v 0.09105920 0.00049729 -0.00562666
v 0.08960769 0.01197681 -0.00880688
v 0.09243516 0.01969852 0.01777538
v 0.08960769 0.01197681 -0.00880688
v 0.04874068 0.01204283 0.01008385
v 0.09105920 0.00049729 -0.00562666
v 0.05019219 0.00056331 0.01326407
v 0.07262193 -0.00719920 -0.02499331
v 0.09105920 0.00049729 -0.00562666
v 0.07262193 -0.00719920 -0.02499331
v 0.08960769 0.01197681 -0.00880688
v 0.08960769 0.01197681 -0.00880688
v 0.07262193 -0.00719920 -0.02499331
v 0.07117042 0.00428031 -0.02817353
v 0.08960769 0.01197681 -0.00880688
v 0.07117042 0.00428031 -0.02817353
v 0.04874068 0.01204283 0.01008385
v 0.07262193 -0.00719920 -0.02499331
v 0.05019219 0.00056331 0.01326407
v 0.04561725 -0.01193068 -0.02974694
v 0.07262193 -0.00719920 -0.02499331
v 0.04561725 -0.01193068 -0.02974694
v 0.07117042 0.00428031 -0.02817353
v 0.07117042 0.00428031 -0.02817353
v 0.04561725 -0.01193068 -0.02974694
v 0.04416575 -0.00045116 -0.03292716
v 0.07117042 0.00428031 -0.02817353
v 0.04416575 -0.00045116 -0.03292716
v 0.04874068 0.01204283 0.01008385
v 0.04561725 -0.01193068 -0.02974694
v 0.05019219 0.00056331 0.01326407
v 0.02036005 -0.01188988 -0.01807183
v 0.04561725 -0.01193068 -0.02974694
v 0.02036005 -0.01188988 -0.01807183
v 0.04416575 -0.00045116 -0.03292716
v 0.04416575 -0.00045116 -0.03292716
v 0.02036005 -0.01188988 -0.01807183
v 0.01890855 -0.00041036 -0.02125205
v 0.04416575 -0.00045116 -0.03292716
v 0.01890855 -0.00041036 -0.02125205
v 0.04874068 0.01204283 0.01008385
v 0.02036005 -0.01188988 -0.01807183
v 0.05019219 0.00056331 0.01326407
v 0.00649771 -0.00709238 0.00557253
v 0.02036005 -0.01188988 -0.01807183
v 0.00649771 -0.00709238 0.00557253
v 0.01890855 -0.00041036 -0.02125205
v 0.01890855 -0.00041036 -0.02125205
v 0.00649771 -0.00709238 0.00557253
v 0.00504621 0.00438714 0.00239231
v 0.01890855 -0.00041036 -0.02125205
v 0.00504621 0.00438714 0.00239231
v 0.04874068 0.01204283 0.01008385
v 0.00649771 -0.00709238 0.00557253
v 0.05019219 0.00056331 0.01326407
v 0.00932518 0.00062934 0.03215479
v 0.00649771 -0.00709238 0.00557253
v 0.00932518 0.00062934 0.03215479
v 0.00504621 0.00438714 0.00239231
v 0.00504621 0.00438714 0.00239231
v 0.00932518 0.00062934 0.03215479
v 0.00787367 0.01210886 0.02897457
v 0.00504621 0.00438714 0.00239231
v 0.00787367 0.01210886 0.02897457
v 0.04874068 0.01204283 0.01008385
v 0.00932518 0.00062934 0.03215479
v 0.05019219 0.00056331 0.01326407
v 0.02776245 0.00832583 0.05152144
v 0.00932518 0.00062934 0.03215479
v 0.02776245 0.00832583 0.05152144
v 0.00787367 0.01210886 0.02897457
v 0.00787367 0.01210886 0.02897457
v 0.02776245 0.00832583 0.05152144
v 0.02631094 0.01980535 0.04834122
v 0.00787367 0.01210886 0.02897457
v 0.02631094 0.01980535 0.04834122
v 0.04874068 0.01204283 0.01008385
f 3361 3362 3363
f 3364 3365 3366
f 3367 3368 3369
f 3370 3371 3372
f 3373 3374 3375
f 3376 3377 3378
f 3379 3380 3381
f 3382 3383 3384
f 3385 3386 3387
f 3388 3389 3390
f 3391 3392 3393
f 3394 3395 3396
f 3397 3398 3399
f 3400 3401 3402
f 3403 3404 3405
f 3406 3407 3408
f 3409 3410 3411
f 3412 3413 3414
f 3415 3416 3417
f 3418 3419 3420
f 3421 3422 3423
f 3424 3425 3426
f 3427 3428 3429
f 3430 3431 3432
f 3433 3434 3435
f 3436 3437 3438
f 3439 3440 3441
f 3442 3443 3444
f 3445 3446 3447
f 3448 3449 3450
f 3451 3452 3453
f 3454 3455 3456
f 3457 3458 3459
f 3460 3461 3462
f 3463 3464 3465
f 3466 3467 3468
f 3469 3470 3471
f 3472 3473 3474
f 3475 3476 3477
f 3478 3479 3480

o geometry_9
usemtl material_0
v -0.03665476 0.01189415 0.14043091
v -0.03405050 0.01035607 0.17832829
v -0.05835066 0.00942002 0.14910528
v -0.03665476 0.01189415 0.14043091
v -0.05835066 0.00942002 0.14910528
v -0.03779070 0.02382702 0.14099328
v -0.03779070 0.02382702 0.14099328
v -0.05835066 0.00942002 0.14910528
v -0.05948661 0.02135289 0.14966764
v -0.03779070 0.02382702 0.14099328
v -0.05948661 0.02135289 0.14966764
v -0.03518645 0.02228894 0.17889066
v -0.05835066 0.00942002 0.14910528
v -0.03405050 0.01035607 0.17832829
v -0.07076474 0.00730342 0.16894183
v -0.05835066 0.00942002 0.14910528
v -0.07076474 0.00730342 0.16894183
v -0.05948661 0.02135289 0.14966764
v -0.05948661 0.02135289 0.14966764
v -0.07076474 0.00730342 0.16894183
v -0.07190068 0.01923629 0.16950420
v -0.05948661 0.02135289 0.14966764
v -0.07190068 0.01923629 0.16950420
v -0.03518645 0.02228894 0.17889066
v -0.07076474 0.00730342 0.16894183
v -0.03405050 0.01035607 0.17832829
v -0.06915522 0.00635284 0.19236369
v -0.07076474 0.00730342 0.16894183
v -0.06915522 0.00635284 0.19236369
v -0.07190068 0.01923629 0.16950420
v -0.07190068 0.01923629 0.16950420
v -0.06915522 0.00635284 0.19236369
v -0.07029116 0.01828571 0.19292606
v -0.07190068 0.01923629 0.16950420
v -0.07029116 0.01828571 0.19292606
v -0.03518645 0.02228894 0.17889066
v -0.06915522 0.00635284 0.19236369
v -0.03405050 0.01035607 0.17832829
v -0.05413689 0.00693135 0.21042453
v -0.06915522 0.00635284 0.19236369
v -0.05413689 0.00693135 0.21042453
v -0.07029116 0.01828571 0.19292606
v -0.07029116 0.01828571 0.19292606
v -0.05413689 0.00693135 0.21042453
v -0.05527283 0.01886422 0.21098688
v -0.07029116 0.01828571 0.19292606
v -0.05527283 0.01886422 0.21098688
v -0.03518645 0.02228894 0.17889066
v -0.05413689 0.00693135 0.21042453
v -0.03405050 0.01035607 0.17832829
v -0.03144624 0.00881799 0.21622568
v -0.05413689 0.00693135 0.21042453
v -0.03144624 0.00881799 0.21622568
v -0.05527283 0.01886422 0.21098688
v -0.05527283 0.01886422 0.21098688
v -0.03144624 0.00881799 0.21622568
v -0.03258219 0.02075086 0.21678804
v -0.05527283 0.01886422 0.21098688
v -0.03258219 0.02075086 0.21678804
v -0.03518645 0.02228894 0.17889066
v -0.03144624 0.00881799 0.21622568
v -0.03405050 0.01035607 0.17832829
v -0.00975034 0.01129212 0.20755132
v -0.03144624 0.00881799 0.21622568
v -0.00975034 0.01129212 0.20755132
v -0.03258219 0.02075086 0.21678804
v -0.03258219 0.02075086 0.21678804
v -0.00975034 0.01129212 0.20755132
v -0.01088628 0.02322499 0.20811369
v -0.03258219 0.02075086 0.21678804
v -0.01088628 0.02322499 0.20811369
v -0.03518645 0.02228894 0.17889066
v -0.00975034 0.01129212 0.20755132
v -0.03405050 0.01035607 0.17832829
v 0.00266373 0.01340871 0.18771476
v -0.00975034 0.01129212 0.20755132
v 0.00266373 0.01340871 0.18771476
v -0.01088628 0.02322499 0.20811369
v -0.01088628 0.02322499 0.20811369
v 0.00266373 0.01340871 0.18771476
v 0.00152779 0.02534158 0.18827713
v -0.01088628 0.02322499 0.20811369
v 0.00152779 0.02534158 0.18827713
v -0.03518645 0.02228894 0.17889066
v 0.00266373 0.01340871 0.18771476
v -0.03405050 0.01035607 0.17832829
v 0.00105421 0.01435930 0.16429289
v 0.00266373 0.01340871 0.18771476
v 0.00105421 0.01435930 0.16429289
v 0.00152779 0.02534158 0.18827713
v 0.00152779 0.02534158 0.18827713
v 0.00105421 0.01435930 0.16429289
v -0.00008173 0.02629217 0.16485526
v 0.00152779 0.02534158 0.18827713
v -0.00008173 0.02629217 0.16485526
v -0.03518645 0.02228894 0.17889066
v 0.00105421 0.01435930 0.16429289
v -0.03405050 0.01035607 0.17832829
v -0.01396412 0.01378079 0.14623207
v 0.00105421 0.01435930 0.16429289
v -0.01396412 0.01378079 0.14623207
v -0.00008173 0.02629217 0.16485526
v -0.00008173 0.02629217 0.16485526
v -0.01396412 0.01378079 0.14623207
v -0.01510006 0.02571366 0.14679444
v -0.00008173 0.02629217 0.16485526
v -0.01510006 0.02571366 0.14679444
v -0.03518645 0.02228894 0.17889066
v -0.01396412 0.01378079 0.14623207
v -0.03405050 0.01035607 0.17832829
v -0.03665476 0.01189415 0.14043091
v -0.01396412 0.01378079 0.14623207
v -0.03665476 0.01189415 0.14043091
v -0.01510006 0.02571366 0.14679444
v -0.01510006 0.02571366 0.14679444
v -0.03665476 0.01189415 0.14043091
v -0.03779070 0.02382702 0.14099328
v -0.01510006 0.02571366 0.14679444
v -0.03779070 0.02382702 0.14099328
v -0.03518645 0.02228894 0.17889066
f 3481 3482 3483
f 3484 3485 3486
f 3487 3488 3489
f 3490 3491 3492
f 3493 3494 3495
f 3496 3497 3498
f 3499 3500 3501
f 3502 3503 3504
f 3505 3506 3507
f 3508 3509 3510
f 3511 3512 3513
f 3514 3515 3516
f 3517 3518 3519
f 3520 3521 3522
f 3523 3524 3525
f 3526 3527 3528
f 3529 3530 3531
f 3532 3533 3534
f 3535 3536 3537
f 3538 3539 3540
f 3541 3542 3543
f 3544 3545 3546
f 3547 3548 3549
f 3550 3551 3552
f 3553 3554 3555
f 3556 3557 3558
f 3559 3560 3561
f 3562 3563 3564
f 3565 3566 3567
f 3568 3569 3570
f 3571 3572 3573
f 3574 3575 3576
f 3577 3578 3579
f 3580 3581 3582
f 3583 3584 3585
f 3586 3587 3588
f 3589 3590 3591
f 3592 3593 3594
f 3595 3596 3597
f 3598 3599 3600

o geometry_8
usemtl material_1
v -0.04195522 -0.00551482 0.21832322
v -0.03526969 -0.00008515 0.17771383
v -0.01674245 -0.00765516 0.21408327
v -0.04195522 -0.00551482 0.21832322
v -0.01674245 -0.00765516 0.21408327
v -0.04065279 0.00627903 0.22011453
v -0.04065279 0.00627903 0.22011453
v -0.01674245 -0.00765516 0.21408327
v -0.01544002 0.00413869 0.21587458
v -0.04065279 0.00627903 0.22011453
v -0.01544002 0.00413869 0.21587458
v -0.03396726 0.01170870 0.17950514
v -0.01674245 -0.00765516 0.21408327
v -0.03526969 -0.00008515 0.17771383
v 0.00139355 -0.00690402 0.19595143
v -0.01674245 -0.00765516 0.21408327
v 0.00139355 -0.00690402 0.19595143
v -0.01544002 0.00413869 0.21587458
v -0.01544002 0.00413869 0.21587458
v 0.00139355 -0.00690402 0.19595143
v 0.00269598 0.00488983 0.19774275
v -0.01544002 0.00413869 0.21587458
v 0.00269598 0.00488983 0.19774275
v -0.03396726 0.01170870 0.17950514
v 0.00139355 -0.00690402 0.19595143
v -0.03526969 -0.00008515 0.17771383
v 0.00552543 -0.00354830 0.17085345
v 0.00139355 -0.00690402 0.19595143
v 0.00552543 -0.00354830 0.17085345
v 0.00269598 0.00488983 0.19774275
v 0.00269598 0.00488983 0.19774275
v 0.00552543 -0.00354830 0.17085345
v 0.00682786 0.00824555 0.17264476
v 0.00269598 0.00488983 0.19774275
v 0.00682786 0.00824555 0.17264476
v -0.03396726 0.01170870 0.17950514
v 0.00552543 -0.00354830 0.17085345
v -0.03526969 -0.00008515 0.17771383
v -0.00592503 0.00113022 0.14837590
v 0.00552543 -0.00354830 0.17085345
v -0.00592503 0.00113022 0.14837590
v 0.00682786 0.00824555 0.17264476
v 0.00682786 0.00824555 0.17264476
v -0.00592503 0.00113022 0.14837590
v -0.00462260 0.01292407 0.15016721
v 0.00682786 0.00824555 0.17264476
v -0.00462260 0.01292407 0.15016721
v -0.03396726 0.01170870 0.17950514
v -0.00592503 0.00113022 0.14837590
v -0.03526969 -0.00008515 0.17771383
v -0.02858416 0.00534451 0.13710444
v -0.00592503 0.00113022 0.14837590
v -0.02858416 0.00534451 0.13710444
v -0.00462260 0.01292407 0.15016721
v -0.00462260 0.01292407 0.15016721
v -0.02858416 0.00534451 0.13710444
v -0.02728173 0.01713836 0.13889575
v -0.00462260 0.01292407 0.15016721
v -0.02728173 0.01713836 0.13889575
v -0.03396726 0.01170870 0.17950514
v -0.02858416 0.00534451 0.13710444
v -0.03526969 -0.00008515 0.17771383
v -0.05379693 0.00748486 0.14134438
v -0.02858416 0.00534451 0.13710444
v -0.05379693 0.00748486 0.14134438
v -0.02728173 0.01713836 0.13889575
v -0.02728173 0.01713836 0.13889575
v -0.05379693 0.00748486 0.14134438
v -0.05249450 0.01927870 0.14313570
v -0.02728173 0.01713836 0.13889575
v -0.05249450 0.01927870 0.14313570
v -0.03396726 0.01170870 0.17950514
v -0.05379693 0.00748486 0.14134438
v -0.03526969 -0.00008515 0.17771383
v -0.07193293 0.00673371 0.15947622
v -0.05379693 0.00748486 0.14134438
v -0.07193293 0.00673371 0.15947622
v -0.05249450 0.01927870 0.14313570
v -0.05249450 0.01927870 0.14313570
v -0.07193293 0.00673371 0.15947622
v -0.07063049 0.01852756 0.16126753
v -0.05249450 0.01927870 0.14313570
v -0.07063049 0.01852756 0.16126753
v -0.03396726 0.01170870 0.17950514
v -0.07193293 0.00673371 0.15947622
v -0.03526969 -0.00008515 0.17771383
v -0.07606481 0.00337799 0.18457420
v -0.07193293 0.00673371 0.15947622
v -0.07606481 0.00337799 0.18457420
v -0.07063049 0.01852756 0.16126753
v -0.07063049 0.01852756 0.16126753
v -0.07606481 0.00337799 0.18457420
v -0.07476237 0.01517184 0.18636551
v -0.07063049 0.01852756 0.16126753
v -0.07476237 0.01517184 0.18636551
v -0.03396726 0.01170870 0.17950514
v -0.07606481 0.00337799 0.18457420
v -0.03526969 -0.00008515 0.17771383
v -0.06461435 -0.00130053 0.20705175
v -0.07606481 0.00337799 0.18457420
v -0.06461435 -0.00130053 0.20705175
v -0.07476237 0.01517184 0.18636551
v -0.07476237 0.01517184 0.18636551
v -0.06461435 -0.00130053 0.20705175
v -0.06331191 0.01049332 0.20884307
v -0.07476237 0.01517184 0.18636551
v -0.06331191 0.01049332 0.20884307
v -0.03396726 0.01170870 0.17950514
v -0.06461435 -0.00130053 0.20705175
v -0.03526969 -0.00008515 0.17771383
v -0.04195522 -0.00551482 0.21832322
v -0.06461435 -0.00130053 0.20705175
v -0.04195522 -0.00551482 0.21832322
v -0.06331191 0.01049332 0.20884307
v -0.06331191 0.01049332 0.20884307
v -0.04195522 -0.00551482 0.21832322
v -0.04065279 0.00627903 0.22011453
v -0.06331191 0.01049332 0.20884307
v -0.04065279 0.00627903 0.22011453
v -0.03396726 0.01170870 0.17950514
f 3601 3602 3603
f 3604 3605 3606
f 3607 3608 3609
f 3610 3611 3612
f 3613 3614 3615
f 3616 3617 3618
f 3619 3620 3621
f 3622 3623 3624
f 3625 3626 3627
f 3628 3629 3630
f 3631 3632 3633
f 3634 3635 3636
f 3637 3638 3639
f 3640 3641 3642
f 3643 3644 3645
f 3646 3647 3648
f 3649 3650 3651
f 3652 3653 3654
f 3655 3656 3657
f 3658 3659 3660
f 3661 3662 3663
f 3664 3665 3666
f 3667 3668 3669
f 3670 3671 3672
f 3673 3674 3675
f 3676 3677 3678
f 3679 3680 3681
f 3682 3683 3684
f 3685 3686 3687
f 3688 3689 3690
f 3691 3692 3693
f 3694 3695 3696
f 3697 3698 3699
f 3700 3701 3702
f 3703 3704 3705
f 3706 3707 3708
f 3709 3710 3711
f 3712 3713 3714
f 3715 3716 3717
f 3718 3719 3720

o geometry_7
usemtl material_0
v -0.14008780 -0.00925154 0.03164298
v -0.09678136 0.00117495 0.01011077
v -0.12019600 -0.00169062 0.05360030
v -0.14008780 -0.00925154 0.03164298
v -0.12019600 -0.00169062 0.05360030
v -0.14335509 0.00225162 0.03064184
v -0.14335509 0.00225162 0.03064184
v -0.12019600 -0.00169062 0.05360030
v -0.12346328 0.00981253 0.05259916
v -0.14335509 0.00225162 0.03064184
v -0.12346328 0.00981253 0.05259916
v -0.10004864 0.01267811 0.00910963
v -0.12019600 -0.00169062 0.05360030
v -0.09678136 0.00117495 0.01011077
v -0.09136061 0.00696484 0.05894610
v -0.12019600 -0.00169062 0.05360030
v -0.09136061 0.00696484 0.05894610
v -0.12346328 0.00981253 0.05259916
v -0.12346328 0.00981253 0.05259916
v -0.09136061 0.00696484 0.05894610
v -0.09462788 0.01846800 0.05794496
v -0.12346328 0.00981253 0.05259916
v -0.09462788 0.01846800 0.05794496
v -0.10004864 0.01267811 0.00910963
v -0.09136061 0.00696484 0.05894610
v -0.09678136 0.00117495 0.01011077
v -0.06459574 0.01340877 0.04563846
v -0.09136061 0.00696484 0.05894610
v -0.06459574 0.01340877 0.04563846
v -0.09462788 0.01846800 0.05794496
v -0.09462788 0.01846800 0.05794496
v -0.06459574 0.01340877 0.04563846
v -0.06786302 0.02491193 0.04463732
v -0.09462788 0.01846800 0.05794496
v -0.06786302 0.02491193 0.04463732
v -0.10004864 0.01267811 0.00910963
v -0.06459574 0.01340877 0.04563846
v -0.09678136 0.00117495 0.01011077
v -0.05012470 0.01517979 0.01876045
v -0.06459574 0.01340877 0.04563846
v -0.05012470 0.01517979 0.01876045
v -0.06786302 0.02491193 0.04463732
v -0.06786302 0.02491193 0.04463732
v -0.05012470 0.01517979 0.01876045
v -0.05339198 0.02668294 0.01775931
v -0.06786302 0.02491193 0.04463732
v -0.05339198 0.02668294 0.01775931
v -0.10004864 0.01267811 0.00910963
v -0.05012470 0.01517979 0.01876045
v -0.09678136 0.00117495 0.01011077
v -0.05347491 0.01160144 -0.01142144
v -0.05012470 0.01517979 0.01876045
v -0.05347491 0.01160144 -0.01142144
v -0.05339198 0.02668294 0.01775931
v -0.05339198 0.02668294 0.01775931
v -0.05347491 0.01160144 -0.01142144
v -0.05674219 0.02310460 -0.01242258
v -0.05339198 0.02668294 0.01775931
v -0.05674219 0.02310460 -0.01242258
v -0.10004864 0.01267811 0.00910963
v -0.05347491 0.01160144 -0.01142144
v -0.09678136 0.00117495 0.01011077
v -0.07336671 0.00404052 -0.03337875
v -0.05347491 0.01160144 -0.01142144
v -0.07336671 0.00404052 -0.03337875
v -0.05674219 0.02310460 -0.01242258
v -0.05674219 0.02310460 -0.01242258
v -0.07336671 0.00404052 -0.03337875
v -0.07663399 0.01554368 -0.03437989
v -0.05674219 0.02310460 -0.01242258
v -0.07663399 0.01554368 -0.03437989
v -0.10004864 0.01267811 0.00910963
v -0.07336671 0.00404052 -0.03337875
v -0.09678136 0.00117495 0.01011077
v -0.10220211 -0.00461494 -0.03872455
v -0.07336671 0.00404052 -0.03337875
v -0.10220211 -0.00461494 -0.03872455
v -0.07663399 0.01554368 -0.03437989
v -0.07663399 0.01554368 -0.03437989
v -0.10220211 -0.00461494 -0.03872455
v -0.10546939 0.00688821 -0.03972569
v -0.07663399 0.01554368 -0.03437989
v -0.10546939 0.00688821 -0.03972569
v -0.10004864 0.01267811 0.00910963
v -0.10220211 -0.00461494 -0.03872455
v -0.09678136 0.00117495 0.01011077
v -0.12896697 -0.01105887 -0.02541691
v -0.10220211 -0.00461494 -0.03872455
v -0.12896697 -0.01105887 -0.02541691
v -0.10546939 0.00688821 -0.03972569
v -0.10546939 0.00688821 -0.03972569
v -0.12896697 -0.01105887 -0.02541691
v -0.13223425 0.00044429 -0.02641805
v -0.10546939 0.00688821 -0.03972569
v -0.13223425 0.00044429 -0.02641805
v -0.10004864 0.01267811 0.00910963
v -0.12896697 -0.01105887 -0.02541691
v -0.09678136 0.00117495 0.01011077
v -0.14343801 -0.01282989 0.00146110
v -0.12896697 -0.01105887 -0.02541691
v -0.14343801 -0.01282989 0.00146110
v -0.13223425 0.00044429 -0.02641805
v -0.13223425 0.00044429 -0.02641805
v -0.14343801 -0.01282989 0.00146110
v -0.14670530 -0.00132673 0.00045996
v -0.13223425 0.00044429 -0.02641805
v -0.14670530 -0.00132673 0.00045996
v -0.10004864 0.01267811 0.00910963
v -0.14343801 -0.01282989 0.00146110
v -0.09678136 0.00117495 0.01011077
v -0.14008780 -0.00925154 0.03164298
v -0.14343801 -0.01282989 0.00146110
v -0.14008780 -0.00925154 0.03164298
v -0.14670530 -0.00132673 0.00045996
v -0.14670530 -0.00132673 0.00045996
v -0.14008780 -0.00925154 0.03164298
v -0.14335509 0.00225162 0.03064184
v -0.14670530 -0.00132673 0.00045996
v -0.14335509 0.00225162 0.03064184
v -0.10004864 0.01267811 0.00910963
f 3721 3722 3723
f 3724 3725 3726
f 3727 3728 3729
f 3730 3731 3732
f 3733 3734 3735
f 3736 3737 3738
f 3739 3740 3741
f 3742 3743 3744
f 3745 3746 3747
f 3748 3749 3750
f 3751 3752 3753
f 3754 3755 3756
f 3757 3758 3759
f 3760 3761 3762
f 3763 3764 3765
f 3766 3767 3768
f 3769 3770 3771
f 3772 3773 3774
f 3775 3776 3777
f 3778 3779 3780
f 3781 3782 3783
f 3784 3785 3786
f 3787 3788 3789
f 3790 3791 3792
f 3793 3794 3795
f 3796 3797 3798
f 3799 3800 3801
f 3802 3803 3804
f 3805 3806 3807
f 3808 3809 3810
f 3811 3812 3813
f 3814 3815 3816
f 3817 3818 3819
f 3820 3821 3822
f 3823 3824 3825
f 3826 3827 3828
f 3829 3830 3831
f 3832 3833 3834
f 3835 3836 3837
f 3838 3839 3840

o geometry_6
usemtl material_0
v -0.08143702 0.00293563 0.02350170
v -0.03956977 0.01129347 0.02384851
v -0.07237162 -0.00183182 0.04781945
v -0.08143702 0.00293563 0.02350170
v -0.07237162 -0.00183182 0.04781945
v -0.08373185 0.01430322 0.02658579
v -0.08373185 0.01430322 0.02658579
v -0.07237162 -0.00183182 0.04781945
v -0.07466644 0.00953577 0.05090354
v -0.08373185 0.01430322 0.02658579
v -0.07466644 0.00953577 0.05090354
v -0.04186459 0.02266106 0.02693259
v -0.07237162 -0.00183182 0.04781945
v -0.03956977 0.01129347 0.02384851
v -0.05077702 -0.00158586 0.06298111
v -0.07237162 -0.00183182 0.04781945
v -0.05077702 -0.00158586 0.06298111
v -0.07466644 0.00953577 0.05090354
v -0.07466644 0.00953577 0.05090354
v -0.05077702 -0.00158586 0.06298111
v -0.05307184 0.00978174 0.06606520
v -0.07466644 0.00953577 0.05090354
v -0.05307184 0.00978174 0.06606520
v -0.04186459 0.02266106 0.02693259
v -0.05077702 -0.00158586 0.06298111
v -0.03956977 0.01129347 0.02384851
v -0.02490163 0.00357957 0.06319545
v -0.05077702 -0.00158586 0.06298111
v -0.02490163 0.00357957 0.06319545
v -0.05307184 0.00978174 0.06606520
v -0.05307184 0.00978174 0.06606520
v -0.02490163 0.00357957 0.06319545
v -0.02719646 0.01494716 0.06627954
v -0.05307184 0.00978174 0.06606520
v -0.02719646 0.01494716 0.06627954
v -0.04186459 0.02266106 0.02693259
v -0.02490163 0.00357957 0.06319545
v -0.03956977 0.01129347 0.02384851
v -0.00462897 0.01169144 0.04838059
v -0.02490163 0.00357957 0.06319545
v -0.00462897 0.01169144 0.04838059
v -0.02719646 0.01494716 0.06627954
v -0.02719646 0.01494716 0.06627954
v -0.00462897 0.01169144 0.04838059
v -0.00692380 0.02305904 0.05146468
v -0.02719646 0.01494716 0.06627954
v -0.00692380 0.02305904 0.05146468
v -0.04186459 0.02266106 0.02693259
v -0.00462897 0.01169144 0.04838059
v -0.03956977 0.01129347 0.02384851
v 0.00229749 0.01965130 0.02419531
v -0.00462897 0.01169144 0.04838059
v 0.00229749 0.01965130 0.02419531
v -0.00692380 0.02305904 0.05146468
v -0.00692380 0.02305904 0.05146468
v 0.00229749 0.01965130 0.02419531
v 0.00000266 0.03101890 0.02727939
v -0.00692380 0.02305904 0.05146468
v 0.00000266 0.03101890 0.02727939
v -0.04186459 0.02266106 0.02693259
v 0.00229749 0.01965130 0.02419531
v -0.03956977 0.01129347 0.02384851
v -0.00676792 0.02441875 -0.00012244
v 0.00229749 0.01965130 0.02419531
v -0.00676792 0.02441875 -0.00012244
v 0.00000266 0.03101890 0.02727939
v 0.00000266 0.03101890 0.02727939
v -0.00676792 0.02441875 -0.00012244
v -0.00906275 0.03578635 0.00296164
v 0.00000266 0.03101890 0.02727939
v -0.00906275 0.03578635 0.00296164
v -0.04186459 0.02266106 0.02693259
v -0.00676792 0.02441875 -0.00012244
v -0.03956977 0.01129347 0.02384851
v -0.02836252 0.02417279 -0.01528411
v -0.00676792 0.02441875 -0.00012244
v -0.02836252 0.02417279 -0.01528411
v -0.00906275 0.03578635 0.00296164
v -0.00906275 0.03578635 0.00296164
v -0.02836252 0.02417279 -0.01528411
v -0.03065734 0.03554039 -0.01220002
v -0.00906275 0.03578635 0.00296164
v -0.03065734 0.03554039 -0.01220002
v -0.04186459 0.02266106 0.02693259
v -0.02836252 0.02417279 -0.01528411
v -0.03956977 0.01129347 0.02384851
v -0.05423791 0.01900736 -0.01549844
v -0.02836252 0.02417279 -0.01528411
v -0.05423791 0.01900736 -0.01549844
v -0.03065734 0.03554039 -0.01220002
v -0.03065734 0.03554039 -0.01220002
v -0.05423791 0.01900736 -0.01549844
v -0.05653273 0.03037496 -0.01241436
v -0.03065734 0.03554039 -0.01220002
v -0.05653273 0.03037496 -0.01241436
v -0.04186459 0.02266106 0.02693259
v -0.05423791 0.01900736 -0.01549844
v -0.03956977 0.01129347 0.02384851
v -0.07451056 0.01089549 -0.00068358
v -0.05423791 0.01900736 -0.01549844
v -0.07451056 0.01089549 -0.00068358
v -0.05653273 0.03037496 -0.01241436
v -0.05653273 0.03037496 -0.01241436
v -0.07451056 0.01089549 -0.00068358
v -0.07680539 0.02226308 0.00240050
v -0.05653273 0.03037496 -0.01241436
v -0.07680539 0.02226308 0.00240050
v -0.04186459 0.02266106 0.02693259
v -0.07451056 0.01089549 -0.00068358
v -0.03956977 0.01129347 0.02384851
v -0.08143702 0.00293563 0.02350170
v -0.07451056 0.01089549 -0.00068358
v -0.08143702 0.00293563 0.02350170
v -0.07680539 0.02226308 0.00240050
v -0.07680539 0.02226308 0.00240050
v -0.08143702 0.00293563 0.02350170
v -0.08373185 0.01430322 0.02658579
v -0.07680539 0.02226308 0.00240050
v -0.08373185 0.01430322 0.02658579
v -0.04186459 0.02266106 0.02693259
f 3841 3842 3843
f 3844 3845 3846
f 3847 3848 3849
f 3850 3851 3852
f 3853 3854 3855
f 3856 3857 3858
f 3859 3860 3861
f 3862 3863 3864
f 3865 3866 3867
f 3868 3869 3870
f 3871 3872 3873
f 3874 3875 3876
f 3877 3878 3879
f 3880 3881 3882
f 3883 3884 3885
f 3886 3887 3888
f 3889 3890 3891
f 3892 3893 3894
f 3895 3896 3897
f 3898 3899 3900
f 3901 3902 3903
f 3904 3905 3906
f 3907 3908 3909
f 3910 3911 3912
f 3913 3914 3915
f 3916 3917 3918
f 3919 3920 3921
f 3922 3923 3924
f 3925 3926 3927
f 3928 3929 3930
f 3931 3932 3933
f 3934 3935 3936
f 3937 3938 3939
f 3940 3941 3942
f 3943 3944 3945
f 3946 3947 3948
f 3949 3950 3951
f 3952 3953 3954
f 3955 3956 3957
f 3958 3959 3960

o geometry_5
usemtl material_0
v -0.01090500 -0.00813709 0.04798467
v -0.04221399 -0.00029903 0.02544933
v -0.00410313 -0.01012488 0.02471128
v -0.01090500 -0.00813709 0.04798467
v -0.00410313 -0.01012488 0.02471128
v -0.00791138 0.00348291 0.04786712
v -0.00791138 0.00348291 0.04786712
v -0.00410313 -0.01012488 0.02471128
v -0.00110951 0.00149512 0.02459372
v -0.00791138 0.00348291 0.04786712
v -0.00110951 0.00149512 0.02459372
v -0.03922037 0.01132097 0.02533177
v -0.00410313 -0.01012488 0.02471128
v -0.04221399 -0.00029903 0.02544933
v -0.01185832 -0.00835953 0.00171979
v -0.00410313 -0.01012488 0.02471128
v -0.01185832 -0.00835953 0.00171979
v -0.00110951 0.00149512 0.02459372
v -0.00110951 0.00149512 0.02459372
v -0.01185832 -0.00835953 0.00171979
v -0.00886469 0.00326047 0.00160224
v -0.00110951 0.00149512 0.02459372
v -0.00886469 0.00326047 0.00160224
v -0.03922037 0.01132097 0.02533177
v -0.01185832 -0.00835953 0.00171979
v -0.04221399 -0.00029903 0.02544933
v -0.03120833 -0.00351534 -0.01220782
v -0.01185832 -0.00835953 0.00171979
v -0.03120833 -0.00351534 -0.01220782
v -0.00886469 0.00326047 0.00160224
v -0.00886469 0.00326047 0.00160224
v -0.03120833 -0.00351534 -0.01220782
v -0.02821471 0.00810465 -0.01232537
v -0.00886469 0.00326047 0.00160224
v -0.02821471 0.00810465 -0.01232537
v -0.03922037 0.01132097 0.02533177
v -0.03120833 -0.00351534 -0.01220782
v -0.04221399 -0.00029903 0.02544933
v -0.05476214 0.00255736 -0.01175168
v -0.03120833 -0.00351534 -0.01220782
v -0.05476214 0.00255736 -0.01175168
v -0.02821471 0.00810465 -0.01232537
v -0.02821471 0.00810465 -0.01232537
v -0.05476214 0.00255736 -0.01175168
v -0.05176852 0.01417736 -0.01186923
v -0.02821471 0.00810465 -0.01232537
v -0.05176852 0.01417736 -0.01186923
v -0.03922037 0.01132097 0.02533177
v -0.05476214 0.00255736 -0.01175168
v -0.04221399 -0.00029903 0.02544933
v -0.07352298 0.00753902 0.00291398
v -0.05476214 0.00255736 -0.01175168
v -0.07352298 0.00753902 0.00291398
v -0.05176852 0.01417736 -0.01186923
v -0.05176852 0.01417736 -0.01186923
v -0.07352298 0.00753902 0.00291398
v -0.07052936 0.01915902 0.00279643
v -0.05176852 0.01417736 -0.01186923
v -0.07052936 0.01915902 0.00279643
v -0.03922037 0.01132097 0.02533177
v -0.07352298 0.00753902 0.00291398
v -0.04221399 -0.00029903 0.02544933
v -0.08032485 0.00952682 0.02618738
v -0.07352298 0.00753902 0.00291398
v -0.08032485 0.00952682 0.02618738
v -0.07052936 0.01915902 0.00279643
v -0.07052936 0.01915902 0.00279643
v -0.08032485 0.00952682 0.02618738
v -0.07733123 0.02114682 0.02606982
v -0.07052936 0.01915902 0.00279643
v -0.07733123 0.02114682 0.02606982
v -0.03922037 0.01132097 0.02533177
v -0.08032485 0.00952682 0.02618738
v -0.04221399 -0.00029903 0.02544933
v -0.07256967 0.00776147 0.04917886
v -0.08032485 0.00952682 0.02618738
v -0.07256967 0.00776147 0.04917886
v -0.07733123 0.02114682 0.02606982
v -0.07733123 0.02114682 0.02606982
v -0.07256967 0.00776147 0.04917886
v -0.06957605 0.01938147 0.04906131
v -0.07733123 0.02114682 0.02606982
v -0.06957605 0.01938147 0.04906131
v -0.03922037 0.01132097 0.02533177
v -0.07256967 0.00776147 0.04917886
v -0.04221399 -0.00029903 0.02544933
v -0.05321965 0.00291728 0.06310647
v -0.07256967 0.00776147 0.04917886
v -0.05321965 0.00291728 0.06310647
v -0.06957605 0.01938147 0.04906131
v -0.06957605 0.01938147 0.04906131
v -0.05321965 0.00291728 0.06310647
v -0.05022603 0.01453728 0.06298891
v -0.06957605 0.01938147 0.04906131
v -0.05022603 0.01453728 0.06298891
v -0.03922037 0.01132097 0.02533177
v -0.05321965 0.00291728 0.06310647
v -0.04221399 -0.00029903 0.02544933
v -0.02966584 -0.00315542 0.06265033
v -0.05321965 0.00291728 0.06310647
v -0.02966584 -0.00315542 0.06265033
v -0.05022603 0.01453728 0.06298891
v -0.05022603 0.01453728 0.06298891
v -0.02966584 -0.00315542 0.06265033
v -0.02667222 0.00846458 0.06253278
v -0.05022603 0.01453728 0.06298891
v -0.02667222 0.00846458 0.06253278
v -0.03922037 0.01132097 0.02533177
v -0.02966584 -0.00315542 0.06265033
v -0.04221399 -0.00029903 0.02544933
v -0.01090500 -0.00813709 0.04798467
v -0.02966584 -0.00315542 0.06265033
v -0.01090500 -0.00813709 0.04798467
v -0.02667222 0.00846458 0.06253278
v -0.02667222 0.00846458 0.06253278
v -0.01090500 -0.00813709 0.04798467
v -0.00791138 0.00348291 0.04786712
v -0.02667222 0.00846458 0.06253278
v -0.00791138 0.00348291 0.04786712
v -0.03922037 0.01132097 0.02533177
f 3961 3962 3963
f 3964 3965 3966
f 3967 3968 3969
f 3970 3971 3972
f 3973 3974 3975
f 3976 3977 3978
f 3979 3980 3981
f 3982 3983 3984
f 3985 3986 3987
f 3988 3989 3990
f 3991 3992 3993
f 3994 3995 3996
f 3997 3998 3999
f 4000 4001 4002
f 4003 4004 4005
f 4006 4007 4008
f 4009 4010 4011
f 4012 4013 4014
f 4015 4016 4017
f 4018 4019 4020
f 4021 4022 4023
f 4024 4025 4026
f 4027 4028 4029
f 4030 4031 4032
f 4033 4034 4035
f 4036 4037 4038
f 4039 4040 4041
f 4042 4043 4044
f 4045 4046 4047
f 4048 4049 4050
f 4051 4052 4053
f 4054 4055 4056
f 4057 4058 4059
f 4060 4061 4062
f 4063 4064 4065
f 4066 4067 4068
f 4069 4070 4071
f 4072 4073 4074
f 4075 4076 4077
f 4078 4079 4080

o geometry_4
usemtl material_0
v 0.09352202 0.01547479 0.07221685
v 0.05491981 0.01110102 0.05332861
v 0.09746757 0.01244650 0.04598670
v 0.09352202 0.01547479 0.07221685
v 0.09746757 0.01244650 0.04598670
v 0.09289265 0.02736804 0.07074910
v 0.09289265 0.02736804 0.07074910
v 0.09746757 0.01244650 0.04598670
v 0.09683820 0.02433976 0.04451895
v 0.09289265 0.02736804 0.07074910
v 0.09683820 0.02433976 0.04451895
v 0.05429044 0.02299428 0.05186085
v 0.09746757 0.01244650 0.04598670
v 0.05491981 0.01110102 0.05332861
v 0.08516132 0.00890428 0.02256091
v 0.09746757 0.01244650 0.04598670
v 0.08516132 0.00890428 0.02256091
v 0.09683820 0.02433976 0.04451895
v 0.09683820 0.02433976 0.04451895
v 0.08516132 0.00890428 0.02256091
v 0.08453196 0.02079754 0.02109316
v 0.09683820 0.02433976 0.04451895
v 0.08453196 0.02079754 0.02109316
v 0.05429044 0.02299428 0.05186085
v 0.08516132 0.00890428 0.02256091
v 0.05491981 0.01110102 0.05332861
v 0.06130384 0.00620115 0.01088734
v 0.08516132 0.00890428 0.02256091
v 0.06130384 0.00620115 0.01088734
v 0.08453196 0.02079754 0.02109316
v 0.08453196 0.02079754 0.02109316
v 0.06130384 0.00620115 0.01088734
v 0.06067448 0.01809441 0.00941959
v 0.08453196 0.02079754 0.02109316
v 0.06067448 0.01809441 0.00941959
v 0.05429044 0.02299428 0.05186085
v 0.06130384 0.00620115 0.01088734
v 0.05491981 0.01110102 0.05332861
v 0.03500788 0.00536960 0.01542489
v 0.06130384 0.00620115 0.01088734
v 0.03500788 0.00536960 0.01542489
v 0.06067448 0.01809441 0.00941959
v 0.06067448 0.01809441 0.00941959
v 0.03500788 0.00536960 0.01542489
v 0.03437851 0.01726286 0.01395713
v 0.06067448 0.01809441 0.00941959
v 0.03437851 0.01726286 0.01395713
v 0.05429044 0.02299428 0.05186085
v 0.03500788 0.00536960 0.01542489
v 0.05491981 0.01110102 0.05332861
v 0.01631760 0.00672726 0.03444037
v 0.03500788 0.00536960 0.01542489
v 0.01631760 0.00672726 0.03444037
v 0.03437851 0.01726286 0.01395713
v 0.03437851 0.01726286 0.01395713
v 0.01631760 0.00672726 0.03444037
v 0.01568823 0.01862052 0.03297262
v 0.03437851 0.01726286 0.01395713
v 0.01568823 0.01862052 0.03297262
v 0.05429044 0.02299428 0.05186085
v 0.01631760 0.00672726 0.03444037
v 0.05491981 0.01110102 0.05332861
v 0.01237204 0.00975555 0.06067052
v 0.01631760 0.00672726 0.03444037
v 0.01237204 0.00975555 0.06067052
v 0.01568823 0.01862052 0.03297262
v 0.01568823 0.01862052 0.03297262
v 0.01237204 0.00975555 0.06067052
v 0.01174268 0.02164881 0.05920276
v 0.01568823 0.01862052 0.03297262
v 0.01174268 0.02164881 0.05920276
v 0.05429044 0.02299428 0.05186085
v 0.01237204 0.00975555 0.06067052
v 0.05491981 0.01110102 0.05332861
v 0.02467829 0.01329777 0.08409631
v 0.01237204 0.00975555 0.06067052
v 0.02467829 0.01329777 0.08409631
v 0.01174268 0.02164881 0.05920276
v 0.01174268 0.02164881 0.05920276
v 0.02467829 0.01329777 0.08409631
v 0.02404892 0.02519102 0.08262855
v 0.01174268 0.02164881 0.05920276
v 0.02404892 0.02519102 0.08262855
v 0.05429044 0.02299428 0.05186085
v 0.02467829 0.01329777 0.08409631
v 0.05491981 0.01110102 0.05332861
v 0.04853577 0.01600090 0.09576987
v 0.02467829 0.01329777 0.08409631
v 0.04853577 0.01600090 0.09576987
v 0.02404892 0.02519102 0.08262855
v 0.02404892 0.02519102 0.08262855
v 0.04853577 0.01600090 0.09576987
v 0.04790640 0.02789416 0.09430213
v 0.02404892 0.02519102 0.08262855
v 0.04790640 0.02789416 0.09430213
v 0.05429044 0.02299428 0.05186085
v 0.04853577 0.01600090 0.09576987
v 0.05491981 0.01110102 0.05332861
v 0.07483173 0.01683245 0.09123233
v 0.04853577 0.01600090 0.09576987
v 0.07483173 0.01683245 0.09123233
v 0.04790640 0.02789416 0.09430213
v 0.04790640 0.02789416 0.09430213
v 0.07483173 0.01683245 0.09123233
v 0.07420237 0.02872571 0.08976457
v 0.04790640 0.02789416 0.09430213
v 0.07420237 0.02872571 0.08976457
v 0.05429044 0.02299428 0.05186085
v 0.07483173 0.01683245 0.09123233
v 0.05491981 0.01110102 0.05332861
v 0.09352202 0.01547479 0.07221685
v 0.07483173 0.01683245 0.09123233
v 0.09352202 0.01547479 0.07221685
v 0.07420237 0.02872571 0.08976457
v 0.07420237 0.02872571 0.08976457
v 0.09352202 0.01547479 0.07221685
v 0.09289265 0.02736804 0.07074910
v 0.07420237 0.02872571 0.08976457
v 0.09289265 0.02736804 0.07074910
v 0.05429044 0.02299428 0.05186085
f 4081 4082 4083
f 4084 4085 4086
f 4087 4088 4089
f 4090 4091 4092
f 4093 4094 4095
f 4096 4097 4098
f 4099 4100 4101
f 4102 4103 4104
f 4105 4106 4107
f 4108 4109 4110
f 4111 4112 4113
f 4114 4115 4116
f 4117 4118 4119
f 4120 4121 4122
f 4123 4124 4125
f 4126 4127 4128
f 4129 4130 4131
f 4132 4133 4134
f 4135 4136 4137
f 4138 4139 4140
f 4141 4142 4143
f 4144 4145 4146
f 4147 4148 4149
f 4150 4151 4152
f 4153 4154 4155
f 4156 4157 4158
f 4159 4160 4161
f 4162 4163 4164
f 4165 4166 4167
f 4168 4169 4170
f 4171 4172 4173
f 4174 4175 4176
f 4177 4178 4179
f 4180 4181 4182
f 4183 4184 4185
f 4186 4187 4188
f 4189 4190 4191
f 4192 4193 4194
f 4195 4196 4197
f 4198 4199 4200

o geometry_3
usemtl material_1
v 0.05506637 -0.00391722 0.01414170
v 0.05530301 -0.00045818 0.05311733
v 0.03226833 -0.00590916 0.02195948
v 0.05506637 -0.00391722 0.01414170
v 0.03226833 -0.00590916 0.02195948
v 0.05367060 0.00795542 0.01309649
v 0.05367060 0.00795542 0.01309649
v 0.03226833 -0.00590916 0.02195948
v 0.03087256 0.00596348 0.02091428
v 0.05367060 0.00795542 0.01309649
v 0.03087256 0.00596348 0.02091428
v 0.05390724 0.01141445 0.05207213
v 0.03226833 -0.00590916 0.02195948
v 0.05530301 -0.00045818 0.05311733
v 0.01826875 -0.00581901 0.04167851
v 0.03226833 -0.00590916 0.02195948
v 0.01826875 -0.00581901 0.04167851
v 0.03087256 0.00596348 0.02091428
v 0.03087256 0.00596348 0.02091428
v 0.01826875 -0.00581901 0.04167851
v 0.01687299 0.00605362 0.04063330
v 0.03087256 0.00596348 0.02091428
v 0.01687299 0.00605362 0.04063330
v 0.05390724 0.01141445 0.05207213
v 0.01826875 -0.00581901 0.04167851
v 0.05530301 -0.00045818 0.05311733
v 0.01841500 -0.00368121 0.06576677
v 0.01826875 -0.00581901 0.04167851
v 0.01841500 -0.00368121 0.06576677
v 0.01687299 0.00605362 0.04063330
v 0.01687299 0.00605362 0.04063330
v 0.01841500 -0.00368121 0.06576677
v 0.01701923 0.00819142 0.06472157
v 0.01687299 0.00605362 0.04063330
v 0.01701923 0.00819142 0.06472157
v 0.05390724 0.01141445 0.05207213
v 0.01841500 -0.00368121 0.06576677
v 0.05530301 -0.00045818 0.05311733
v 0.03265121 -0.00031232 0.08502339
v 0.01841500 -0.00368121 0.06576677
v 0.03265121 -0.00031232 0.08502339
v 0.01701923 0.00819142 0.06472157
v 0.01701923 0.00819142 0.06472157
v 0.03265121 -0.00031232 0.08502339
v 0.03125545 0.01156031 0.08397818
v 0.01701923 0.00819142 0.06472157
v 0.03125545 0.01156031 0.08397818
v 0.05390724 0.01141445 0.05207213
v 0.03265121 -0.00031232 0.08502339
v 0.05530301 -0.00045818 0.05311733
v 0.05553964 0.00300086 0.09209297
v 0.03265121 -0.00031232 0.08502339
v 0.05553964 0.00300086 0.09209297
v 0.03125545 0.01156031 0.08397818
v 0.03125545 0.01156031 0.08397818
v 0.05553964 0.00300086 0.09209297
v 0.05414387 0.01487349 0.09104776
v 0.03125545 0.01156031 0.08397818
v 0.05414387 0.01487349 0.09104776
v 0.05390724 0.01141445 0.05207213
v 0.05553964 0.00300086 0.09209297
v 0.05530301 -0.00045818 0.05311733
v 0.07833768 0.00499280 0.08427519
v 0.05553964 0.00300086 0.09209297
v 0.07833768 0.00499280 0.08427519
v 0.05414387 0.01487349 0.09104776
v 0.05414387 0.01487349 0.09104776
v 0.07833768 0.00499280 0.08427519
v 0.07694191 0.01686543 0.08322998
v 0.05414387 0.01487349 0.09104776
v 0.07694191 0.01686543 0.08322998
v 0.05390724 0.01141445 0.05207213
v 0.07833768 0.00499280 0.08427519
v 0.05530301 -0.00045818 0.05311733
v 0.09233726 0.00490265 0.06455617
v 0.07833768 0.00499280 0.08427519
v 0.09233726 0.00490265 0.06455617
v 0.07694191 0.01686543 0.08322998
v 0.07694191 0.01686543 0.08322998
v 0.09233726 0.00490265 0.06455617
v 0.09094149 0.01677528 0.06351095
v 0.07694191 0.01686543 0.08322998
v 0.09094149 0.01677528 0.06351095
v 0.05390724 0.01141445 0.05207213
v 0.09233726 0.00490265 0.06455617
v 0.05530301 -0.00045818 0.05311733
v 0.09219101 0.00276485 0.04046790
v 0.09233726 0.00490265 0.06455617
v 0.09219101 0.00276485 0.04046790
v 0.09094149 0.01677528 0.06351095
v 0.09094149 0.01677528 0.06351095
v 0.09219101 0.00276485 0.04046790
v 0.09079524 0.01463748 0.03942269
v 0.09094149 0.01677528 0.06351095
v 0.09079524 0.01463748 0.03942269
v 0.05390724 0.01141445 0.05207213
v 0.09219101 0.00276485 0.04046790
v 0.05530301 -0.00045818 0.05311733
v 0.07795480 -0.00060404 0.02121128
v 0.09219101 0.00276485 0.04046790
v 0.07795480 -0.00060404 0.02121128
v 0.09079524 0.01463748 0.03942269
v 0.09079524 0.01463748 0.03942269
v 0.07795480 -0.00060404 0.02121128
v 0.07655903 0.01126859 0.02016608
v 0.09079524 0.01463748 0.03942269
v 0.07655903 0.01126859 0.02016608
v 0.05390724 0.01141445 0.05207213
v 0.07795480 -0.00060404 0.02121128
v 0.05530301 -0.00045818 0.05311733
v 0.05506637 -0.00391722 0.01414170
v 0.07795480 -0.00060404 0.02121128
v 0.05506637 -0.00391722 0.01414170
v 0.07655903 0.01126859 0.02016608
v 0.07655903 0.01126859 0.02016608
v 0.05506637 -0.00391722 0.01414170
v 0.05367060 0.00795542 0.01309649
v 0.07655903 0.01126859 0.02016608
v 0.05367060 0.00795542 0.01309649
v 0.05390724 0.01141445 0.05207213
f 4201 4202 4203
f 4204 4205 4206
f 4207 4208 4209
f 4210 4211 4212
f 4213 4214 4215
f 4216 4217 4218
f 4219 4220 4221
f 4222 4223 4224
f 4225 4226 4227
f 4228 4229 4230
f 4231 4232 4233
f 4234 4235 4236
f 4237 4238 4239
f 4240 4241 4242
f 4243 4244 4245
f 4246 4247 4248
f 4249 4250 4251
f 4252 4253 4254
f 4255 4256 4257
f 4258 4259 4260
f 4261 4262 4263
f 4264 4265 4266
f 4267 4268 4269
f 4270 4271 4272
f 4273 4274 4275
f 4276 4277 4278
f 4279 4280 4281
f 4282 4283 4284
f 4285 4286 4287
f 4288 4289 4290
f 4291 4292 4293
f 4294 4295 4296
f 4297 4298 4299
f 4300 4301 4302
f 4303 4304 4305
f 4306 4307 4308
f 4309 4310 4311
f 4312 4313 4314
f 4315 4316 4317
f 4318 4319 4320

o geometry_2
usemtl material_2
v -0.02251671 0.47789779 0.00951991
v -0.02905400 0.46159253 0.02788463
v -0.00418102 0.47596183 0.02701033
v -0.02905400 0.46159253 0.02788463
v -0.02691290 0.43834254 0.03792026
v -0.00676503 0.45271182 0.04370364
v -0.00418102 0.47596183 0.02701033
v -0.00676503 0.45271182 0.04370364
v 0.01540354 0.46278903 0.03643281
v -0.02905400 0.46159253 0.02788463
v -0.00676503 0.45271182 0.04370364
v -0.00418102 0.47596183 0.02701033
v -0.02251671 0.47789779 0.00951991
v -0.00418102 0.47596183 0.02701033
v 0.00000000 0.48484254 0.00000000
v -0.00418102 0.47596183 0.02701033
v 0.01540354 0.46278903 0.03643281
v 0.02228897 0.47596183 0.01581900
v 0.00000000 0.48484254 0.00000000
v 0.02228897 0.47596183 0.01581900
v 0.02251671 0.47789779 -0.00951991
v -0.00418102 0.47596183 0.02701033
v 0.02228897 0.47596183 0.01581900
v 0.00000000 0.48484254 0.00000000
v -0.02251671 0.47789779 0.00951991
v 0.00000000 0.48484254 0.00000000
v -0.02228897 0.47596183 -0.01581900
v 0.00000000 0.48484254 0.00000000
v 0.02251671 0.47789779 -0.00951991
v 0.00418102 0.47596183 -0.02701033
v -0.02228897 0.47596183 -0.01581900
v 0.00418102 0.47596183 -0.02701033
v -0.01540354 0.46278903 -0.03643281
v 0.00000000 0.48484254 0.00000000
v 0.00418102 0.47596183 -0.02701033
v -0.02228897 0.47596183 -0.01581900
v -0.02251671 0.47789779 0.00951991
v -0.02228897 0.47596183 -0.01581900
v -0.04024532 0.46159253 0.00141465
v -0.02228897 0.47596183 -0.01581900
v -0.01540354 0.46278903 -0.03643281
v -0.03606431 0.45271182 -0.02559568
v -0.04024532 0.46159253 0.00141465
v -0.03606431 0.45271182 -0.02559568
v -0.04595272 0.43834254 -0.00711317
v -0.02228897 0.47596183 -0.01581900
v -0.03606431 0.45271182 -0.02559568
v -0.04024532 0.46159253 0.00141465
v -0.02251671 0.47789779 0.00951991
v -0.04024532 0.46159253 0.00141465
v -0.02905400 0.46159253 0.02788463
v -0.04024532 0.46159253 0.00141465
v -0.04595272 0.43834254 -0.00711317
v -0.04282933 0.43834254 0.01810795
v -0.02905400 0.46159253 0.02788463
v -0.04282933 0.43834254 0.01810795
v -0.02691290 0.43834254 0.03792026
v -0.04024532 0.46159253 0.00141465
v -0.04282933 0.43834254 0.01810795
v -0.02905400 0.46159253 0.02788463
v 0.02251671 0.47789779 -0.00951991
v 0.02228897 0.47596183 0.01581900
v 0.04024532 0.46159253 -0.00141465
v 0.02228897 0.47596183 0.01581900
v 0.01540354 0.46278903 0.03643281
v 0.03606431 0.45271182 0.02559568
v 0.04024532 0.46159253 -0.00141465
v 0.03606431 0.45271182 0.02559568
v 0.04595272 0.43834254 0.00711317
v 0.02228897 0.47596183 0.01581900
v 0.03606431 0.45271182 0.02559568
v 0.04024532 0.46159253 -0.00141465
v 0.01540354 0.46278903 0.03643281
v -0.00676503 0.45271182 0.04370364
v 0.01810795 0.43834254 0.04282933
v -0.00676503 0.45271182 0.04370364
v -0.02691290 0.43834254 0.03792026
v -0.00676503 0.42397323 0.04370364
v 0.01810795 0.43834254 0.04282933
v -0.00676503 0.42397323 0.04370364
v 0.01540354 0.41389602 0.03643281
v -0.00676503 0.45271182 0.04370364
v -0.00676503 0.42397323 0.04370364
v 0.01810795 0.43834254 0.04282933
v -0.02691290 0.43834254 0.03792026
v -0.04282933 0.43834254 0.01810795
v -0.02905400 0.41509253 0.02788463
v -0.04282933 0.43834254 0.01810795
v -0.04595272 0.43834254 -0.00711317
v -0.04024532 0.41509253 0.00141465
v -0.02905400 0.41509253 0.02788463
v -0.04024532 0.41509253 0.00141465
v -0.02251671 0.39878726 0.00951991
v -0.04282933 0.43834254 0.01810795
v -0.04024532 0.41509253 0.00141465
v -0.02905400 0.41509253 0.02788463
v -0.04595272 0.43834254 -0.00711317
v -0.03606431 0.45271182 -0.02559568
v -0.03606431 0.42397323 -0.02559568
v -0.03606431 0.45271182 -0.02559568
v -0.01540354 0.46278903 -0.03643281
v -0.01810795 0.43834254 -0.04282933
v -0.03606431 0.42397323 -0.02559568
v -0.01810795 0.43834254 -0.04282933
v -0.01540354 0.41389602 -0.03643281
v -0.03606431 0.45271182 -0.02559568
v -0.01810795 0.43834254 -0.04282933
v -0.03606431 0.42397323 -0.02559568
v -0.01540354 0.46278903 -0.03643281
v 0.00418102 0.47596183 -0.02701033
v 0.00676503 0.45271182 -0.04370364
v 0.00418102 0.47596183 -0.02701033
v 0.02251671 0.47789779 -0.00951991
v 0.02905400 0.46159253 -0.02788463
v 0.00676503 0.45271182 -0.04370364
v 0.02905400 0.46159253 -0.02788463
v 0.02691290 0.43834254 -0.03792026
v 0.00418102 0.47596183 -0.02701033
v 0.02905400 0.46159253 -0.02788463
v 0.00676503 0.45271182 -0.04370364
v 0.02251671 0.39878726 -0.00951991
v 0.04024532 0.41509253 -0.00141465
v 0.02228897 0.40072325 0.01581900
v 0.04024532 0.41509253 -0.00141465
v 0.04595272 0.43834254 0.00711317
v 0.03606431 0.42397323 0.02559568
v 0.02228897 0.40072325 0.01581900
v 0.03606431 0.42397323 0.02559568
v 0.01540354 0.41389602 0.03643281
v 0.04024532 0.41509253 -0.00141465
v 0.03606431 0.42397323 0.02559568
v 0.02228897 0.40072325 0.01581900
v 0.02251671 0.39878726 -0.00951991
v 0.02228897 0.40072325 0.01581900
v 0.00000000 0.39184254 0.00000000
v 0.02228897 0.40072325 0.01581900
v 0.01540354 0.41389602 0.03643281
v -0.00418102 0.40072325 0.02701033
v 0.00000000 0.39184254 0.00000000
v -0.00418102 0.40072325 0.02701033
v -0.02251671 0.39878726 0.00951991
v 0.02228897 0.40072325 0.01581900
v -0.00418102 0.40072325 0.02701033
v 0.00000000 0.39184254 0.00000000
v 0.02251671 0.39878726 -0.00951991
v 0.00000000 0.39184254 0.00000000
v 0.00418102 0.40072325 -0.02701033
v 0.00000000 0.39184254 0.00000000
v -0.02251671 0.39878726 0.00951991
v -0.02228897 0.40072325 -0.01581900
v 0.00418102 0.40072325 -0.02701033
v -0.02228897 0.40072325 -0.01581900
v -0.01540354 0.41389602 -0.03643281
v 0.00000000 0.39184254 0.00000000
v -0.02228897 0.40072325 -0.01581900
v 0.00418102 0.40072325 -0.02701033
v 0.02251671 0.39878726 -0.00951991
v 0.00418102 0.40072325 -0.02701033
v 0.02905400 0.41509253 -0.02788463
v 0.00418102 0.40072325 -0.02701033
v -0.01540354 0.41389602 -0.03643281
v 0.00676503 0.42397323 -0.04370364
v 0.02905400 0.41509253 -0.02788463
v 0.00676503 0.42397323 -0.04370364
v 0.02691290 0.43834254 -0.03792026
v 0.00418102 0.40072325 -0.02701033
v 0.00676503 0.42397323 -0.04370364
v 0.02905400 0.41509253 -0.02788463
v 0.02251671 0.39878726 -0.00951991
v 0.02905400 0.41509253 -0.02788463
v 0.04024532 0.41509253 -0.00141465
v 0.02905400 0.41509253 -0.02788463
v 0.02691290 0.43834254 -0.03792026
v 0.04282933 0.43834254 -0.01810795
v 0.04024532 0.41509253 -0.00141465
v 0.04282933 0.43834254 -0.01810795
v 0.04595272 0.43834254 0.00711317
v 0.02905400 0.41509253 -0.02788463
v 0.04282933 0.43834254 -0.01810795
v 0.04024532 0.41509253 -0.00141465
v 0.01540354 0.41389602 0.03643281
v 0.03606431 0.42397323 0.02559568
v 0.01810795 0.43834254 0.04282933
v 0.03606431 0.42397323 0.02559568
v 0.04595272 0.43834254 0.00711317
v 0.03606431 0.45271182 0.02559568
v 0.01810795 0.43834254 0.04282933
v 0.03606431 0.45271182 0.02559568
v 0.01540354 0.46278903 0.03643281
v 0.03606431 0.42397323 0.02559568
v 0.03606431 0.45271182 0.02559568
v 0.01810795 0.43834254 0.04282933
v -0.02251671 0.39878726 0.00951991
v -0.00418102 0.40072325 0.02701033
v -0.02905400 0.41509253 0.02788463
v -0.00418102 0.40072325 0.02701033
v 0.01540354 0.41389602 0.03643281
v -0.00676503 0.42397323 0.04370364
v -0.02905400 0.41509253 0.02788463
v -0.00676503 0.42397323 0.04370364
v -0.02691290 0.43834254 0.03792026
v -0.00418102 0.40072325 0.02701033
v -0.00676503 0.42397323 0.04370364
v -0.02905400 0.41509253 0.02788463
v -0.01540354 0.41389602 -0.03643281
v -0.02228897 0.40072325 -0.01581900
v -0.03606431 0.42397323 -0.02559568
v -0.02228897 0.40072325 -0.01581900
v -0.02251671 0.39878726 0.00951991
v -0.04024532 0.41509253 0.00141465
v -0.03606431 0.42397323 -0.02559568
v -0.04024532 0.41509253 0.00141465
v -0.04595272 0.43834254 -0.00711317
v -0.02228897 0.40072325 -0.01581900
v -0.04024532 0.41509253 0.00141465
v -0.03606431 0.42397323 -0.02559568
v 0.02691290 0.43834254 -0.03792026
v 0.00676503 0.42397323 -0.04370364
v 0.00676503 0.45271182 -0.04370364
v 0.00676503 0.42397323 -0.04370364
v -0.01540354 0.41389602 -0.03643281
v -0.01810795 0.43834254 -0.04282933
v 0.00676503 0.45271182 -0.04370364
v -0.01810795 0.43834254 -0.04282933
v -0.01540354 0.46278903 -0.03643281
v 0.00676503 0.42397323 -0.04370364
v -0.01810795 0.43834254 -0.04282933
v 0.00676503 0.45271182 -0.04370364
v 0.04595272 0.43834254 0.00711317
v 0.04282933 0.43834254 -0.01810795
v 0.04024532 0.46159253 -0.00141465
v 0.04282933 0.43834254 -0.01810795
v 0.02691290 0.43834254 -0.03792026
v 0.02905400 0.46159253 -0.02788463
v 0.04024532 0.46159253 -0.00141465
v 0.02905400 0.46159253 -0.02788463
v 0.02251671 0.47789779 -0.00951991
v 0.04282933 0.43834254 -0.01810795
v 0.02905400 0.46159253 -0.02788463
v 0.04024532 0.46159253 -0.00141465
f 4321 4322 4323
f 4324 4325 4326
f 4327 4328 4329
f 4330 4331 4332
f 4333 4334 4335
f 4336 4337 4338
f 4339 4340 4341
f 4342 4343 4344
f 4345 4346 4347
f 4348 4349 4350
f 4351 4352 4353
f 4354 4355 4356
f 4357 4358 4359
f 4360 4361 4362
f 4363 4364 4365
f 4366 4367 4368
f 4369 4370 4371
f 4372 4373 4374
f 4375 4376 4377
f 4378 4379 4380
f 4381 4382 4383
f 4384 4385 4386
f 4387 4388 4389
f 4390 4391 4392
f 4393 4394 4395
f 4396 4397 4398
f 4399 4400 4401
f 4402 4403 4404
f 4405 4406 4407
f 4408 4409 4410
f 4411 4412 4413
f 4414 4415 4416
f 4417 4418 4419
f 4420 4421 4422
f 4423 4424 4425
f 4426 4427 4428
f 4429 4430 4431
f 4432 4433 4434
f 4435 4436 4437
f 4438 4439 4440
f 4441 4442 4443
f 4444 4445 4446
f 4447 4448 4449
f 4450 4451 4452
f 4453 4454 4455
f 4456 4457 4458
f 4459 4460 4461
f 4462 4463 4464
f 4465 4466 4467
f 4468 4469 4470
f 4471 4472 4473
f 4474 4475 4476
f 4477 4478 4479
f 4480 4481 4482
f 4483 4484 4485
f 4486 4487 4488
f 4489 4490 4491
f 4492 4493 4494
f 4495 4496 4497
f 4498 4499 4500
f 4501 4502 4503
f 4504 4505 4506
f 4507 4508 4509
f 4510 4511 4512
f 4513 4514 4515
f 4516 4517 4518
f 4519 4520 4521
f 4522 4523 4524
f 4525 4526 4527
f 4528 4529 4530
f 4531 4532 4533
f 4534 4535 4536
f 4537 4538 4539
f 4540 4541 4542
f 4543 4544 4545
f 4546 4547 4548
f 4549 4550 4551
f 4552 4553 4554
f 4555 4556 4557
f 4558 4559 4560

o geometry_1
usemtl material_3
v 0.06424400 0.36859253 -0.02716193
v -0.00000000 0.36859253 -0.00000000
v 0.03600911 0.36859253 -0.05973614
v 0.06424400 0.36859253 -0.02716193
v 0.03600911 0.36859253 -0.05973614
v 0.06424400 0.41509253 -0.02716193
v 0.06424400 0.41509253 -0.02716193
v 0.03600911 0.36859253 -0.05973614
v 0.03600911 0.41509253 -0.05973614
v 0.06424400 0.41509253 -0.02716193
v 0.03600911 0.41509253 -0.05973614
v 0.00000000 0.41509253 0.00000000
v 0.03600911 0.36859253 -0.05973614
v -0.00000000 0.36859253 -0.00000000
v -0.00598004 0.36859253 -0.06949317
v 0.03600911 0.36859253 -0.05973614
v -0.00598004 0.36859253 -0.06949317
v 0.03600911 0.41509253 -0.05973614
v 0.03600911 0.41509253 -0.05973614
v -0.00598004 0.36859253 -0.06949317
v -0.00598004 0.41509253 -0.06949317
v 0.03600911 0.41509253 -0.05973614
v -0.00598004 0.41509253 -0.06949317
v 0.00000000 0.41509253 0.00000000
v -0.00598004 0.36859253 -0.06949317
v -0.00000000 0.36859253 -0.00000000
v -0.04568502 0.36859253 -0.05270618
v -0.00598004 0.36859253 -0.06949317
v -0.04568502 0.36859253 -0.05270618
v -0.00598004 0.41509253 -0.06949317
v -0.00598004 0.41509253 -0.06949317
v -0.04568502 0.36859253 -0.05270618
v -0.04568502 0.41509253 -0.05270618
v -0.00598004 0.41509253 -0.06949317
v -0.04568502 0.41509253 -0.05270618
v 0.00000000 0.41509253 0.00000000
v -0.04568502 0.36859253 -0.05270618
v -0.00000000 0.36859253 -0.00000000
v -0.06793987 0.36859253 -0.01578722
v -0.04568502 0.36859253 -0.05270618
v -0.06793987 0.36859253 -0.01578722
v -0.04568502 0.41509253 -0.05270618
v -0.04568502 0.41509253 -0.05270618
v -0.06793987 0.36859253 -0.01578722
v -0.06793987 0.41509253 -0.01578722
v -0.04568502 0.41509253 -0.05270618
v -0.06793987 0.41509253 -0.01578722
v 0.00000000 0.41509253 0.00000000
v -0.06793987 0.36859253 -0.01578722
v -0.00000000 0.36859253 -0.00000000
v -0.06424400 0.36859253 0.02716193
v -0.06793987 0.36859253 -0.01578722
v -0.06424400 0.36859253 0.02716193
v -0.06793987 0.41509253 -0.01578722
v -0.06793987 0.41509253 -0.01578722
v -0.06424400 0.36859253 0.02716193
v -0.06424400 0.41509253 0.02716193
v -0.06793987 0.41509253 -0.01578722
v -0.06424400 0.41509253 0.02716193
v 0.00000000 0.41509253 0.00000000
v -0.06424400 0.36859253 0.02716193
v -0.00000000 0.36859253 -0.00000000
v -0.03600911 0.36859253 0.05973614
v -0.06424400 0.36859253 0.02716193
v -0.03600911 0.36859253 0.05973614
v -0.06424400 0.41509253 0.02716193
v -0.06424400 0.41509253 0.02716193
v -0.03600911 0.36859253 0.05973614
v -0.03600911 0.41509253 0.05973614
v -0.06424400 0.41509253 0.02716193
v -0.03600911 0.41509253 0.05973614
v 0.00000000 0.41509253 0.00000000
v -0.03600911 0.36859253 0.05973614
v -0.00000000 0.36859253 -0.00000000
v 0.00598004 0.36859253 0.06949317
v -0.03600911 0.36859253 0.05973614
v 0.00598004 0.36859253 0.06949317
v -0.03600911 0.41509253 0.05973614
v -0.03600911 0.41509253 0.05973614
v 0.00598004 0.36859253 0.06949317
v 0.00598004 0.41509253 0.06949317
v -0.03600911 0.41509253 0.05973614
v 0.00598004 0.41509253 0.06949317
v 0.00000000 0.41509253 0.00000000
v 0.00598004 0.36859253 0.06949317
v -0.00000000 0.36859253 -0.00000000
v 0.04568502 0.36859253 0.05270618
v 0.00598004 0.36859253 0.06949317
v 0.04568502 0.36859253 0.05270618
v 0.00598004 0.41509253 0.06949317
v 0.00598004 0.41509253 0.06949317
v 0.04568502 0.36859253 0.05270618
v 0.04568502 0.41509253 0.05270618
v 0.00598004 0.41509253 0.06949317
v 0.04568502 0.41509253 0.05270618
v 0.00000000 0.41509253 0.00000000
v 0.04568502 0.36859253 0.05270618
v -0.00000000 0.36859253 -0.00000000
v 0.06793987 0.36859253 0.01578722
v 0.04568502 0.36859253 0.05270618
v 0.06793987 0.36859253 0.01578722
v 0.04568502 0.41509253 0.05270618
v 0.04568502 0.41509253 0.05270618
v 0.06793987 0.36859253 0.01578722
v 0.06793987 0.41509253 0.01578722
v 0.04568502 0.41509253 0.05270618
v 0.06793987 0.41509253 0.01578722
v 0.00000000 0.41509253 0.00000000
v 0.06793987 0.36859253 0.01578722
v -0.00000000 0.36859253 -0.00000000
v 0.06424400 0.36859253 -0.02716193
v 0.06793987 0.36859253 0.01578722
v 0.06424400 0.36859253 -0.02716193
v 0.06793987 0.41509253 0.01578722
v 0.06793987 0.41509253 0.01578722
v 0.06424400 0.36859253 -0.02716193
v 0.06424400 0.41509253 -0.02716193
v 0.06793987 0.41509253 0.01578722
v 0.06424400 0.41509253 -0.02716193
v 0.00000000 0.41509253 0.00000000
f 4561 4562 4563
f 4564 4565 4566
f 4567 4568 4569
f 4570 4571 4572
f 4573 4574 4575
f 4576 4577 4578
f 4579 4580 4581
f 4582 4583 4584
f 4585 4586 4587
f 4588 4589 4590
f 4591 4592 4593
f 4594 4595 4596
f 4597 4598 4599
f 4600 4601 4602
f 4603 4604 4605
f 4606 4607 4608
f 4609 4610 4611
f 4612 4613 4614
f 4615 4616 4617
f 4618 4619 4620
f 4621 4622 4623
f 4624 4625 4626
f 4627 4628 4629
f 4630 4631 4632
f 4633 4634 4635
f 4636 4637 4638
f 4639 4640 4641
f 4642 4643 4644
f 4645 4646 4647
f 4648 4649 4650
f 4651 4652 4653
f 4654 4655 4656
f 4657 4658 4659
f 4660 4661 4662
f 4663 4664 4665
f 4666 4667 4668
f 4669 4670 4671
f 4672 4673 4674
f 4675 4676 4677
f 4678 4679 4680

o geometry_0
usemtl material_4
v -0.04124962 0.39840868 0.01389869
v -0.05684473 0.36537758 0.04541444
v -0.02481881 0.39832845 0.03442713
v -0.05684473 0.36537758 0.04541444
v -0.09333792 0.32159334 0.08640768
v -0.04460272 0.36728683 0.06558648
v -0.02481881 0.39832845 0.03442713
v -0.04460272 0.36728683 0.06558648
v -0.00326419 0.39233476 0.05162738
v -0.05684473 0.36537758 0.04541444
v -0.04460272 0.36728683 0.06558648
v -0.02481881 0.39832845 0.03442713
v -0.09333792 0.32159334 0.08640768
v -0.11538194 0.27143818 0.13598198
v -0.06589361 0.30786738 0.13060455
v -0.11538194 0.27143818 0.13598198
v -0.13883749 0.21300296 0.19133525
v -0.07583896 0.24524629 0.18500741
v -0.06589361 0.30786738 0.13060455
v -0.07583896 0.24524629 0.18500741
v -0.02305731 0.28048185 0.16568471
v -0.11538194 0.27143818 0.13598198
v -0.07583896 0.24524629 0.18500741
v -0.06589361 0.30786738 0.13060455
v -0.00326419 0.39233476 0.05162738
v -0.01586646 0.34534502 0.10118435
v 0.01304789 0.36133748 0.07649136
v -0.01586646 0.34534502 0.10118435
v -0.02305731 0.28048185 0.16568471
v 0.01725681 0.31178540 0.13459983
v 0.01304789 0.36133748 0.07649136
v 0.01725681 0.31178540 0.13459983
v 0.04859945 0.32935661 0.10945778
v -0.01586646 0.34534502 0.10118435
v 0.01725681 0.31178540 0.13459983
v 0.01304789 0.36133748 0.07649136
v -0.09333792 0.32159334 0.08640768
v -0.06589361 0.30786738 0.13060455
v -0.04460272 0.36728683 0.06558648
v -0.06589361 0.30786738 0.13060455
v -0.02305731 0.28048185 0.16568471
v -0.01586646 0.34534502 0.10118435
v -0.04460272 0.36728683 0.06558648
v -0.01586646 0.34534502 0.10118435
v -0.00326419 0.39233476 0.05162738
v -0.06589361 0.30786738 0.13060455
v -0.01586646 0.34534502 0.10118435
v -0.04460272 0.36728683 0.06558648
v -0.04124962 0.39840868 0.01389869
v -0.02481881 0.39832845 0.03442713
v -0.01273504 0.42071134 0.00117991
v -0.02481881 0.39832845 0.03442713
v -0.00326419 0.39233476 0.05162738
v -0.00490580 0.41848430 0.02067571
v -0.01273504 0.42071134 0.00117991
v -0.00490580 0.41848430 0.02067571
v -0.00134498 0.42859596 0.00476691
v -0.02481881 0.39832845 0.03442713
v -0.00490580 0.41848430 0.02067571
v -0.01273504 0.42071134 0.00117991
v -0.00326419 0.39233476 0.05162738
v 0.01304789 0.36133748 0.07649136
v 0.01280457 0.40292192 0.03970943
v 0.01304789 0.36133748 0.07649136
v 0.04859945 0.32935661 0.10945778
v 0.04684269 0.36136007 0.06551661
v 0.01280457 0.40292192 0.03970943
v 0.04684269 0.36136007 0.06551661
v 0.04034926 0.38926116 0.02925086
v 0.01304789 0.36133748 0.07649136
v 0.04684269 0.36136007 0.06551661
v 0.01280457 0.40292192 0.03970943
v -0.00134498 0.42859596 0.00476691
v 0.01792759 0.41801423 0.00979114
v 0.01619288 0.42635736 -0.01078836
v 0.01792759 0.41801423 0.00979114
v 0.04034926 0.38926116 0.02925086
v 0.03439784 0.40156063 0.00446464
v 0.01619288 0.42635736 -0.01078836
v 0.03439784 0.40156063 0.00446464
v 0.03986012 0.40123740 -0.01365994
v 0.01792759 0.41801423 0.00979114
v 0.03439784 0.40156063 0.00446464
v 0.01619288 0.42635736 -0.01078836
v -0.00326419 0.39233476 0.05162738
v 0.01280457 0.40292192 0.03970943
v -0.00490580 0.41848430 0.02067571
v 0.01280457 0.40292192 0.03970943
v 0.04034926 0.38926116 0.02925086
v 0.01792759 0.41801423 0.00979114
v -0.00490580 0.41848430 0.02067571
v 0.01792759 0.41801423 0.00979114
v -0.00134498 0.42859596 0.00476691
v 0.01280457 0.40292192 0.03970943
v 0.01792759 0.41801423 0.00979114
v -0.00490580 0.41848430 0.02067571
v -0.04124962 0.39840868 0.01389869
v -0.01273504 0.42071134 0.00117991
v -0.04131719 0.40267098 -0.00511356
v -0.01273504 0.42071134 0.00117991
v -0.00134498 0.42859596 0.00476691
v -0.01736194 0.41850150 -0.00796591
v -0.04131719 0.40267098 -0.00511356
v -0.01736194 0.41850150 -0.00796591
v -0.03779161 0.39362445 -0.03121388
v -0.01273504 0.42071134 0.00117991
v -0.01736194 0.41850150 -0.00796591
v -0.04131719 0.40267098 -0.00511356
v -0.00134498 0.42859596 0.00476691
v 0.01619288 0.42635736 -0.01078836
v 0.00089496 0.42247066 -0.02095263
v 0.01619288 0.42635736 -0.01078836
v 0.03986012 0.40123740 -0.01365994
v 0.02223726 0.39769620 -0.02835571
v 0.00089496 0.42247066 -0.02095263
v 0.02223726 0.39769620 -0.02835571
v 0.00765525 0.38859001 -0.04945444
v 0.01619288 0.42635736 -0.01078836
v 0.02223726 0.39769620 -0.02835571
v 0.00089496 0.42247066 -0.02095263
v -0.03779161 0.39362445 -0.03121388
v -0.02002063 0.39593837 -0.04058176
v -0.04704943 0.36279109 -0.05982789
v -0.02002063 0.39593837 -0.04058176
v 0.00765525 0.38859001 -0.04945444
v -0.01763082 0.36422175 -0.07621317
v -0.04704943 0.36279109 -0.05982789
v -0.01763082 0.36422175 -0.07621317
v -0.04370231 0.32522291 -0.10536958
v -0.02002063 0.39593837 -0.04058176
v -0.01763082 0.36422175 -0.07621317
v -0.04704943 0.36279109 -0.05982789
v -0.00134498 0.42859596 0.00476691
v 0.00089496 0.42247066 -0.02095263
v -0.01736194 0.41850150 -0.00796591
v 0.00089496 0.42247066 -0.02095263
v 0.00765525 0.38859001 -0.04945444
v -0.02002063 0.39593837 -0.04058176
v -0.01736194 0.41850150 -0.00796591
v -0.02002063 0.39593837 -0.04058176
v -0.03779161 0.39362445 -0.03121388
v 0.00089496 0.42247066 -0.02095263
v -0.02002063 0.39593837 -0.04058176
v -0.01736194 0.41850150 -0.00796591
v -0.04124962 0.39840868 0.01389869
v -0.04131719 0.40267098 -0.00511356
v -0.07246515 0.36712083 0.01635269
v -0.04131719 0.40267098 -0.00511356
v -0.03779161 0.39362445 -0.03121388
v -0.07440717 0.36274663 -0.01852401
v -0.07246515 0.36712083 0.01635269
v -0.07440717 0.36274663 -0.01852401
v -0.12418243 0.32550329 0.00734668
v -0.04131719 0.40267098 -0.00511356
v -0.07440717 0.36274663 -0.01852401
v -0.07246515 0.36712083 0.01635269
v -0.03779161 0.39362445 -0.03121388
v -0.04704943 0.36279109 -0.05982789
v -0.08508817 0.34237218 -0.05609637
v -0.04704943 0.36279109 -0.05982789
v -0.04370231 0.32522291 -0.10536958
v -0.08553303 0.31065184 -0.10658187
v -0.08508817 0.34237218 -0.05609637
v -0.08553303 0.31065184 -0.10658187
v -0.13360609 0.28227058 -0.09656084
v -0.04704943 0.36279109 -0.05982789
v -0.08553303 0.31065184 -0.10658187
v -0.08508817 0.34237218 -0.05609637
v -0.12418243 0.32550329 0.00734668
v -0.13463140 0.30793011 -0.04265312
v -0.17781453 0.27094302 -0.01476987
v -0.13463140 0.30793011 -0.04265312
v -0.13360609 0.28227058 -0.09656084
v -0.18401507 0.25118560 -0.07432496
v -0.17781453 0.27094302 -0.01476987
v -0.18401507 0.25118560 -0.07432496
v -0.23561732 0.21350479 -0.03528195
v -0.13463140 0.30793011 -0.04265312
v -0.18401507 0.25118560 -0.07432496
v -0.17781453 0.27094302 -0.01476987
v -0.03779161 0.39362445 -0.03121388
v -0.08508817 0.34237218 -0.05609637
v -0.07440717 0.36274663 -0.01852401
v -0.08508817 0.34237218 -0.05609637
v -0.13360609 0.28227058 -0.09656084
v -0.13463140 0.30793011 -0.04265312
v -0.07440717 0.36274663 -0.01852401
v -0.13463140 0.30793011 -0.04265312
v -0.12418243 0.32550329 0.00734668
v -0.08508817 0.34237218 -0.05609637
v -0.13463140 0.30793011 -0.04265312
v -0.07440717 0.36274663 -0.01852401
v -0.04124962 0.39840868 0.01389869
v -0.07246515 0.36712083 0.01635269
v -0.05684473 0.36537758 0.04541444
v -0.07246515 0.36712083 0.01635269
v -0.12418243 0.32550329 0.00734668
v -0.10855685 0.32792717 0.04480843
v -0.05684473 0.36537758 0.04541444
v -0.10855685 0.32792717 0.04480843
v -0.09333792 0.32159334 0.08640768
v -0.07246515 0.36712083 0.01635269
v -0.10855685 0.32792717 0.04480843
v -0.05684473 0.36537758 0.04541444
v -0.12418243 0.32550329 0.00734668
v -0.17781453 0.27094302 -0.01476987
v -0.17482282 0.27340195 0.03719918
v -0.17781453 0.27094302 -0.01476987
v -0.23561732 0.21350479 -0.03528195
v -0.23263279 0.21220776 0.03218967
v -0.17482282 0.27340195 0.03719918
v -0.23263279 0.21220776 0.03218967
v -0.21932140 0.21330720 0.09026437
v -0.17781453 0.27094302 -0.01476987
v -0.23263279 0.21220776 0.03218967
v -0.17482282 0.27340195 0.03719918
v -0.09333792 0.32159334 0.08640768
v -0.15195848 0.27411813 0.09625067
v -0.11538194 0.27143818 0.13598198
v -0.15195848 0.27411813 0.09625067
v -0.21932140 0.21330720 0.09026437
v -0.18837084 0.21141689 0.14584659
v -0.11538194 0.27143818 0.13598198
v -0.18837084 0.21141689 0.14584659
v -0.13883749 0.21300296 0.19133525
v -0.15195848 0.27411813 0.09625067
v -0.18837084 0.21141689 0.14584659
v -0.11538194 0.27143818 0.13598198
v -0.12418243 0.32550329 0.00734668
v -0.17482282 0.27340195 0.03719918
v -0.10855685 0.32792717 0.04480843
v -0.17482282 0.27340195 0.03719918
v -0.21932140 0.21330720 0.09026437
v -0.15195848 0.27411813 0.09625067
v -0.10855685 0.32792717 0.04480843
v -0.15195848 0.27411813 0.09625067
v -0.09333792 0.32159334 0.08640768
v -0.17482282 0.27340195 0.03719918
v -0.15195848 0.27411813 0.09625067
v -0.10855685 0.32792717 0.04480843
v 0.03986012 0.40123740 -0.01365994
v 0.03439784 0.40156063 0.00446464
v 0.07633483 0.36796796 -0.01252436
v 0.03439784 0.40156063 0.00446464
v 0.04034926 0.38926116 0.02925086
v 0.07495372 0.35982427 0.01442689
v 0.07633483 0.36796796 -0.01252436
v 0.07495372 0.35982427 0.01442689
v 0.12161115 0.32350513 -0.00314437
v 0.03439784 0.40156063 0.00446464
v 0.07495372 0.35982427 0.01442689
v 0.07633483 0.36796796 -0.01252436
v 0.04034926 0.38926116 0.02925086
v 0.04684269 0.36136007 0.06551661
v 0.07891139 0.33861926 0.05774084
v 0.04684269 0.36136007 0.06551661
v 0.04859945 0.32935661 0.10945778
v 0.09104820 0.30846801 0.10892140
v 0.07891139 0.33861926 0.05774084
v 0.09104820 0.30846801 0.10892140
v 0.13829528 0.27939630 0.09761128
v 0.04684269 0.36136007 0.06551661
v 0.09104820 0.30846801 0.10892140
v 0.07891139 0.33861926 0.05774084
v 0.12161115 0.32350513 -0.00314437
v 0.13725202 0.30440161 0.03946012
v 0.18180808 0.26830184 0.01149560
v 0.13725202 0.30440161 0.03946012
v 0.13829528 0.27939630 0.09761128
v 0.19058557 0.25316197 0.07737193
v 0.18180808 0.26830184 0.01149560
v 0.19058557 0.25316197 0.07737193
v 0.23580854 0.21226348 0.03343473
v 0.13725202 0.30440161 0.03946012
v 0.19058557 0.25316197 0.07737193
v 0.18180808 0.26830184 0.01149560
v 0.04034926 0.38926116 0.02925086
v 0.07891139 0.33861926 0.05774084
v 0.07495372 0.35982427 0.01442689
v 0.07891139 0.33861926 0.05774084
v 0.13829528 0.27939630 0.09761128
v 0.13725202 0.30440161 0.03946012
v 0.07495372 0.35982427 0.01442689
v 0.13725202 0.30440161 0.03946012
v 0.12161115 0.32350513 -0.00314437
v 0.07891139 0.33861926 0.05774084
v 0.13725202 0.30440161 0.03946012
v 0.07495372 0.35982427 0.01442689
v 0.04859945 0.32935661 0.10945778
v 0.01725681 0.31178540 0.13459983
v 0.06717023 0.27213478 0.16432975
v 0.01725681 0.31178540 0.13459983
v -0.02305731 0.28048185 0.16568471
v 0.02497522 0.25075004 0.20527712
v 0.06717023 0.27213478 0.16432975
v 0.02497522 0.25075004 0.20527712
v 0.08830936 0.21386465 0.21557264
v 0.01725681 0.31178540 0.13459983
v 0.02497522 0.25075004 0.20527712
v 0.06717023 0.27213478 0.16432975
v -0.02305731 0.28048185 0.16568471
v -0.07583896 0.24524629 0.18500741
v -0.03567072 0.21198317 0.23263736
v -0.07583896 0.24524629 0.18500741
v -0.13883749 0.21300296 0.19133525
v -0.09340995 0.17973582 0.22558682
v -0.03567072 0.21198317 0.23263736
v -0.09340995 0.17973582 0.22558682
v -0.03685434 0.15042804 0.23024550
v -0.07583896 0.24524629 0.18500741
v -0.09340995 0.17973582 0.22558682
v -0.03567072 0.21198317 0.23263736
v 0.08830936 0.21386465 0.21557264
v 0.03365187 0.17696530 0.23515147
v 0.09280019 0.15201229 0.21600848
v 0.03365187 0.17696530 0.23515147
v -0.03685434 0.15042804 0.23024550
v 0.02303862 0.11946388 0.21368209
v 0.09280019 0.15201229 0.21600848
v 0.02303862 0.11946388 0.21368209
v 0.08200638 0.09942918 0.18569832
v 0.03365187 0.17696530 0.23515147
v 0.02303862 0.11946388 0.21368209
v 0.09280019 0.15201229 0.21600848
v -0.02305731 0.28048185 0.16568471
v -0.03567072 0.21198317 0.23263736
v 0.02497522 0.25075004 0.20527712
v -0.03567072 0.21198317 0.23263736
v -0.03685434 0.15042804 0.23024550
v 0.03365187 0.17696530 0.23515147
v 0.02497522 0.25075004 0.20527712
v 0.03365187 0.17696530 0.23515147
v 0.08830936 0.21386465 0.21557264
v -0.03567072 0.21198317 0.23263736
v 0.03365187 0.17696530 0.23515147
v 0.02497522 0.25075004 0.20527712
v -0.13883749 0.21300296 0.19133525
v -0.18837084 0.21141689 0.14584659
v -0.14985017 0.15531999 0.18299261
v -0.18837084 0.21141689 0.14584659
v -0.21932140 0.21330720 0.09026437
v -0.19724888 0.15796061 0.12590612
v -0.14985017 0.15531999 0.18299261
v -0.19724888 0.15796061 0.12590612
v -0.14826110 0.10222095 0.13920747
v -0.18837084 0.21141689 0.14584659
v -0.19724888 0.15796061 0.12590612
v -0.14985017 0.15531999 0.18299261
v -0.21932140 0.21330720 0.09026437
v -0.23263279 0.21220776 0.03218967
v -0.23180427 0.15585952 0.05390688
v -0.23263279 0.21220776 0.03218967
v -0.23561732 0.21350479 -0.03528195
v -0.23409025 0.16118543 -0.01388206
v -0.23180427 0.15585952 0.05390688
v -0.23409025 0.16118543 -0.01388206
v -0.20514449 0.10895889 0.00713743
v -0.23263279 0.21220776 0.03218967
v -0.23409025 0.16118543 -0.01388206
v -0.23180427 0.15585952 0.05390688
v -0.14826110 0.10222095 0.13920747
v -0.18954448 0.10006218 0.08019871
v -0.13466136 0.06255291 0.10117818
v -0.18954448 0.10006218 0.08019871
v -0.20514449 0.10895889 0.00713743
v -0.16598412 0.06576265 0.02766258
v -0.13466136 0.06255291 0.10117818
v -0.16598412 0.06576265 0.02766258
v -0.11125720 0.02667001 0.04615989
v -0.18954448 0.10006218 0.08019871
v -0.16598412 0.06576265 0.02766258
v -0.13466136 0.06255291 0.10117818
v -0.21932140 0.21330720 0.09026437
v -0.23180427 0.15585952 0.05390688
v -0.19724888 0.15796061 0.12590612
v -0.23180427 0.15585952 0.05390688
v -0.20514449 0.10895889 0.00713743
v -0.18954448 0.10006218 0.08019871
v -0.19724888 0.15796061 0.12590612
v -0.18954448 0.10006218 0.08019871
v -0.14826110 0.10222095 0.13920747
v -0.23180427 0.15585952 0.05390688
v -0.18954448 0.10006218 0.08019871
v -0.19724888 0.15796061 0.12590612
v -0.23561732 0.21350479 -0.03528195
v -0.18401507 0.25118560 -0.07432496
v -0.22222860 0.18334481 -0.08659352
v -0.18401507 0.25118560 -0.07432496
v -0.13360609 0.28227058 -0.09656084
v -0.19169849 0.21461952 -0.13900197
v -0.22222860 0.18334481 -0.08659352
v -0.19169849 0.21461952 -0.13900197
v -0.19011146 0.14597878 -0.13521507
v -0.18401507 0.25118560 -0.07432496
v -0.19169849 0.21461952 -0.13900197
v -0.22222860 0.18334481 -0.08659352
v -0.13360609 0.28227058 -0.09656084
v -0.08553303 0.31065184 -0.10658187
v -0.12397774 0.24836396 -0.15588747
v -0.08553303 0.31065184 -0.10658187
v -0.04370231 0.32522291 -0.10536958
v -0.06981295 0.27539894 -0.16672951
v -0.12397774 0.24836396 -0.15588747
v -0.06981295 0.27539894 -0.16672951
v -0.09308525 0.21545571 -0.21740071
v -0.08553303 0.31065184 -0.10658187
v -0.06981295 0.27539894 -0.16672951
v -0.12397774 0.24836396 -0.15588747
v -0.19011146 0.14597878 -0.13521507
v -0.14427969 0.17609590 -0.18648142
v -0.13864399 0.12141759 -0.17094386
v -0.14427969 0.17609590 -0.18648142
v -0.09308525 0.21545571 -0.21740071
v -0.09061615 0.15658526 -0.21477523
v -0.13864399 0.12141759 -0.17094386
v -0.09061615 0.15658526 -0.21477523
v -0.08012924 0.10336475 -0.18966492
v -0.14427969 0.17609590 -0.18648142
v -0.09061615 0.15658526 -0.21477523
v -0.13864399 0.12141759 -0.17094386
v -0.13360609 0.28227058 -0.09656084
v -0.12397774 0.24836396 -0.15588747
v -0.19169849 0.21461952 -0.13900197
v -0.12397774 0.24836396 -0.15588747
v -0.09308525 0.21545571 -0.21740071
v -0.14427969 0.17609590 -0.18648142
v -0.19169849 0.21461952 -0.13900197
v -0.14427969 0.17609590 -0.18648142
v -0.19011146 0.14597878 -0.13521507
v -0.12397774 0.24836396 -0.15588747
v -0.14427969 0.17609590 -0.18648142
v -0.19169849 0.21461952 -0.13900197
v -0.04370231 0.32522291 -0.10536958
v -0.01763082 0.36422175 -0.07621317
v -0.01553400 0.30741587 -0.13637373
v -0.01763082 0.36422175 -0.07621317
v 0.00765525 0.38859001 -0.04945444
v 0.01447060 0.34045452 -0.09688478
v -0.01553400 0.30741587 -0.13637373
v 0.01447060 0.34045452 -0.09688478
v 0.02465967 0.27916229 -0.16822061
v -0.01763082 0.36422175 -0.07621317
v 0.01447060 0.34045452 -0.09688478
v -0.01553400 0.30741587 -0.13637373
v 0.00765525 0.38859001 -0.04945444
v 0.02223726 0.39769620 -0.02835571
v 0.03753695 0.36015624 -0.06577132
v 0.02223726 0.39769620 -0.02835571
v 0.03986012 0.40123740 -0.01365994
v 0.06231360 0.36390638 -0.04153055
v 0.03753695 0.36015624 -0.06577132
v 0.06231360 0.36390638 -0.04153055
v 0.09388640 0.32215613 -0.08458252
v 0.02223726 0.39769620 -0.02835571
v 0.06231360 0.36390638 -0.04153055
v 0.03753695 0.36015624 -0.06577132
v 0.02465967 0.27916229 -0.16822061
v 0.06230302 0.30698010 -0.12260891
v 0.07814084 0.24941060 -0.18747155
v 0.06230302 0.30698010 -0.12260891
v 0.09388640 0.32215613 -0.08458252
v 0.11566236 0.27036142 -0.13461198
v 0.07814084 0.24941060 -0.18747155
v 0.11566236 0.27036142 -0.13461198
v 0.13735297 0.21135636 -0.18927637
v 0.06230302 0.30698010 -0.12260891
v 0.11566236 0.27036142 -0.13461198
v 0.07814084 0.24941060 -0.18747155
v 0.00765525 0.38859001 -0.04945444
v 0.03753695 0.36015624 -0.06577132
v 0.01447060 0.34045452 -0.09688478
v 0.03753695 0.36015624 -0.06577132
v 0.09388640 0.32215613 -0.08458252
v 0.06230302 0.30698010 -0.12260891
v 0.01447060 0.34045452 -0.09688478
v 0.06230302 0.30698010 -0.12260891
v 0.02465967 0.27916229 -0.16822061
v 0.03753695 0.36015624 -0.06577132
v 0.06230302 0.30698010 -0.12260891
v 0.01447060 0.34045452 -0.09688478
v 0.11078712 0.02779475 -0.04558835
v 0.16110063 0.06585031 -0.02773405
v 0.11260572 0.02810419 0.01689898
v 0.16110063 0.06585031 -0.02773405
v 0.20966235 0.10633190 -0.00917210
v 0.16692412 0.06661786 0.03700921
v 0.11260572 0.02810419 0.01689898
v 0.16692412 0.06661786 0.03700921
v 0.10607952 0.04246015 0.07687297
v 0.16110063 0.06585031 -0.02773405
v 0.16692412 0.06661786 0.03700921
v 0.11260572 0.02810419 0.01689898
v 0.20966235 0.10633190 -0.00917210
v 0.23707567 0.15961453 0.01629840
v 0.21230024 0.12569827 0.06845151
v 0.23707567 0.15961453 0.01629840
v 0.23580854 0.21226348 0.03343473
v 0.22399235 0.17887817 0.08369784
v 0.21230024 0.12569827 0.06845151
v 0.22399235 0.17887817 0.08369784
v 0.18816669 0.14671147 0.13501313
v 0.23707567 0.15961453 0.01629840
v 0.22399235 0.17887817 0.08369784
v 0.21230024 0.12569827 0.06845151
v 0.10607952 0.04246015 0.07687297
v 0.15821160 0.08931091 0.11065409
v 0.09418101 0.06450322 0.13466163
v 0.15821160 0.08931091 0.11065409
v 0.18816669 0.14671147 0.13501313
v 0.13664585 0.11847781 0.16747028
v 0.09418101 0.06450322 0.13466163
v 0.13664585 0.11847781 0.16747028
v 0.08200638 0.09942918 0.18569832
v 0.15821160 0.08931091 0.11065409
v 0.13664585 0.11847781 0.16747028
v 0.09418101 0.06450322 0.13466163
v 0.20966235 0.10633190 -0.00917210
v 0.21230024 0.12569827 0.06845151
v 0.16692412 0.06661786 0.03700921
v 0.21230024 0.12569827 0.06845151
v 0.18816669 0.14671147 0.13501313
v 0.15821160 0.08931091 0.11065409
v 0.16692412 0.06661786 0.03700921
v 0.15821160 0.08931091 0.11065409
v 0.10607952 0.04246015 0.07687297
v 0.21230024 0.12569827 0.06845151
v 0.15821160 0.08931091 0.11065409
v 0.16692412 0.06661786 0.03700921
v 0.11078712 0.02779475 -0.04558835
v 0.11260572 0.02810419 0.01689898
v 0.05573893 0.00413229 -0.02538466
v 0.11260572 0.02810419 0.01689898
v 0.10607952 0.04246015 0.07687297
v 0.05652357 0.00456005 0.04215334
v 0.05573893 0.00413229 -0.02538466
v 0.05652357 0.00456005 0.04215334
v -0.00113644 0.00000000 0.00398370
v 0.11260572 0.02810419 0.01689898
v 0.05652357 0.00456005 0.04215334
v 0.05573893 0.00413229 -0.02538466
v 0.10607952 0.04246015 0.07687297
v 0.09418101 0.06450322 0.13466163
v 0.04764899 0.03284581 0.10716908
v 0.09418101 0.06450322 0.13466163
v 0.08200638 0.09942918 0.18569832
v 0.03313320 0.06345342 0.16699390
v 0.04764899 0.03284581 0.10716908
v 0.03313320 0.06345342 0.16699390
v -0.02015549 0.04023505 0.13056941
v 0.09418101 0.06450322 0.13466163
v 0.03313320 0.06345342 0.16699390
v 0.04764899 0.03284581 0.10716908
v -0.00113644 0.00000000 0.00398370
v -0.00694967 0.01181430 0.06704918
v -0.05800894 0.00684238 0.02035260
v -0.00694967 0.01181430 0.06704918
v -0.02015549 0.04023505 0.13056941
v -0.06532881 0.03050811 0.09489047
v -0.05800894 0.00684238 0.02035260
v -0.06532881 0.03050811 0.09489047
v -0.11125720 0.02667001 0.04615989
v -0.00694967 0.01181430 0.06704918
v -0.06532881 0.03050811 0.09489047
v -0.05800894 0.00684238 0.02035260
v 0.10607952 0.04246015 0.07687297
v 0.04764899 0.03284581 0.10716908
v 0.05652357 0.00456005 0.04215334
v 0.04764899 0.03284581 0.10716908
v -0.02015549 0.04023505 0.13056941
v -0.00694967 0.01181430 0.06704918
v 0.05652357 0.00456005 0.04215334
v -0.00694967 0.01181430 0.06704918
v -0.00113644 0.00000000 0.00398370
v 0.04764899 0.03284581 0.10716908
v -0.00694967 0.01181430 0.06704918
v 0.05652357 0.00456005 0.04215334
v 0.11078712 0.02779475 -0.04558835
v 0.05573893 0.00413229 -0.02538466
v 0.07205015 0.02608168 -0.09152836
v 0.05573893 0.00413229 -0.02538466
v -0.00113644 0.00000000 0.00398370
v 0.01132947 0.00803452 -0.07113951
v 0.07205015 0.02608168 -0.09152836
v 0.01132947 0.00803452 -0.07113951
v 0.02184250 0.03748771 -0.13047975
v 0.05573893 0.00413229 -0.02538466
v 0.01132947 0.00803452 -0.07113951
v 0.07205015 0.02608168 -0.09152836
v -0.00113644 0.00000000 0.00398370
v -0.05800894 0.00684238 0.02035260
v -0.05380213 0.00444327 -0.04397303
v -0.05800894 0.00684238 0.02035260
v -0.11125720 0.02667001 0.04615989
v -0.11446362 0.02593759 -0.01955297
v -0.05380213 0.00444327 -0.04397303
v -0.11446362 0.02593759 -0.01955297
v -0.10842399 0.03674002 -0.07833927
v -0.05800894 0.00684238 0.02035260
v -0.11446362 0.02593759 -0.01955297
v -0.05380213 0.00444327 -0.04397303
v 0.02184250 0.03748771 -0.13047975
v -0.04573049 0.02628179 -0.10562660
v -0.02895105 0.06198139 -0.16727152
v -0.04573049 0.02628179 -0.10562660
v -0.10842399 0.03674002 -0.07833927
v -0.09446405 0.06504188 -0.13597497
v -0.02895105 0.06198139 -0.16727152
v -0.09446405 0.06504188 -0.13597497
v -0.08012924 0.10336475 -0.18966492
v -0.04573049 0.02628179 -0.10562660
v -0.09446405 0.06504188 -0.13597497
v -0.02895105 0.06198139 -0.16727152
v -0.00113644 0.00000000 0.00398370
v -0.05380213 0.00444327 -0.04397303
v 0.01132947 0.00803452 -0.07113951
v -0.05380213 0.00444327 -0.04397303
v -0.10842399 0.03674002 -0.07833927
v -0.04573049 0.02628179 -0.10562660
v 0.01132947 0.00803452 -0.07113951
v -0.04573049 0.02628179 -0.10562660
v 0.02184250 0.03748771 -0.13047975
v -0.05380213 0.00444327 -0.04397303
v -0.04573049 0.02628179 -0.10562660
v 0.01132947 0.00803452 -0.07113951
v 0.11078712 0.02779475 -0.04558835
v 0.07205015 0.02608168 -0.09152836
v 0.13597442 0.06557757 -0.10008145
v 0.07205015 0.02608168 -0.09152836
v 0.02184250 0.03748771 -0.13047975
v 0.09077644 0.06495180 -0.14415514
v 0.13597442 0.06557757 -0.10008145
v 0.09077644 0.06495180 -0.14415514
v 0.14949894 0.10653587 -0.14224102
v 0.07205015 0.02608168 -0.09152836
v 0.09077644 0.06495180 -0.14415514
v 0.13597442 0.06557757 -0.10008145
v 0.02184250 0.03748771 -0.13047975
v -0.02895105 0.06198139 -0.16727152
v 0.03072360 0.08363265 -0.18892336
v -0.02895105 0.06198139 -0.16727152
v -0.08012924 0.10336475 -0.18966492
v -0.02617555 0.12257136 -0.21546060
v 0.03072360 0.08363265 -0.18892336
v -0.02617555 0.12257136 -0.21546060
v 0.04001304 0.14569236 -0.23264143
v -0.02895105 0.06198139 -0.16727152
v -0.02617555 0.12257136 -0.21546060
v 0.03072360 0.08363265 -0.18892336
v 0.14949894 0.10653587 -0.14224102
v 0.10072186 0.12091097 -0.19947980
v 0.15602095 0.16168162 -0.18125635
v 0.10072186 0.12091097 -0.19947980
v 0.04001304 0.14569236 -0.23264143
v 0.08847346 0.18170191 -0.21772669
v 0.15602095 0.16168162 -0.18125635
v 0.08847346 0.18170191 -0.21772669
v 0.13735297 0.21135636 -0.18927637
v 0.10072186 0.12091097 -0.19947980
v 0.08847346 0.18170191 -0.21772669
v 0.15602095 0.16168162 -0.18125635
v 0.02184250 0.03748771 -0.13047975
v 0.03072360 0.08363265 -0.18892336
v 0.09077644 0.06495180 -0.14415514
v 0.03072360 0.08363265 -0.18892336
v 0.04001304 0.14569236 -0.23264143
v 0.10072186 0.12091097 -0.19947980
v 0.09077644 0.06495180 -0.14415514
v 0.10072186 0.12091097 -0.19947980
v 0.14949894 0.10653587 -0.14224102
v 0.03072360 0.08363265 -0.18892336
v 0.10072186 0.12091097 -0.19947980
v 0.09077644 0.06495180 -0.14415514
v 0.11078712 0.02779475 -0.04558835
v 0.13597442 0.06557757 -0.10008145
v 0.16110063 0.06585031 -0.02773405
v 0.13597442 0.06557757 -0.10008145
v 0.14949894 0.10653587 -0.14224102
v 0.18508565 0.09721189 -0.07600867
v 0.16110063 0.06585031 -0.02773405
v 0.18508565 0.09721189 -0.07600867
v 0.20966235 0.10633190 -0.00917210
v 0.13597442 0.06557757 -0.10008145
v 0.18508565 0.09721189 -0.07600867
v 0.16110063 0.06585031 -0.02773405
v 0.14949894 0.10653587 -0.14224102
v 0.15602095 0.16168162 -0.18125635
v 0.20428956 0.15593036 -0.12699682
v 0.15602095 0.16168162 -0.18125635
v 0.13735297 0.21135636 -0.18927637
v 0.18332195 0.21708772 -0.14980757
v 0.20428956 0.15593036 -0.12699682
v 0.18332195 0.21708772 -0.14980757
v 0.22176331 0.21357018 -0.08983105
v 0.15602095 0.16168162 -0.18125635
v 0.18332195 0.21708772 -0.14980757
v 0.20428956 0.15593036 -0.12699682
v 0.20966235 0.10633190 -0.00917210
v 0.23505984 0.15972176 -0.05187029
v 0.23707567 0.15961453 0.01629840
v 0.23505984 0.15972176 -0.05187029
v 0.22176331 0.21357018 -0.08983105
v 0.23169938 0.21339297 -0.02575528
v 0.23707567 0.15961453 0.01629840
v 0.23169938 0.21339297 -0.02575528
v 0.23580854 0.21226348 0.03343473
v 0.23505984 0.15972176 -0.05187029
v 0.23169938 0.21339297 -0.02575528
v 0.23707567 0.15961453 0.01629840
v 0.14949894 0.10653587 -0.14224102
v 0.20428956 0.15593036 -0.12699682
v 0.18508565 0.09721189 -0.07600867
v 0.20428956 0.15593036 -0.12699682
v 0.22176331 0.21357018 -0.08983105
v 0.23505984 0.15972176 -0.05187029
v 0.18508565 0.09721189 -0.07600867
v 0.23505984 0.15972176 -0.05187029
v 0.20966235 0.10633190 -0.00917210
v 0.20428956 0.15593036 -0.12699682
v 0.23505984 0.15972176 -0.05187029
v 0.18508565 0.09721189 -0.07600867
v 0.08200638 0.09942918 0.18569832
v 0.13664585 0.11847781 0.16747028
v 0.09280019 0.15201229 0.21600848
v 0.13664585 0.11847781 0.16747028
v 0.18816669 0.14671147 0.13501313
v 0.14793479 0.18239917 0.18418738
v 0.09280019 0.15201229 0.21600848
v 0.14793479 0.18239917 0.18418738
v 0.08830936 0.21386465 0.21557264
v 0.13664585 0.11847781 0.16747028
v 0.14793479 0.18239917 0.18418738
v 0.09280019 0.15201229 0.21600848
v 0.18816669 0.14671147 0.13501313
v 0.22399235 0.17887817 0.08369784
v 0.19115216 0.21259552 0.13885273
v 0.22399235 0.17887817 0.08369784
v 0.23580854 0.21226348 0.03343473
v 0.19058557 0.25316197 0.07737193
v 0.19115216 0.21259552 0.13885273
v 0.19058557 0.25316197 0.07737193
v 0.13829528 0.27939630 0.09761128
v 0.22399235 0.17887817 0.08369784
v 0.19058557 0.25316197 0.07737193
v 0.19115216 0.21259552 0.13885273
v 0.08830936 0.21386465 0.21557264
v 0.12229653 0.25225404 0.16041420
v 0.06717023 0.27213478 0.16432975
v 0.12229653 0.25225404 0.16041420
v 0.13829528 0.27939630 0.09761128
v 0.09104820 0.30846801 0.10892140
v 0.06717023 0.27213478 0.16432975
v 0.09104820 0.30846801 0.10892140
v 0.04859945 0.32935661 0.10945778
v 0.12229653 0.25225404 0.16041420
v 0.09104820 0.30846801 0.10892140
v 0.06717023 0.27213478 0.16432975
v 0.18816669 0.14671147 0.13501313
v 0.19115216 0.21259552 0.13885273
v 0.14793479 0.18239917 0.18418738
v 0.19115216 0.21259552 0.13885273
v 0.13829528 0.27939630 0.09761128
v 0.12229653 0.25225404 0.16041420
v 0.14793479 0.18239917 0.18418738
v 0.12229653 0.25225404 0.16041420
v 0.08830936 0.21386465 0.21557264
v 0.19115216 0.21259552 0.13885273
v 0.12229653 0.25225404 0.16041420
v 0.14793479 0.18239917 0.18418738
v -0.11125720 0.02667001 0.04615989
v -0.06532881 0.03050811 0.09489047
v -0.13466136 0.06255291 0.10117818
v -0.06532881 0.03050811 0.09489047
v -0.02015549 0.04023505 0.13056941
v -0.08477205 0.06467254 0.14186835
v -0.13466136 0.06255291 0.10117818
v -0.08477205 0.06467254 0.14186835
v -0.14826110 0.10222095 0.13920747
v -0.06532881 0.03050811 0.09489047
v -0.08477205 0.06467254 0.14186835
v -0.13466136 0.06255291 0.10117818
v -0.02015549 0.04023505 0.13056941
v 0.03313320 0.06345342 0.16699390
v -0.03248871 0.08799265 0.18856503
v 0.03313320 0.06345342 0.16699390
v 0.08200638 0.09942918 0.18569832
v 0.02303862 0.11946388 0.21368209
v -0.03248871 0.08799265 0.18856503
v 0.02303862 0.11946388 0.21368209
v -0.03685434 0.15042804 0.23024550
v 0.03313320 0.06345342 0.16699390
v 0.02303862 0.11946388 0.21368209
v -0.03248871 0.08799265 0.18856503
v -0.14826110 0.10222095 0.13920747
v -0.10203356 0.12055761 0.19762667
v -0.14985017 0.15531999 0.18299261
v -0.10203356 0.12055761 0.19762667
v -0.03685434 0.15042804 0.23024550
v -0.09340995 0.17973582 0.22558682
v -0.14985017 0.15531999 0.18299261
v -0.09340995 0.17973582 0.22558682
v -0.13883749 0.21300296 0.19133525
v -0.10203356 0.12055761 0.19762667
v -0.09340995 0.17973582 0.22558682
v -0.14985017 0.15531999 0.18299261
v -0.02015549 0.04023505 0.13056941
v -0.03248871 0.08799265 0.18856503
v -0.08477205 0.06467254 0.14186835
v -0.03248871 0.08799265 0.18856503
v -0.03685434 0.15042804 0.23024550
v -0.10203356 0.12055761 0.19762667
v -0.08477205 0.06467254 0.14186835
v -0.10203356 0.12055761 0.19762667
v -0.14826110 0.10222095 0.13920747
v -0.03248871 0.08799265 0.18856503
v -0.10203356 0.12055761 0.19762667
v -0.08477205 0.06467254 0.14186835
v -0.08012924 0.10336475 -0.18966492
v -0.09446405 0.06504188 -0.13597497
v -0.13864399 0.12141759 -0.17094386
v -0.09446405 0.06504188 -0.13597497
v -0.10842399 0.03674002 -0.07833927
v -0.16069403 0.08999503 -0.11246496
v -0.13864399 0.12141759 -0.17094386
v -0.16069403 0.08999503 -0.11246496
v -0.19011146 0.14597878 -0.13521507
v -0.09446405 0.06504188 -0.13597497
v -0.16069403 0.08999503 -0.11246496
v -0.13864399 0.12141759 -0.17094386
v -0.10842399 0.03674002 -0.07833927
v -0.11446362 0.02593759 -0.01955297
v -0.16612630 0.06333388 -0.04006341
v -0.11446362 0.02593759 -0.01955297
v -0.11125720 0.02667001 0.04615989
v -0.16598412 0.06576265 0.02766258
v -0.16612630 0.06333388 -0.04006341
v -0.16598412 0.06576265 0.02766258
v -0.20514449 0.10895889 0.00713743
v -0.11446362 0.02593759 -0.01955297
v -0.16598412 0.06576265 0.02766258
v -0.16612630 0.06333388 -0.04006341
v -0.19011146 0.14597878 -0.13521507
v -0.20447257 0.11982578 -0.06415023
v -0.22222860 0.18334481 -0.08659352
v -0.20447257 0.11982578 -0.06415023
v -0.20514449 0.10895889 0.00713743
v -0.23409025 0.16118543 -0.01388206
v -0.22222860 0.18334481 -0.08659352
v -0.23409025 0.16118543 -0.01388206
v -0.23561732 0.21350479 -0.03528195
v -0.20447257 0.11982578 -0.06415023
v -0.23409025 0.16118543 -0.01388206
v -0.22222860 0.18334481 -0.08659352
v -0.10842399 0.03674002 -0.07833927
v -0.16612630 0.06333388 -0.04006341
v -0.16069403 0.08999503 -0.11246496
v -0.16612630 0.06333388 -0.04006341
v -0.20514449 0.10895889 0.00713743
v -0.20447257 0.11982578 -0.06415023
v -0.16069403 0.08999503 -0.11246496
v -0.20447257 0.11982578 -0.06415023
v -0.19011146 0.14597878 -0.13521507
v -0.16612630 0.06333388 -0.04006341
v -0.20447257 0.11982578 -0.06415023
v -0.16069403 0.08999503 -0.11246496
v 0.13735297 0.21135636 -0.18927637
v 0.08847346 0.18170191 -0.21772669
v 0.07814084 0.24941060 -0.18747155
v 0.08847346 0.18170191 -0.21772669
v 0.04001304 0.14569236 -0.23264143
v 0.03968430 0.21073353 -0.23263708
v 0.07814084 0.24941060 -0.18747155
v 0.03968430 0.21073353 -0.23263708
v 0.02465967 0.27916229 -0.16822061
v 0.08847346 0.18170191 -0.21772669
v 0.03968430 0.21073353 -0.23263708
v 0.07814084 0.24941060 -0.18747155
v 0.04001304 0.14569236 -0.23264143
v -0.02617555 0.12257136 -0.21546060
v -0.03270188 0.18157221 -0.23511682
v -0.02617555 0.12257136 -0.21546060
v -0.08012924 0.10336475 -0.18966492
v -0.09061615 0.15658526 -0.21477523
v -0.03270188 0.18157221 -0.23511682
v -0.09061615 0.15658526 -0.21477523
v -0.09308525 0.21545571 -0.21740071
v -0.02617555 0.12257136 -0.21546060
v -0.09061615 0.15658526 -0.21477523
v -0.03270188 0.18157221 -0.23511682
v 0.02465967 0.27916229 -0.16822061
v -0.02292243 0.25303444 -0.20167413
v -0.01553400 0.30741587 -0.13637373
v -0.02292243 0.25303444 -0.20167413
v -0.09308525 0.21545571 -0.21740071
v -0.06981295 0.27539894 -0.16672951
v -0.01553400 0.30741587 -0.13637373
v -0.06981295 0.27539894 -0.16672951
v -0.04370231 0.32522291 -0.10536958
v -0.02292243 0.25303444 -0.20167413
v -0.06981295 0.27539894 -0.16672951
v -0.01553400 0.30741587 -0.13637373
v 0.04001304 0.14569236 -0.23264143
v -0.03270188 0.18157221 -0.23511682
v 0.03968430 0.21073353 -0.23263708
v -0.03270188 0.18157221 -0.23511682
v -0.09308525 0.21545571 -0.21740071
v -0.02292243 0.25303444 -0.20167413
v 0.03968430 0.21073353 -0.23263708
v -0.02292243 0.25303444 -0.20167413
v 0.02465967 0.27916229 -0.16822061
v -0.03270188 0.18157221 -0.23511682
v -0.02292243 0.25303444 -0.20167413
v 0.03968430 0.21073353 -0.23263708
v 0.23580854 0.21226348 0.03343473
v 0.23169938 0.21339297 -0.02575528
v 0.18180808 0.26830184 0.01149560
v 0.23169938 0.21339297 -0.02575528
v 0.22176331 0.21357018 -0.08983105
v 0.17767066 0.26868984 -0.04392505
v 0.18180808 0.26830184 0.01149560
v 0.17767066 0.26868984 -0.04392505
v 0.12161115 0.32350513 -0.00314437
v 0.23169938 0.21339297 -0.02575528
v 0.17767066 0.26868984 -0.04392505
v 0.18180808 0.26830184 0.01149560
v 0.22176331 0.21357018 -0.08983105
v 0.18332195 0.21708772 -0.14980757
v 0.15282668 0.26879478 -0.10070959
v 0.18332195 0.21708772 -0.14980757
v 0.13735297 0.21135636 -0.18927637
v 0.11566236 0.27036142 -0.13461198
v 0.15282668 0.26879478 -0.10070959
v 0.11566236 0.27036142 -0.13461198
v 0.09388640 0.32215613 -0.08458252
v 0.18332195 0.21708772 -0.14980757
v 0.11566236 0.27036142 -0.13461198
v 0.15282668 0.26879478 -0.10070959
v 0.12161115 0.32350513 -0.00314437
v 0.10744084 0.32902271 -0.04956714
v 0.07633483 0.36796796 -0.01252436
v 0.10744084 0.32902271 -0.04956714
v 0.09388640 0.32215613 -0.08458252
v 0.06231360 0.36390638 -0.04153055
v 0.07633483 0.36796796 -0.01252436
v 0.06231360 0.36390638 -0.04153055
v 0.03986012 0.40123740 -0.01365994
v 0.10744084 0.32902271 -0.04956714
v 0.06231360 0.36390638 -0.04153055
v 0.07633483 0.36796796 -0.01252436
v 0.22176331 0.21357018 -0.08983105
v 0.15282668 0.26879478 -0.10070959
v 0.17767066 0.26868984 -0.04392505
v 0.15282668 0.26879478 -0.10070959
v 0.09388640 0.32215613 -0.08458252
v 0.10744084 0.32902271 -0.04956714
v 0.17767066 0.26868984 -0.04392505
v 0.10744084 0.32902271 -0.04956714
v 0.12161115 0.32350513 -0.00314437
v 0.15282668 0.26879478 -0.10070959
v 0.10744084 0.32902271 -0.04956714
v 0.17767066 0.26868984 -0.04392505
f 4681 4682 4683
f 4684 4685 4686
f 4687 4688 4689
f 4690 4691 4692
f 4693 4694 4695
f 4696 4697 4698
f 4699 4700 4701
f 4702 4703 4704
f 4705 4706 4707
f 4708 4709 4710
f 4711 4712 4713
f 4714 4715 4716
f 4717 4718 4719
f 4720 4721 4722
f 4723 4724 4725
f 4726 4727 4728
f 4729 4730 4731
f 4732 4733 4734
f 4735 4736 4737
f 4738 4739 4740
f 4741 4742 4743
f 4744 4745 4746
f 4747 4748 4749
f 4750 4751 4752
f 4753 4754 4755
f 4756 4757 4758
f 4759 4760 4761
f 4762 4763 4764
f 4765 4766 4767
f 4768 4769 4770
f 4771 4772 4773
f 4774 4775 4776
f 4777 4778 4779
f 4780 4781 4782
f 4783 4784 4785
f 4786 4787 4788
f 4789 4790 4791
f 4792 4793 4794
f 4795 4796 4797
f 4798 4799 4800
f 4801 4802 4803
f 4804 4805 4806
f 4807 4808 4809
f 4810 4811 4812
f 4813 4814 4815
f 4816 4817 4818
f 4819 4820 4821
f 4822 4823 4824
f 4825 4826 4827
f 4828 4829 4830
f 4831 4832 4833
f 4834 4835 4836
f 4837 4838 4839
f 4840 4841 4842
f 4843 4844 4845
f 4846 4847 4848
f 4849 4850 4851
f 4852 4853 4854
f 4855 4856 4857
f 4858 4859 4860
f 4861 4862 4863
f 4864 4865 4866
f 4867 4868 4869
f 4870 4871 4872
f 4873 4874 4875
f 4876 4877 4878
f 4879 4880 4881
f 4882 4883 4884
f 4885 4886 4887
f 4888 4889 4890
f 4891 4892 4893
f 4894 4895 4896
f 4897 4898 4899
f 4900 4901 4902
f 4903 4904 4905
f 4906 4907 4908
f 4909 4910 4911
f 4912 4913 4914
f 4915 4916 4917
f 4918 4919 4920
f 4921 4922 4923
f 4924 4925 4926
f 4927 4928 4929
f 4930 4931 4932
f 4933 4934 4935
f 4936 4937 4938
f 4939 4940 4941
f 4942 4943 4944
f 4945 4946 4947
f 4948 4949 4950
f 4951 4952 4953
f 4954 4955 4956
f 4957 4958 4959
f 4960 4961 4962
f 4963 4964 4965
f 4966 4967 4968
f 4969 4970 4971
f 4972 4973 4974
f 4975 4976 4977
f 4978 4979 4980
f 4981 4982 4983
f 4984 4985 4986
f 4987 4988 4989
f 4990 4991 4992
f 4993 4994 4995
f 4996 4997 4998
f 4999 5000 5001
f 5002 5003 5004
f 5005 5006 5007
f 5008 5009 5010
f 5011 5012 5013
f 5014 5015 5016
f 5017 5018 5019
f 5020 5021 5022
f 5023 5024 5025
f 5026 5027 5028
f 5029 5030 5031
f 5032 5033 5034
f 5035 5036 5037
f 5038 5039 5040
f 5041 5042 5043
f 5044 5045 5046
f 5047 5048 5049
f 5050 5051 5052
f 5053 5054 5055
f 5056 5057 5058
f 5059 5060 5061
f 5062 5063 5064
f 5065 5066 5067
f 5068 5069 5070
f 5071 5072 5073
f 5074 5075 5076
f 5077 5078 5079
f 5080 5081 5082
f 5083 5084 5085
f 5086 5087 5088
f 5089 5090 5091
f 5092 5093 5094
f 5095 5096 5097
f 5098 5099 5100
f 5101 5102 5103
f 5104 5105 5106
f 5107 5108 5109
f 5110 5111 5112
f 5113 5114 5115
f 5116 5117 5118
f 5119 5120 5121
f 5122 5123 5124
f 5125 5126 5127
f 5128 5129 5130
f 5131 5132 5133
f 5134 5135 5136
f 5137 5138 5139
f 5140 5141 5142
f 5143 5144 5145
f 5146 5147 5148
f 5149 5150 5151
f 5152 5153 5154
f 5155 5156 5157
f 5158 5159 5160
f 5161 5162 5163
f 5164 5165 5166
f 5167 5168 5169
f 5170 5171 5172
f 5173 5174 5175
f 5176 5177 5178
f 5179 5180 5181
f 5182 5183 5184
f 5185 5186 5187
f 5188 5189 5190
f 5191 5192 5193
f 5194 5195 5196
f 5197 5198 5199
f 5200 5201 5202
f 5203 5204 5205
f 5206 5207 5208
f 5209 5210 5211
f 5212 5213 5214
f 5215 5216 5217
f 5218 5219 5220
f 5221 5222 5223
f 5224 5225 5226
f 5227 5228 5229
f 5230 5231 5232
f 5233 5234 5235
f 5236 5237 5238
f 5239 5240 5241
f 5242 5243 5244
f 5245 5246 5247
f 5248 5249 5250
f 5251 5252 5253
f 5254 5255 5256
f 5257 5258 5259
f 5260 5261 5262
f 5263 5264 5265
f 5266 5267 5268
f 5269 5270 5271
f 5272 5273 5274
f 5275 5276 5277
f 5278 5279 5280
f 5281 5282 5283
f 5284 5285 5286
f 5287 5288 5289
f 5290 5291 5292
f 5293 5294 5295
f 5296 5297 5298
f 5299 5300 5301
f 5302 5303 5304
f 5305 5306 5307
f 5308 5309 5310
f 5311 5312 5313
f 5314 5315 5316
f 5317 5318 5319
f 5320 5321 5322
f 5323 5324 5325
f 5326 5327 5328
f 5329 5330 5331
f 5332 5333 5334
f 5335 5336 5337
f 5338 5339 5340
f 5341 5342 5343
f 5344 5345 5346
f 5347 5348 5349
f 5350 5351 5352
f 5353 5354 5355
f 5356 5357 5358
f 5359 5360 5361
f 5362 5363 5364
f 5365 5366 5367
f 5368 5369 5370
f 5371 5372 5373
f 5374 5375 5376
f 5377 5378 5379
f 5380 5381 5382
f 5383 5384 5385
f 5386 5387 5388
f 5389 5390 5391
f 5392 5393 5394
f 5395 5396 5397
f 5398 5399 5400
f 5401 5402 5403
f 5404 5405 5406
f 5407 5408 5409
f 5410 5411 5412
f 5413 5414 5415
f 5416 5417 5418
f 5419 5420 5421
f 5422 5423 5424
f 5425 5426 5427
f 5428 5429 5430
f 5431 5432 5433
f 5434 5435 5436
f 5437 5438 5439
f 5440 5441 5442
f 5443 5444 5445
f 5446 5447 5448
f 5449 5450 5451
f 5452 5453 5454
f 5455 5456 5457
f 5458 5459 5460
f 5461 5462 5463
f 5464 5465 5466
f 5467 5468 5469
f 5470 5471 5472
f 5473 5474 5475
f 5476 5477 5478
f 5479 5480 5481
f 5482 5483 5484
f 5485 5486 5487
f 5488 5489 5490
f 5491 5492 5493
f 5494 5495 5496
f 5497 5498 5499
f 5500 5501 5502
f 5503 5504 5505
f 5506 5507 5508
f 5509 5510 5511
f 5512 5513 5514
f 5515 5516 5517
f 5518 5519 5520
f 5521 5522 5523
f 5524 5525 5526
f 5527 5528 5529
f 5530 5531 5532
f 5533 5534 5535
f 5536 5537 5538
f 5539 5540 5541
f 5542 5543 5544
f 5545 5546 5547
f 5548 5549 5550
f 5551 5552 5553
f 5554 5555 5556
f 5557 5558 5559
f 5560 5561 5562
f 5563 5564 5565
f 5566 5567 5568
f 5569 5570 5571
f 5572 5573 5574
f 5575 5576 5577
f 5578 5579 5580
f 5581 5582 5583
f 5584 5585 5586
f 5587 5588 5589
f 5590 5591 5592
f 5593 5594 5595
f 5596 5597 5598
f 5599 5600 5601
f 5602 5603 5604
f 5605 5606 5607
f 5608 5609 5610
f 5611 5612 5613
f 5614 5615 5616
f 5617 5618 5619
f 5620 5621 5622
f 5623 5624 5625
f 5626 5627 5628
f 5629 5630 5631
f 5632 5633 5634
f 5635 5636 5637
f 5638 5639 5640

