# https://github.com/mikedh/trimesh
mtllib treasury_gold_4.mtl

o geometry_34
usemtl material_0
v -0.01634064 0.01829380 0.00580867
v 0.00358944 0.01129796 0.04477243
v -0.03580278 0.01496245 0.02479373
v -0.01634064 0.01829380 0.00580867
v -0.03580278 0.01496245 0.02479373
v -0.01630931 0.03010767 0.00791379
v -0.01630931 0.03010767 0.00791379
v -0.03580278 0.01496245 0.02479373
v -0.03577145 0.02677632 0.02689885
v -0.01630931 0.03010767 0.00791379
v -0.03577145 0.02677632 0.02689885
v 0.00362077 0.02311183 0.04687756
v -0.03580278 0.01496245 0.02479373
v 0.00358944 0.01129796 0.04477243
v -0.04021844 0.01023139 0.05140997
v -0.03580278 0.01496245 0.02479373
v -0.04021844 0.01023139 0.05140997
v -0.03577145 0.02677632 0.02689885
v -0.03577145 0.02677632 0.02689885
v -0.04021844 0.01023139 0.05140997
v -0.04018711 0.02204526 0.05351510
v -0.03577145 0.02677632 0.02689885
v -0.04018711 0.02204526 0.05351510
v 0.00362077 0.02311183 0.04687756
v -0.04021844 0.01023139 0.05140997
v 0.00358944 0.01129796 0.04477243
v -0.02790097 0.00590773 0.07549090
v -0.04021844 0.01023139 0.05140997
v -0.02790097 0.00590773 0.07549090
v -0.04018711 0.02204526 0.05351510
v -0.04018711 0.02204526 0.05351510
v -0.02790097 0.00590773 0.07549090
v -0.02786964 0.01772160 0.07759602
v -0.04018711 0.02204526 0.05351510
v -0.02786964 0.01772160 0.07759602
v 0.00362077 0.02311183 0.04687756
v -0.02790097 0.00590773 0.07549090
v 0.00358944 0.01129796 0.04477243
v -0.00355523 0.00364295 0.08783843
v -0.02790097 0.00590773 0.07549090
v -0.00355523 0.00364295 0.08783843
v -0.02786964 0.01772160 0.07759602
v -0.02786964 0.01772160 0.07759602
v -0.00355523 0.00364295 0.08783843
v -0.00352390 0.01545682 0.08994354
v -0.02786964 0.01772160 0.07759602
v -0.00352390 0.01545682 0.08994354
v 0.00362077 0.02311183 0.04687756
v -0.00355523 0.00364295 0.08783843
v 0.00358944 0.01129796 0.04477243
v 0.02351953 0.00430213 0.08373620
v -0.00355523 0.00364295 0.08783843
v 0.02351953 0.00430213 0.08373620
v -0.00352390 0.01545682 0.08994354
v -0.00352390 0.01545682 0.08994354
v 0.02351953 0.00430213 0.08373620
v 0.02355086 0.01611600 0.08584133
v -0.00352390 0.01545682 0.08994354
v 0.02355086 0.01611600 0.08584133
v 0.00362077 0.02311183 0.04687756
v 0.02351953 0.00430213 0.08373620
v 0.00358944 0.01129796 0.04477243
v 0.04298167 0.00763348 0.06475115
v 0.02351953 0.00430213 0.08373620
v 0.04298167 0.00763348 0.06475115
v 0.02355086 0.01611600 0.08584133
v 0.02355086 0.01611600 0.08584133
v 0.04298167 0.00763348 0.06475115
v 0.04301300 0.01944734 0.06685627
v 0.02355086 0.01611600 0.08584133
v 0.04301300 0.01944734 0.06685627
v 0.00362077 0.02311183 0.04687756
v 0.04298167 0.00763348 0.06475115
v 0.00358944 0.01129796 0.04477243
v 0.04739733 0.01236453 0.03813490
v 0.04298167 0.00763348 0.06475115
v 0.04739733 0.01236453 0.03813490
v 0.04301300 0.01944734 0.06685627
v 0.04301300 0.01944734 0.06685627
v 0.04739733 0.01236453 0.03813490
v 0.04742866 0.02417840 0.04024002
v 0.04301300 0.01944734 0.06685627
v 0.04742866 0.02417840 0.04024002
v 0.00362077 0.02311183 0.04687756
v 0.04739733 0.01236453 0.03813490
v 0.00358944 0.01129796 0.04477243
v 0.03507986 0.01668820 0.01405397
v 0.04739733 0.01236453 0.03813490
v 0.03507986 0.01668820 0.01405397
v 0.04742866 0.02417840 0.04024002
v 0.04742866 0.02417840 0.04024002
v 0.03507986 0.01668820 0.01405397
v 0.03511119 0.02850207 0.01615909
v 0.04742866 0.02417840 0.04024002
v 0.03511119 0.02850207 0.01615909
v 0.00362077 0.02311183 0.04687756
v 0.03507986 0.01668820 0.01405397
v 0.00358944 0.01129796 0.04477243
v 0.01073412 0.01895298 0.00170645
v 0.03507986 0.01668820 0.01405397
v 0.01073412 0.01895298 0.00170645
v 0.03511119 0.02850207 0.01615909
v 0.03511119 0.02850207 0.01615909
v 0.01073412 0.01895298 0.00170645
v 0.01076545 0.03076685 0.00381157
v 0.03511119 0.02850207 0.01615909
v 0.01076545 0.03076685 0.00381157
v 0.00362077 0.02311183 0.04687756
v 0.01073412 0.01895298 0.00170645
v 0.00358944 0.01129796 0.04477243
v -0.01634064 0.01829380 0.00580867
v 0.01073412 0.01895298 0.00170645
v -0.01634064 0.01829380 0.00580867
v 0.01076545 0.03076685 0.00381157
v 0.01076545 0.03076685 0.00381157
v -0.01634064 0.01829380 0.00580867
v -0.01630931 0.03010767 0.00791379
v 0.01076545 0.03076685 0.00381157
v -0.01630931 0.03010767 0.00791379
v 0.00362077 0.02311183 0.04687756
f 1 2 3
f 4 5 6
f 7 8 9
f 10 11 12
f 13 14 15
f 16 17 18
f 19 20 21
f 22 23 24
f 25 26 27
f 28 29 30
f 31 32 33
f 34 35 36
f 37 38 39
f 40 41 42
f 43 44 45
f 46 47 48
f 49 50 51
f 52 53 54
f 55 56 57
f 58 59 60
f 61 62 63
f 64 65 66
f 67 68 69
f 70 71 72
f 73 74 75
f 76 77 78
f 79 80 81
f 82 83 84
f 85 86 87
f 88 89 90
f 91 92 93
f 94 95 96
f 97 98 99
f 100 101 102
f 103 104 105
f 106 107 108
f 109 110 111
f 112 113 114
f 115 116 117
f 118 119 120

o geometry_33
usemtl material_1
v 0.04997078 0.00023197 0.04603045
v 0.00357104 0.00049628 0.04580377
v 0.04124301 0.00037819 0.01871381
v 0.04997078 0.00023197 0.04603045
v 0.04124301 0.00037819 0.01871381
v 0.05003893 0.01223171 0.04607291
v 0.05003893 0.01223171 0.04607291
v 0.04124301 0.00037819 0.01871381
v 0.04131115 0.01237792 0.01875626
v 0.05003893 0.01223171 0.04607291
v 0.04131115 0.01237792 0.01875626
v 0.00363918 0.01249601 0.04584622
v 0.04124301 0.00037819 0.01871381
v 0.00357104 0.00049628 0.04580377
v 0.01812582 0.00056951 0.00174460
v 0.04124301 0.00037819 0.01871381
v 0.01812582 0.00056951 0.00174460
v 0.04131115 0.01237792 0.01875626
v 0.04131115 0.01237792 0.01875626
v 0.01812582 0.00056951 0.00174460
v 0.01819397 0.01256924 0.00178706
v 0.04131115 0.01237792 0.01875626
v 0.01819397 0.01256924 0.00178706
v 0.00363918 0.01249601 0.04584622
v 0.01812582 0.00056951 0.00174460
v 0.00357104 0.00049628 0.04580377
v -0.01055080 0.00073286 0.00160450
v 0.01812582 0.00056951 0.00174460
v -0.01055080 0.00073286 0.00160450
v 0.01819397 0.01256924 0.00178706
v 0.01819397 0.01256924 0.00178706
v -0.01055080 0.00073286 0.00160450
v -0.01048265 0.01273259 0.00164696
v 0.01819397 0.01256924 0.00178706
v -0.01048265 0.01273259 0.00164696
v 0.00363918 0.01249601 0.04584622
v -0.01055080 0.00073286 0.00160450
v 0.00357104 0.00049628 0.04580377
v -0.03383335 0.00080584 0.01834702
v -0.01055080 0.00073286 0.00160450
v -0.03383335 0.00080584 0.01834702
v -0.01048265 0.01273259 0.00164696
v -0.01048265 0.01273259 0.00164696
v -0.03383335 0.00080584 0.01834702
v -0.03376521 0.01280558 0.01838948
v -0.01048265 0.01273259 0.00164696
v -0.03376521 0.01280558 0.01838948
v 0.00363918 0.01249601 0.04584622
v -0.03383335 0.00080584 0.01834702
v 0.00357104 0.00049628 0.04580377
v -0.04282871 0.00076059 0.04557709
v -0.03383335 0.00080584 0.01834702
v -0.04282871 0.00076059 0.04557709
v -0.03376521 0.01280558 0.01838948
v -0.03376521 0.01280558 0.01838948
v -0.04282871 0.00076059 0.04557709
v -0.04276056 0.01276032 0.04561954
v -0.03376521 0.01280558 0.01838948
v -0.04276056 0.01276032 0.04561954
v 0.00363918 0.01249601 0.04584622
v -0.04282871 0.00076059 0.04557709
v 0.00357104 0.00049628 0.04580377
v -0.03410093 0.00061437 0.07289373
v -0.04282871 0.00076059 0.04557709
v -0.03410093 0.00061437 0.07289373
v -0.04276056 0.01276032 0.04561954
v -0.04276056 0.01276032 0.04561954
v -0.03410093 0.00061437 0.07289373
v -0.03403278 0.01261411 0.07293619
v -0.04276056 0.01276032 0.04561954
v -0.03403278 0.01261411 0.07293619
v 0.00363918 0.01249601 0.04584622
v -0.03410093 0.00061437 0.07289373
v 0.00357104 0.00049628 0.04580377
v -0.01098375 0.00042305 0.08986294
v -0.03410093 0.00061437 0.07289373
v -0.01098375 0.00042305 0.08986294
v -0.03403278 0.01261411 0.07293619
v -0.03403278 0.01261411 0.07293619
v -0.01098375 0.00042305 0.08986294
v -0.01091560 0.01242279 0.08990540
v -0.03403278 0.01261411 0.07293619
v -0.01091560 0.01242279 0.08990540
v 0.00363918 0.01249601 0.04584622
v -0.01098375 0.00042305 0.08986294
v 0.00357104 0.00049628 0.04580377
v 0.01769287 0.00025970 0.09000304
v -0.01098375 0.00042305 0.08986294
v 0.01769287 0.00025970 0.09000304
v -0.01091560 0.01242279 0.08990540
v -0.01091560 0.01242279 0.08990540
v 0.01769287 0.00025970 0.09000304
v 0.01776102 0.01225944 0.09004549
v -0.01091560 0.01242279 0.08990540
v 0.01776102 0.01225944 0.09004549
v 0.00363918 0.01249601 0.04584622
v 0.01769287 0.00025970 0.09000304
v 0.00357104 0.00049628 0.04580377
v 0.04097543 0.00018672 0.07326052
v 0.01769287 0.00025970 0.09000304
v 0.04097543 0.00018672 0.07326052
v 0.01776102 0.01225944 0.09004549
v 0.01776102 0.01225944 0.09004549
v 0.04097543 0.00018672 0.07326052
v 0.04104358 0.01218645 0.07330297
v 0.01776102 0.01225944 0.09004549
v 0.04104358 0.01218645 0.07330297
v 0.00363918 0.01249601 0.04584622
v 0.04097543 0.00018672 0.07326052
v 0.00357104 0.00049628 0.04580377
v 0.04997078 0.00023197 0.04603045
v 0.04097543 0.00018672 0.07326052
v 0.04997078 0.00023197 0.04603045
v 0.04104358 0.01218645 0.07330297
v 0.04104358 0.01218645 0.07330297
v 0.04997078 0.00023197 0.04603045
v 0.05003893 0.01223171 0.04607291
v 0.04104358 0.01218645 0.07330297
v 0.05003893 0.01223171 0.04607291
v 0.00363918 0.01249601 0.04584622
f 121 122 123
f 124 125 126
f 127 128 129
f 130 131 132
f 133 134 135
f 136 137 138
f 139 140 141
f 142 143 144
f 145 146 147
f 148 149 150
f 151 152 153
f 154 155 156
f 157 158 159
f 160 161 162
f 163 164 165
f 166 167 168
f 169 170 171
f 172 173 174
f 175 176 177
f 178 179 180
f 181 182 183
f 184 185 186
f 187 188 189
f 190 191 192
f 193 194 195
f 196 197 198
f 199 200 201
f 202 203 204
f 205 206 207
f 208 209 210
f 211 212 213
f 214 215 216
f 217 218 219
f 220 221 222
f 223 224 225
f 226 227 228
f 229 230 231
f 232 233 234
f 235 236 237
f 238 239 240

o geometry_32
usemtl material_0
v -0.02096293 0.00035865 0.00998291
v 0.01935710 0.00036459 -0.01101778
v -0.00091859 0.00036107 0.02967165
v -0.02096293 0.00035865 0.00998291
v -0.00091859 0.00036107 0.02967165
v -0.02096458 0.01235865 0.00998312
v -0.02096458 0.01235865 0.00998312
v -0.00091859 0.00036107 0.02967165
v -0.00092025 0.01236107 0.02967186
v -0.02096458 0.01235865 0.00998312
v -0.00092025 0.01236107 0.02967186
v 0.01935544 0.01236459 -0.01101757
v -0.00091859 0.00036107 0.02967165
v 0.01935710 0.00036459 -0.01101778
v 0.02687037 0.00036483 0.03381841
v -0.00091859 0.00036107 0.02967165
v 0.02687037 0.00036483 0.03381841
v -0.00092025 0.01236107 0.02967186
v -0.00092025 0.01236107 0.02967186
v 0.02687037 0.00036483 0.03381841
v 0.02686871 0.01236483 0.03381862
v -0.00092025 0.01236107 0.02967186
v 0.02686871 0.01236483 0.03381862
v 0.01935544 0.01236459 -0.01101757
v 0.02687037 0.00036483 0.03381841
v 0.01935710 0.00036459 -0.01101778
v 0.05178951 0.00036850 0.02083927
v 0.02687037 0.00036483 0.03381841
v 0.05178951 0.00036850 0.02083927
v 0.02686871 0.01236483 0.03381862
v 0.02686871 0.01236483 0.03381862
v 0.05178951 0.00036850 0.02083927
v 0.05178786 0.01236850 0.02083948
v 0.02686871 0.01236483 0.03381862
v 0.05178786 0.01236850 0.02083948
v 0.01935544 0.01236459 -0.01101757
v 0.05178951 0.00036850 0.02083927
v 0.01935710 0.00036459 -0.01101778
v 0.06432057 0.00037067 -0.00430818
v 0.05178951 0.00036850 0.02083927
v 0.06432057 0.00037067 -0.00430818
v 0.05178786 0.01236850 0.02083948
v 0.05178786 0.01236850 0.02083948
v 0.06432057 0.00037067 -0.00430818
v 0.06431892 0.01237067 -0.00430797
v 0.05178786 0.01236850 0.02083948
v 0.06431892 0.01237067 -0.00430797
v 0.01935544 0.01236459 -0.01101757
v 0.06432057 0.00037067 -0.00430818
v 0.01935710 0.00036459 -0.01101778
v 0.05967712 0.00037052 -0.03201848
v 0.06432057 0.00037067 -0.00430818
v 0.05967712 0.00037052 -0.03201848
v 0.06431892 0.01237067 -0.00430797
v 0.06431892 0.01237067 -0.00430797
v 0.05967712 0.00037052 -0.03201848
v 0.05967546 0.01237052 -0.03201826
v 0.06431892 0.01237067 -0.00430797
v 0.05967546 0.01237052 -0.03201826
v 0.01935544 0.01236459 -0.01101757
v 0.05967712 0.00037052 -0.03201848
v 0.01935710 0.00036459 -0.01101778
v 0.03963278 0.00036811 -0.05170721
v 0.05967712 0.00037052 -0.03201848
v 0.03963278 0.00036811 -0.05170721
v 0.05967546 0.01237052 -0.03201826
v 0.05967546 0.01237052 -0.03201826
v 0.03963278 0.00036811 -0.05170721
v 0.03963112 0.01236811 -0.05170700
v 0.05967546 0.01237052 -0.03201826
v 0.03963112 0.01236811 -0.05170700
v 0.01935544 0.01236459 -0.01101757
v 0.03963278 0.00036811 -0.05170721
v 0.01935710 0.00036459 -0.01101778
v 0.01184382 0.00036434 -0.05585397
v 0.03963278 0.00036811 -0.05170721
v 0.01184382 0.00036434 -0.05585397
v 0.03963112 0.01236811 -0.05170700
v 0.03963112 0.01236811 -0.05170700
v 0.01184382 0.00036434 -0.05585397
v 0.01184217 0.01236434 -0.05585376
v 0.03963112 0.01236811 -0.05170700
v 0.01184217 0.01236434 -0.05585376
v 0.01935544 0.01236459 -0.01101757
v 0.01184382 0.00036434 -0.05585397
v 0.01935710 0.00036459 -0.01101778
v -0.01307532 0.00036068 -0.04287483
v 0.01184382 0.00036434 -0.05585397
v -0.01307532 0.00036068 -0.04287483
v 0.01184217 0.01236434 -0.05585376
v 0.01184217 0.01236434 -0.05585376
v -0.01307532 0.00036068 -0.04287483
v -0.01307698 0.01236068 -0.04287462
v 0.01184217 0.01236434 -0.05585376
v -0.01307698 0.01236068 -0.04287462
v 0.01935544 0.01236459 -0.01101757
v -0.01307532 0.00036068 -0.04287483
v 0.01935710 0.00036459 -0.01101778
v -0.02560638 0.00035850 -0.01772738
v -0.01307532 0.00036068 -0.04287483
v -0.02560638 0.00035850 -0.01772738
v -0.01307698 0.01236068 -0.04287462
v -0.01307698 0.01236068 -0.04287462
v -0.02560638 0.00035850 -0.01772738
v -0.02560804 0.01235850 -0.01772717
v -0.01307698 0.01236068 -0.04287462
v -0.02560804 0.01235850 -0.01772717
v 0.01935544 0.01236459 -0.01101757
v -0.02560638 0.00035850 -0.01772738
v 0.01935710 0.00036459 -0.01101778
v -0.02096293 0.00035865 0.00998291
v -0.02560638 0.00035850 -0.01772738
v -0.02096293 0.00035865 0.00998291
v -0.02560804 0.01235850 -0.01772717
v -0.02560804 0.01235850 -0.01772717
v -0.02096293 0.00035865 0.00998291
v -0.02096458 0.01235865 0.00998312
v -0.02560804 0.01235850 -0.01772717
v -0.02096458 0.01235865 0.00998312
v 0.01935544 0.01236459 -0.01101757
f 241 242 243
f 244 245 246
f 247 248 249
f 250 251 252
f 253 254 255
f 256 257 258
f 259 260 261
f 262 263 264
f 265 266 267
f 268 269 270
f 271 272 273
f 274 275 276
f 277 278 279
f 280 281 282
f 283 284 285
f 286 287 288
f 289 290 291
f 292 293 294
f 295 296 297
f 298 299 300
f 301 302 303
f 304 305 306
f 307 308 309
f 310 311 312
f 313 314 315
f 316 317 318
f 319 320 321
f 322 323 324
f 325 326 327
f 328 329 330
f 331 332 333
f 334 335 336
f 337 338 339
f 340 341 342
f 343 344 345
f 346 347 348
f 349 350 351
f 352 353 354
f 355 356 357
f 358 359 360

o geometry_31
usemtl material_0
v 0.04786025 -0.00459260 -0.04738439
v 0.00733267 0.00083495 -0.02126972
v 0.02479449 -0.00240995 -0.06641919
v 0.04786025 -0.00459260 -0.04738439
v 0.02479449 -0.00240995 -0.06641919
v 0.04925064 0.00732232 -0.04770298
v 0.04925064 0.00732232 -0.04770298
v 0.02479449 -0.00240995 -0.06641919
v 0.02618487 0.00950497 -0.06673778
v 0.04925064 0.00732232 -0.04770298
v 0.02618487 0.00950497 -0.06673778
v 0.00872306 0.01274987 -0.02158831
v 0.02479449 -0.00240995 -0.06641919
v 0.00733267 0.00083495 -0.02126972
v -0.00494110 0.00101213 -0.06820843
v 0.02479449 -0.00240995 -0.06641919
v -0.00494110 0.00101213 -0.06820843
v 0.02618487 0.00950497 -0.06673778
v 0.02618487 0.00950497 -0.06673778
v -0.00494110 0.00101213 -0.06820843
v -0.00355071 0.01292705 -0.06852702
v 0.02618487 0.00950497 -0.06673778
v -0.00355071 0.01292705 -0.06852702
v 0.00872306 0.01274987 -0.02158831
v -0.00494110 0.00101213 -0.06820843
v 0.00733267 0.00083495 -0.02126972
v -0.02998852 0.00436654 -0.05206867
v -0.00494110 0.00101213 -0.06820843
v -0.02998852 0.00436654 -0.05206867
v -0.00355071 0.01292705 -0.06852702
v -0.00355071 0.01292705 -0.06852702
v -0.02998852 0.00436654 -0.05206867
v -0.02859814 0.01628146 -0.05238726
v -0.00355071 0.01292705 -0.06852702
v -0.02859814 0.01628146 -0.05238726
v 0.00872306 0.01274987 -0.02158831
v -0.02998852 0.00436654 -0.05206867
v 0.00733267 0.00083495 -0.02126972
v -0.04078051 0.00637200 -0.02416477
v -0.02998852 0.00436654 -0.05206867
v -0.04078051 0.00637200 -0.02416477
v -0.02859814 0.01628146 -0.05238726
v -0.02859814 0.01628146 -0.05238726
v -0.04078051 0.00637200 -0.02416477
v -0.03939013 0.01828692 -0.02448335
v -0.02859814 0.01628146 -0.05238726
v -0.03939013 0.01828692 -0.02448335
v 0.00872306 0.01274987 -0.02158831
v -0.04078051 0.00637200 -0.02416477
v 0.00733267 0.00083495 -0.02126972
v -0.03319491 0.00626250 0.00484495
v -0.04078051 0.00637200 -0.02416477
v -0.03319491 0.00626250 0.00484495
v -0.03939013 0.01828692 -0.02448335
v -0.03939013 0.01828692 -0.02448335
v -0.03319491 0.00626250 0.00484495
v -0.03180452 0.01817742 0.00452636
v -0.03939013 0.01828692 -0.02448335
v -0.03180452 0.01817742 0.00452636
v 0.00872306 0.01274987 -0.02158831
v -0.03319491 0.00626250 0.00484495
v 0.00733267 0.00083495 -0.02126972
v -0.01012914 0.00407985 0.02387975
v -0.03319491 0.00626250 0.00484495
v -0.01012914 0.00407985 0.02387975
v -0.03180452 0.01817742 0.00452636
v -0.03180452 0.01817742 0.00452636
v -0.01012914 0.00407985 0.02387975
v -0.00873876 0.01599477 0.02356116
v -0.03180452 0.01817742 0.00452636
v -0.00873876 0.01599477 0.02356116
v 0.00872306 0.01274987 -0.02158831
v -0.01012914 0.00407985 0.02387975
v 0.00733267 0.00083495 -0.02126972
v 0.01960644 0.00065776 0.02566899
v -0.01012914 0.00407985 0.02387975
v 0.01960644 0.00065776 0.02566899
v -0.00873876 0.01599477 0.02356116
v -0.00873876 0.01599477 0.02356116
v 0.01960644 0.00065776 0.02566899
v 0.02099683 0.01257268 0.02535040
v -0.00873876 0.01599477 0.02356116
v 0.02099683 0.01257268 0.02535040
v 0.00872306 0.01274987 -0.02158831
v 0.01960644 0.00065776 0.02566899
v 0.00733267 0.00083495 -0.02126972
v 0.04465387 -0.00269665 0.00952923
v 0.01960644 0.00065776 0.02566899
v 0.04465387 -0.00269665 0.00952923
v 0.02099683 0.01257268 0.02535040
v 0.02099683 0.01257268 0.02535040
v 0.04465387 -0.00269665 0.00952923
v 0.04604425 0.00921827 0.00921065
v 0.02099683 0.01257268 0.02535040
v 0.04604425 0.00921827 0.00921065
v 0.00872306 0.01274987 -0.02158831
v 0.04465387 -0.00269665 0.00952923
v 0.00733267 0.00083495 -0.02126972
v 0.05544586 -0.00470211 -0.01837467
v 0.04465387 -0.00269665 0.00952923
v 0.05544586 -0.00470211 -0.01837467
v 0.04604425 0.00921827 0.00921065
v 0.04604425 0.00921827 0.00921065
v 0.05544586 -0.00470211 -0.01837467
v 0.05683625 0.00721281 -0.01869326
v 0.04604425 0.00921827 0.00921065
v 0.05683625 0.00721281 -0.01869326
v 0.00872306 0.01274987 -0.02158831
v 0.05544586 -0.00470211 -0.01837467
v 0.00733267 0.00083495 -0.02126972
v 0.04786025 -0.00459260 -0.04738439
v 0.05544586 -0.00470211 -0.01837467
v 0.04786025 -0.00459260 -0.04738439
v 0.05683625 0.00721281 -0.01869326
v 0.05683625 0.00721281 -0.01869326
v 0.04786025 -0.00459260 -0.04738439
v 0.04925064 0.00732232 -0.04770298
v 0.05683625 0.00721281 -0.01869326
v 0.04925064 0.00732232 -0.04770298
v 0.00872306 0.01274987 -0.02158831
f 361 362 363
f 364 365 366
f 367 368 369
f 370 371 372
f 373 374 375
f 376 377 378
f 379 380 381
f 382 383 384
f 385 386 387
f 388 389 390
f 391 392 393
f 394 395 396
f 397 398 399
f 400 401 402
f 403 404 405
f 406 407 408
f 409 410 411
f 412 413 414
f 415 416 417
f 418 419 420
f 421 422 423
f 424 425 426
f 427 428 429
f 430 431 432
f 433 434 435
f 436 437 438
f 439 440 441
f 442 443 444
f 445 446 447
f 448 449 450
f 451 452 453
f 454 455 456
f 457 458 459
f 460 461 462
f 463 464 465
f 466 467 468
f 469 470 471
f 472 473 474
f 475 476 477
f 478 479 480

o geometry_30
usemtl material_1
v -0.30587921 -0.00632954 -0.03961287
v -0.31075779 0.00017190 0.00127532
v -0.32993281 0.00203076 -0.03569462
v -0.30587921 -0.00632954 -0.03961287
v -0.32993281 0.00203076 -0.03569462
v -0.30216283 0.00499938 -0.04097081
v -0.30216283 0.00499938 -0.04097081
v -0.32993281 0.00203076 -0.03569462
v -0.32621643 0.01335968 -0.03705256
v -0.30216283 0.00499938 -0.04097081
v -0.32621643 0.01335968 -0.03705256
v -0.30704141 0.01150082 -0.00008262
v -0.32993281 0.00203076 -0.03569462
v -0.31075779 0.00017190 0.00127532
v -0.34666222 0.00968103 -0.01765510
v -0.32993281 0.00203076 -0.03569462
v -0.34666222 0.00968103 -0.01765510
v -0.32621643 0.01335968 -0.03705256
v -0.32621643 0.01335968 -0.03705256
v -0.34666222 0.00968103 -0.01765510
v -0.34294584 0.02100996 -0.01901304
v -0.32621643 0.01335968 -0.03705256
v -0.34294584 0.02100996 -0.01901304
v -0.30704141 0.01150082 -0.00008262
v -0.34666222 0.00968103 -0.01765510
v -0.31075779 0.00017190 0.00127532
v -0.34967735 0.01369915 0.00761519
v -0.34666222 0.00968103 -0.01765510
v -0.34967735 0.01369915 0.00761519
v -0.34294584 0.02100996 -0.01901304
v -0.34294584 0.02100996 -0.01901304
v -0.34967735 0.01369915 0.00761519
v -0.34596097 0.02502807 0.00625726
v -0.34294584 0.02100996 -0.01901304
v -0.34596097 0.02502807 0.00625726
v -0.30704141 0.01150082 -0.00008262
v -0.34967735 0.01369915 0.00761519
v -0.31075779 0.00017190 0.00127532
v -0.33782652 0.01255031 0.03046387
v -0.34967735 0.01369915 0.00761519
v -0.33782652 0.01255031 0.03046387
v -0.34596097 0.02502807 0.00625726
v -0.34596097 0.02502807 0.00625726
v -0.33782652 0.01255031 0.03046387
v -0.33411014 0.02387923 0.02910594
v -0.34596097 0.02502807 0.00625726
v -0.33411014 0.02387923 0.02910594
v -0.30704141 0.01150082 -0.00008262
v -0.33782652 0.01255031 0.03046387
v -0.31075779 0.00017190 0.00127532
v -0.31563637 0.00667334 0.04216352
v -0.33782652 0.01255031 0.03046387
v -0.31563637 0.00667334 0.04216352
v -0.33411014 0.02387923 0.02910594
v -0.33411014 0.02387923 0.02910594
v -0.31563637 0.00667334 0.04216352
v -0.31191999 0.01800226 0.04080558
v -0.33411014 0.02387923 0.02910594
v -0.31191999 0.01800226 0.04080558
v -0.30704141 0.01150082 -0.00008262
v -0.31563637 0.00667334 0.04216352
v -0.31075779 0.00017190 0.00127532
v -0.29158273 -0.00168696 0.03824526
v -0.31563637 0.00667334 0.04216352
v -0.29158273 -0.00168696 0.03824526
v -0.31191999 0.01800226 0.04080558
v -0.31191999 0.01800226 0.04080558
v -0.29158273 -0.00168696 0.03824526
v -0.28786635 0.00964197 0.03688732
v -0.31191999 0.01800226 0.04080558
v -0.28786635 0.00964197 0.03688732
v -0.30704141 0.01150082 -0.00008262
v -0.29158273 -0.00168696 0.03824526
v -0.31075779 0.00017190 0.00127532
v -0.27485332 -0.00933723 0.02020575
v -0.29158273 -0.00168696 0.03824526
v -0.27485332 -0.00933723 0.02020575
v -0.28786635 0.00964197 0.03688732
v -0.28786635 0.00964197 0.03688732
v -0.27485332 -0.00933723 0.02020575
v -0.27113694 0.00199169 0.01884781
v -0.28786635 0.00964197 0.03688732
v -0.27113694 0.00199169 0.01884781
v -0.30704141 0.01150082 -0.00008262
v -0.27485332 -0.00933723 0.02020575
v -0.31075779 0.00017190 0.00127532
v -0.27183819 -0.01335535 -0.00506455
v -0.27485332 -0.00933723 0.02020575
v -0.27183819 -0.01335535 -0.00506455
v -0.27113694 0.00199169 0.01884781
v -0.27113694 0.00199169 0.01884781
v -0.27183819 -0.01335535 -0.00506455
v -0.26812181 -0.00202642 -0.00642249
v -0.27113694 0.00199169 0.01884781
v -0.26812181 -0.00202642 -0.00642249
v -0.30704141 0.01150082 -0.00008262
v -0.27183819 -0.01335535 -0.00506455
v -0.31075779 0.00017190 0.00127532
v -0.28368902 -0.01220651 -0.02791323
v -0.27183819 -0.01335535 -0.00506455
v -0.28368902 -0.01220651 -0.02791323
v -0.26812181 -0.00202642 -0.00642249
v -0.26812181 -0.00202642 -0.00642249
v -0.28368902 -0.01220651 -0.02791323
v -0.27997264 -0.00087759 -0.02927117
v -0.26812181 -0.00202642 -0.00642249
v -0.27997264 -0.00087759 -0.02927117
v -0.30704141 0.01150082 -0.00008262
v -0.28368902 -0.01220651 -0.02791323
v -0.31075779 0.00017190 0.00127532
v -0.30587921 -0.00632954 -0.03961287
v -0.28368902 -0.01220651 -0.02791323
v -0.30587921 -0.00632954 -0.03961287
v -0.27997264 -0.00087759 -0.02927117
v -0.27997264 -0.00087759 -0.02927117
v -0.30587921 -0.00632954 -0.03961287
v -0.30216283 0.00499938 -0.04097081
v -0.27997264 -0.00087759 -0.02927117
v -0.30216283 0.00499938 -0.04097081
v -0.30704141 0.01150082 -0.00008262
f 481 482 483
f 484 485 486
f 487 488 489
f 490 491 492
f 493 494 495
f 496 497 498
f 499 500 501
f 502 503 504
f 505 506 507
f 508 509 510
f 511 512 513
f 514 515 516
f 517 518 519
f 520 521 522
f 523 524 525
f 526 527 528
f 529 530 531
f 532 533 534
f 535 536 537
f 538 539 540
f 541 542 543
f 544 545 546
f 547 548 549
f 550 551 552
f 553 554 555
f 556 557 558
f 559 560 561
f 562 563 564
f 565 566 567
f 568 569 570
f 571 572 573
f 574 575 576
f 577 578 579
f 580 581 582
f 583 584 585
f 586 587 588
f 589 590 591
f 592 593 594
f 595 596 597
f 598 599 600

o geometry_29
usemtl material_1
v -0.00379978 0.01389438 0.03181758
v -0.01173394 0.01107067 0.07414135
v -0.03015528 0.01148773 0.03511948
v -0.00379978 0.01389438 0.03181758
v -0.03015528 0.01148773 0.03511948
v -0.00481424 0.02583602 0.03242411
v -0.00481424 0.02583602 0.03242411
v -0.03015528 0.01148773 0.03511948
v -0.03116974 0.02342938 0.03572601
v -0.00481424 0.02583602 0.03242411
v -0.03116974 0.02342938 0.03572601
v -0.01274840 0.02301232 0.07474789
v -0.03015528 0.01148773 0.03511948
v -0.01173394 0.01107067 0.07414135
v -0.04947446 0.00892178 0.05332641
v -0.03015528 0.01148773 0.03511948
v -0.04947446 0.00892178 0.05332641
v -0.03116974 0.02342938 0.03572601
v -0.03116974 0.02342938 0.03572601
v -0.04947446 0.00892178 0.05332641
v -0.05048892 0.02086342 0.05393295
v -0.03116974 0.02342938 0.03572601
v -0.05048892 0.02086342 0.05393295
v -0.01274840 0.02301232 0.07474789
v -0.04947446 0.00892178 0.05332641
v -0.01173394 0.01107067 0.07414135
v -0.05437804 0.00717663 0.07948394
v -0.04947446 0.00892178 0.05332641
v -0.05437804 0.00717663 0.07948394
v -0.05048892 0.02086342 0.05393295
v -0.05048892 0.02086342 0.05393295
v -0.05437804 0.00717663 0.07948394
v -0.05539251 0.01911828 0.08009048
v -0.05048892 0.02086342 0.05393295
v -0.05539251 0.01911828 0.08009048
v -0.01274840 0.02301232 0.07474789
v -0.05437804 0.00717663 0.07948394
v -0.01173394 0.01107067 0.07414135
v -0.04299303 0.00691887 0.10360079
v -0.05437804 0.00717663 0.07948394
v -0.04299303 0.00691887 0.10360079
v -0.05539251 0.01911828 0.08009048
v -0.05539251 0.01911828 0.08009048
v -0.04299303 0.00691887 0.10360079
v -0.04400750 0.01886052 0.10420732
v -0.05539251 0.01911828 0.08009048
v -0.04400750 0.01886052 0.10420732
v -0.01274840 0.02301232 0.07474789
v -0.04299303 0.00691887 0.10360079
v -0.01173394 0.01107067 0.07414135
v -0.01966811 0.00824696 0.11646513
v -0.04299303 0.00691887 0.10360079
v -0.01966811 0.00824696 0.11646513
v -0.04400750 0.01886052 0.10420732
v -0.04400750 0.01886052 0.10420732
v -0.01966811 0.00824696 0.11646513
v -0.02068257 0.02018861 0.11707167
v -0.04400750 0.01886052 0.10420732
v -0.02068257 0.02018861 0.11707167
v -0.01274840 0.02301232 0.07474789
v -0.01966811 0.00824696 0.11646513
v -0.01173394 0.01107067 0.07414135
v 0.00668739 0.01065361 0.11316323
v -0.01966811 0.00824696 0.11646513
v 0.00668739 0.01065361 0.11316323
v -0.02068257 0.02018861 0.11707167
v -0.02068257 0.02018861 0.11707167
v 0.00668739 0.01065361 0.11316323
v 0.00567293 0.02259526 0.11376976
v -0.02068257 0.02018861 0.11707167
v 0.00567293 0.02259526 0.11376976
v -0.01274840 0.02301232 0.07474789
v 0.00668739 0.01065361 0.11316323
v -0.01173394 0.01107067 0.07414135
v 0.02600657 0.01321956 0.09495630
v 0.00668739 0.01065361 0.11316323
v 0.02600657 0.01321956 0.09495630
v 0.00567293 0.02259526 0.11376976
v 0.00567293 0.02259526 0.11376976
v 0.02600657 0.01321956 0.09495630
v 0.02499211 0.02516121 0.09556283
v 0.00567293 0.02259526 0.11376976
v 0.02499211 0.02516121 0.09556283
v -0.01274840 0.02301232 0.07474789
v 0.02600657 0.01321956 0.09495630
v -0.01173394 0.01107067 0.07414135
v 0.03091016 0.01496471 0.06879877
v 0.02600657 0.01321956 0.09495630
v 0.03091016 0.01496471 0.06879877
v 0.02499211 0.02516121 0.09556283
v 0.02499211 0.02516121 0.09556283
v 0.03091016 0.01496471 0.06879877
v 0.02989570 0.02690636 0.06940530
v 0.02499211 0.02516121 0.09556283
v 0.02989570 0.02690636 0.06940530
v -0.01274840 0.02301232 0.07474789
v 0.03091016 0.01496471 0.06879877
v -0.01173394 0.01107067 0.07414135
v 0.01952515 0.01522246 0.04468192
v 0.03091016 0.01496471 0.06879877
v 0.01952515 0.01522246 0.04468192
v 0.02989570 0.02690636 0.06940530
v 0.02989570 0.02690636 0.06940530
v 0.01952515 0.01522246 0.04468192
v 0.01851068 0.02716411 0.04528846
v 0.02989570 0.02690636 0.06940530
v 0.01851068 0.02716411 0.04528846
v -0.01274840 0.02301232 0.07474789
v 0.01952515 0.01522246 0.04468192
v -0.01173394 0.01107067 0.07414135
v -0.00379978 0.01389438 0.03181758
v 0.01952515 0.01522246 0.04468192
v -0.00379978 0.01389438 0.03181758
v 0.01851068 0.02716411 0.04528846
v 0.01851068 0.02716411 0.04528846
v -0.00379978 0.01389438 0.03181758
v -0.00481424 0.02583602 0.03242411
v 0.01851068 0.02716411 0.04528846
v -0.00481424 0.02583602 0.03242411
v -0.01274840 0.02301232 0.07474789
f 601 602 603
f 604 605 606
f 607 608 609
f 610 611 612
f 613 614 615
f 616 617 618
f 619 620 621
f 622 623 624
f 625 626 627
f 628 629 630
f 631 632 633
f 634 635 636
f 637 638 639
f 640 641 642
f 643 644 645
f 646 647 648
f 649 650 651
f 652 653 654
f 655 656 657
f 658 659 660
f 661 662 663
f 664 665 666
f 667 668 669
f 670 671 672
f 673 674 675
f 676 677 678
f 679 680 681
f 682 683 684
f 685 686 687
f 688 689 690
f 691 692 693
f 694 695 696
f 697 698 699
f 700 701 702
f 703 704 705
f 706 707 708
f 709 710 711
f 712 713 714
f 715 716 717
f 718 719 720

o geometry_28
usemtl material_0
v -0.05559032 -0.00800616 0.09444688
v -0.01096437 0.00109403 0.07462904
v -0.03585573 -0.00298313 0.11741728
v -0.05559032 -0.00800616 0.09444688
v -0.03585573 -0.00298313 0.11741728
v -0.05814394 0.00371318 0.09407806
v -0.05814394 0.00371318 0.09407806
v -0.03585573 -0.00298313 0.11741728
v -0.03840934 0.00873622 0.11704845
v -0.05814394 0.00371318 0.09407806
v -0.03840934 0.00873622 0.11704845
v -0.01351798 0.01281337 0.07426021
v -0.03585573 -0.00298313 0.11741728
v -0.01096437 0.00109403 0.07462904
v -0.00661347 0.00359725 0.12404402
v -0.03585573 -0.00298313 0.11741728
v -0.00661347 0.00359725 0.12404402
v -0.03840934 0.00873622 0.11704845
v -0.03840934 0.00873622 0.11704845
v -0.00661347 0.00359725 0.12404402
v -0.00916709 0.01531659 0.12367519
v -0.03840934 0.00873622 0.11704845
v -0.00916709 0.01531659 0.12367519
v -0.01351798 0.01281337 0.07426021
v -0.00661347 0.00359725 0.12404402
v -0.01096437 0.00109403 0.07462904
v 0.02096689 0.00922147 0.11179591
v -0.00661347 0.00359725 0.12404402
v 0.02096689 0.00922147 0.11179591
v -0.00916709 0.01531659 0.12367519
v -0.00916709 0.01531659 0.12367519
v 0.02096689 0.00922147 0.11179591
v 0.01841327 0.02094082 0.11142708
v -0.00916709 0.01531659 0.12367519
v 0.01841327 0.02094082 0.11142708
v -0.01351798 0.01281337 0.07426021
v 0.02096689 0.00922147 0.11179591
v -0.01096437 0.00109403 0.07462904
v 0.03635059 0.01174129 0.08535133
v 0.02096689 0.00922147 0.11179591
v 0.03635059 0.01174129 0.08535133
v 0.01841327 0.02094082 0.11142708
v 0.01841327 0.02094082 0.11142708
v 0.03635059 0.01174129 0.08535133
v 0.03379697 0.02346064 0.08498250
v 0.01841327 0.02094082 0.11142708
v 0.03379697 0.02346064 0.08498250
v -0.01351798 0.01281337 0.07426021
v 0.03635059 0.01174129 0.08535133
v -0.01096437 0.00109403 0.07462904
v 0.03366159 0.01019422 0.05481118
v 0.03635059 0.01174129 0.08535133
v 0.03366159 0.01019422 0.05481118
v 0.03379697 0.02346064 0.08498250
v 0.03379697 0.02346064 0.08498250
v 0.03366159 0.01019422 0.05481118
v 0.03110798 0.02191356 0.05444236
v 0.03379697 0.02346064 0.08498250
v 0.03110798 0.02191356 0.05444236
v -0.01351798 0.01281337 0.07426021
v 0.03366159 0.01019422 0.05481118
v -0.01096437 0.00109403 0.07462904
v 0.01392700 0.00517118 0.03184079
v 0.03366159 0.01019422 0.05481118
v 0.01392700 0.00517118 0.03184079
v 0.03110798 0.02191356 0.05444236
v 0.03110798 0.02191356 0.05444236
v 0.01392700 0.00517118 0.03184079
v 0.01137338 0.01689052 0.03147196
v 0.03110798 0.02191356 0.05444236
v 0.01137338 0.01689052 0.03147196
v -0.01351798 0.01281337 0.07426021
v 0.01392700 0.00517118 0.03184079
v -0.01096437 0.00109403 0.07462904
v -0.01531526 -0.00140919 0.02521405
v 0.01392700 0.00517118 0.03184079
v -0.01531526 -0.00140919 0.02521405
v 0.01137338 0.01689052 0.03147196
v 0.01137338 0.01689052 0.03147196
v -0.01531526 -0.00140919 0.02521405
v -0.01786887 0.01031015 0.02484522
v 0.01137338 0.01689052 0.03147196
v -0.01786887 0.01031015 0.02484522
v -0.01351798 0.01281337 0.07426021
v -0.01531526 -0.00140919 0.02521405
v -0.01096437 0.00109403 0.07462904
v -0.04289562 -0.00703342 0.03746216
v -0.01531526 -0.00140919 0.02521405
v -0.04289562 -0.00703342 0.03746216
v -0.01786887 0.01031015 0.02484522
v -0.01786887 0.01031015 0.02484522
v -0.04289562 -0.00703342 0.03746216
v -0.04544923 0.00468592 0.03709333
v -0.01786887 0.01031015 0.02484522
v -0.04544923 0.00468592 0.03709333
v -0.01351798 0.01281337 0.07426021
v -0.04289562 -0.00703342 0.03746216
v -0.01096437 0.00109403 0.07462904
v -0.05827932 -0.00955324 0.06390674
v -0.04289562 -0.00703342 0.03746216
v -0.05827932 -0.00955324 0.06390674
v -0.04544923 0.00468592 0.03709333
v -0.04544923 0.00468592 0.03709333
v -0.05827932 -0.00955324 0.06390674
v -0.06083294 0.00216610 0.06353792
v -0.04544923 0.00468592 0.03709333
v -0.06083294 0.00216610 0.06353792
v -0.01351798 0.01281337 0.07426021
v -0.05827932 -0.00955324 0.06390674
v -0.01096437 0.00109403 0.07462904
v -0.05559032 -0.00800616 0.09444688
v -0.05827932 -0.00955324 0.06390674
v -0.05559032 -0.00800616 0.09444688
v -0.06083294 0.00216610 0.06353792
v -0.06083294 0.00216610 0.06353792
v -0.05559032 -0.00800616 0.09444688
v -0.05814394 0.00371318 0.09407806
v -0.06083294 0.00216610 0.06353792
v -0.05814394 0.00371318 0.09407806
v -0.01351798 0.01281337 0.07426021
f 721 722 723
f 724 725 726
f 727 728 729
f 730 731 732
f 733 734 735
f 736 737 738
f 739 740 741
f 742 743 744
f 745 746 747
f 748 749 750
f 751 752 753
f 754 755 756
f 757 758 759
f 760 761 762
f 763 764 765
f 766 767 768
f 769 770 771
f 772 773 774
f 775 776 777
f 778 779 780
f 781 782 783
f 784 785 786
f 787 788 789
f 790 791 792
f 793 794 795
f 796 797 798
f 799 800 801
f 802 803 804
f 805 806 807
f 808 809 810
f 811 812 813
f 814 815 816
f 817 818 819
f 820 821 822
f 823 824 825
f 826 827 828
f 829 830 831
f 832 833 834
f 835 836 837
f 838 839 840

o geometry_27
usemtl material_0
v -0.01215663 0.00261322 -0.06032767
v -0.00062115 0.00071292 -0.01393484
v -0.03721364 0.00061716 -0.04475615
v -0.01215663 0.00261322 -0.06032767
v -0.03721364 0.00061716 -0.04475615
v -0.01271864 0.01458348 -0.05969761
v -0.01271864 0.01458348 -0.05969761
v -0.03721364 0.00061716 -0.04475615
v -0.03777565 0.01258743 -0.04412609
v -0.01271864 0.01458348 -0.05969761
v -0.03777565 0.01258743 -0.04412609
v -0.00118316 0.01268318 -0.01330478
v -0.03721364 0.00061716 -0.04475615
v -0.00062115 0.00071292 -0.01393484
v -0.04829356 -0.00134232 -0.01741194
v -0.03721364 0.00061716 -0.04475615
v -0.04829356 -0.00134232 -0.01741194
v -0.03777565 0.01258743 -0.04412609
v -0.03777565 0.01258743 -0.04412609
v -0.04829356 -0.00134232 -0.01741194
v -0.04885557 0.01062795 -0.01678188
v -0.03777565 0.01258743 -0.04412609
v -0.04885557 0.01062795 -0.01678188
v -0.00118316 0.01268318 -0.01330478
v -0.04829356 -0.00134232 -0.01741194
v -0.00062115 0.00071292 -0.01393484
v -0.04116423 -0.00251677 0.01126040
v -0.04829356 -0.00134232 -0.01741194
v -0.04116423 -0.00251677 0.01126040
v -0.04885557 0.01062795 -0.01678188
v -0.04885557 0.01062795 -0.01678188
v -0.04116423 -0.00251677 0.01126040
v -0.04172625 0.00945350 0.01189046
v -0.04885557 0.01062795 -0.01678188
v -0.04172625 0.00945350 0.01189046
v -0.00118316 0.01268318 -0.01330478
v -0.04116423 -0.00251677 0.01126040
v -0.00062115 0.00071292 -0.01393484
v -0.01854883 -0.00245759 0.03030902
v -0.04116423 -0.00251677 0.01126040
v -0.01854883 -0.00245759 0.03030902
v -0.04172625 0.00945350 0.01189046
v -0.04172625 0.00945350 0.01189046
v -0.01854883 -0.00245759 0.03030902
v -0.01911084 0.00951268 0.03093908
v -0.04172625 0.00945350 0.01189046
v -0.01911084 0.00951268 0.03093908
v -0.00118316 0.01268318 -0.01330478
v -0.01854883 -0.00245759 0.03030902
v -0.00062115 0.00071292 -0.01393484
v 0.01091434 -0.00118738 0.03245799
v -0.01854883 -0.00245759 0.03030902
v 0.01091434 -0.00118738 0.03245799
v -0.01911084 0.00951268 0.03093908
v -0.01911084 0.00951268 0.03093908
v 0.01091434 -0.00118738 0.03245799
v 0.01035233 0.01078288 0.03308805
v -0.01911084 0.00951268 0.03093908
v 0.01035233 0.01078288 0.03308805
v -0.00118316 0.01268318 -0.01330478
v 0.01091434 -0.00118738 0.03245799
v -0.00062115 0.00071292 -0.01393484
v 0.03597135 0.00080867 0.01688647
v 0.01091434 -0.00118738 0.03245799
v 0.03597135 0.00080867 0.01688647
v 0.01035233 0.01078288 0.03308805
v 0.01035233 0.01078288 0.03308805
v 0.03597135 0.00080867 0.01688647
v 0.03540934 0.01277894 0.01751653
v 0.01035233 0.01078288 0.03308805
v 0.03540934 0.01277894 0.01751653
v -0.00118316 0.01268318 -0.01330478
v 0.03597135 0.00080867 0.01688647
v -0.00062115 0.00071292 -0.01393484
v 0.04705127 0.00276815 -0.01045774
v 0.03597135 0.00080867 0.01688647
v 0.04705127 0.00276815 -0.01045774
v 0.03540934 0.01277894 0.01751653
v 0.03540934 0.01277894 0.01751653
v 0.04705127 0.00276815 -0.01045774
v 0.04648925 0.01473842 -0.00982768
v 0.03540934 0.01277894 0.01751653
v 0.04648925 0.01473842 -0.00982768
v -0.00118316 0.01268318 -0.01330478
v 0.04705127 0.00276815 -0.01045774
v -0.00062115 0.00071292 -0.01393484
v 0.03992194 0.00394260 -0.03913008
v 0.04705127 0.00276815 -0.01045774
v 0.03992194 0.00394260 -0.03913008
v 0.04648925 0.01473842 -0.00982768
v 0.04648925 0.01473842 -0.00982768
v 0.03992194 0.00394260 -0.03913008
v 0.03935993 0.01591286 -0.03850002
v 0.04648925 0.01473842 -0.00982768
v 0.03935993 0.01591286 -0.03850002
v -0.00118316 0.01268318 -0.01330478
v 0.03992194 0.00394260 -0.03913008
v -0.00062115 0.00071292 -0.01393484
v 0.01730654 0.00388342 -0.05817870
v 0.03992194 0.00394260 -0.03913008
v 0.01730654 0.00388342 -0.05817870
v 0.03935993 0.01591286 -0.03850002
v 0.03935993 0.01591286 -0.03850002
v 0.01730654 0.00388342 -0.05817870
v 0.01674453 0.01585369 -0.05754864
v 0.03935993 0.01591286 -0.03850002
v 0.01674453 0.01585369 -0.05754864
v -0.00118316 0.01268318 -0.01330478
v 0.01730654 0.00388342 -0.05817870
v -0.00062115 0.00071292 -0.01393484
v -0.01215663 0.00261322 -0.06032767
v 0.01730654 0.00388342 -0.05817870
v -0.01215663 0.00261322 -0.06032767
v 0.01674453 0.01585369 -0.05754864
v 0.01674453 0.01585369 -0.05754864
v -0.01215663 0.00261322 -0.06032767
v -0.01271864 0.01458348 -0.05969761
v 0.01674453 0.01585369 -0.05754864
v -0.01271864 0.01458348 -0.05969761
v -0.00118316 0.01268318 -0.01330478
f 841 842 843
f 844 845 846
f 847 848 849
f 850 851 852
f 853 854 855
f 856 857 858
f 859 860 861
f 862 863 864
f 865 866 867
f 868 869 870
f 871 872 873
f 874 875 876
f 877 878 879
f 880 881 882
f 883 884 885
f 886 887 888
f 889 890 891
f 892 893 894
f 895 896 897
f 898 899 900
f 901 902 903
f 904 905 906
f 907 908 909
f 910 911 912
f 913 914 915
f 916 917 918
f 919 920 921
f 922 923 924
f 925 926 927
f 928 929 930
f 931 932 933
f 934 935 936
f 937 938 939
f 940 941 942
f 943 944 945
f 946 947 948
f 949 950 951
f 952 953 954
f 955 956 957
f 958 959 960

o geometry_26
usemtl material_1
v 0.09636170 0.00335677 0.31457728
v 0.05566409 -0.00000466 0.30249006
v 0.09556776 0.00444327 0.28829116
v 0.09636170 0.00335677 0.31457728
v 0.09556776 0.00444327 0.28829116
v 0.09521927 0.01529060 0.31510505
v 0.09521927 0.01529060 0.31510505
v 0.09556776 0.00444327 0.28829116
v 0.09442534 0.01637710 0.28881896
v 0.09521927 0.01529060 0.31510505
v 0.09442534 0.01637710 0.28881896
v 0.05452166 0.01192917 0.30301782
v 0.09556776 0.00444327 0.28829116
v 0.05566409 -0.00000466 0.30249006
v 0.07953198 0.00383082 0.26742855
v 0.09556776 0.00444327 0.28829116
v 0.07953198 0.00383082 0.26742855
v 0.09442534 0.01637710 0.28881896
v 0.09442534 0.01637710 0.28881896
v 0.07953198 0.00383082 0.26742855
v 0.07838955 0.01576465 0.26795632
v 0.09442534 0.01637710 0.28881896
v 0.07838955 0.01576465 0.26795632
v 0.05452166 0.01192917 0.30301782
v 0.07953198 0.00383082 0.26742855
v 0.05566409 -0.00000466 0.30249006
v 0.05437947 0.00175334 0.25995824
v 0.07953198 0.00383082 0.26742855
v 0.05437947 0.00175334 0.25995824
v 0.07838955 0.01576465 0.26795632
v 0.07838955 0.01576465 0.26795632
v 0.05437947 0.00175334 0.25995824
v 0.05323705 0.01368717 0.26048601
v 0.07838955 0.01576465 0.26795632
v 0.05323705 0.01368717 0.26048601
v 0.05452166 0.01192917 0.30301782
v 0.05437947 0.00175334 0.25995824
v 0.05566409 -0.00000466 0.30249006
v 0.02971765 -0.00099564 0.26873362
v 0.05437947 0.00175334 0.25995824
v 0.02971765 -0.00099564 0.26873362
v 0.05323705 0.01368717 0.26048601
v 0.05323705 0.01368717 0.26048601
v 0.02971765 -0.00099564 0.26873362
v 0.02857522 0.01093819 0.26926142
v 0.05323705 0.01368717 0.26048601
v 0.02857522 0.01093819 0.26926142
v 0.05452166 0.01192917 0.30301782
v 0.02971765 -0.00099564 0.26873362
v 0.05566409 -0.00000466 0.30249006
v 0.01496648 -0.00336610 0.29040283
v 0.02971765 -0.00099564 0.26873362
v 0.01496648 -0.00336610 0.29040283
v 0.02857522 0.01093819 0.26926142
v 0.02857522 0.01093819 0.26926142
v 0.01496648 -0.00336610 0.29040283
v 0.01382405 0.00856774 0.29093060
v 0.02857522 0.01093819 0.26926142
v 0.01382405 0.00856774 0.29093060
v 0.05452166 0.01192917 0.30301782
v 0.01496648 -0.00336610 0.29040283
v 0.05566409 -0.00000466 0.30249006
v 0.01576042 -0.00445260 0.31668893
v 0.01496648 -0.00336610 0.29040283
v 0.01576042 -0.00445260 0.31668893
v 0.01382405 0.00856774 0.29093060
v 0.01382405 0.00856774 0.29093060
v 0.01576042 -0.00445260 0.31668893
v 0.01461799 0.00748123 0.31721669
v 0.01382405 0.00856774 0.29093060
v 0.01461799 0.00748123 0.31721669
v 0.05452166 0.01192917 0.30301782
v 0.01576042 -0.00445260 0.31668893
v 0.05566409 -0.00000466 0.30249006
v 0.03179620 -0.00384015 0.33755153
v 0.01576042 -0.00445260 0.31668893
v 0.03179620 -0.00384015 0.33755153
v 0.01461799 0.00748123 0.31721669
v 0.01461799 0.00748123 0.31721669
v 0.03179620 -0.00384015 0.33755153
v 0.03065377 0.00809368 0.33807930
v 0.01461799 0.00748123 0.31721669
v 0.03065377 0.00809368 0.33807930
v 0.05452166 0.01192917 0.30301782
v 0.03179620 -0.00384015 0.33755153
v 0.05566409 -0.00000466 0.30249006
v 0.05694871 -0.00176267 0.34502184
v 0.03179620 -0.00384015 0.33755153
v 0.05694871 -0.00176267 0.34502184
v 0.03065377 0.00809368 0.33807930
v 0.03065377 0.00809368 0.33807930
v 0.05694871 -0.00176267 0.34502184
v 0.05580628 0.01017116 0.34554964
v 0.03065377 0.00809368 0.33807930
v 0.05580628 0.01017116 0.34554964
v 0.05452166 0.01192917 0.30301782
v 0.05694871 -0.00176267 0.34502184
v 0.05566409 -0.00000466 0.30249006
v 0.08161053 0.00098631 0.33624646
v 0.05694871 -0.00176267 0.34502184
v 0.08161053 0.00098631 0.33624646
v 0.05580628 0.01017116 0.34554964
v 0.05580628 0.01017116 0.34554964
v 0.08161053 0.00098631 0.33624646
v 0.08046810 0.01292014 0.33677423
v 0.05580628 0.01017116 0.34554964
v 0.08046810 0.01292014 0.33677423
v 0.05452166 0.01192917 0.30301782
v 0.08161053 0.00098631 0.33624646
v 0.05566409 -0.00000466 0.30249006
v 0.09636170 0.00335677 0.31457728
v 0.08161053 0.00098631 0.33624646
v 0.09636170 0.00335677 0.31457728
v 0.08046810 0.01292014 0.33677423
v 0.08046810 0.01292014 0.33677423
v 0.09636170 0.00335677 0.31457728
v 0.09521927 0.01529060 0.31510505
v 0.08046810 0.01292014 0.33677423
v 0.09521927 0.01529060 0.31510505
v 0.05452166 0.01192917 0.30301782
f 961 962 963
f 964 965 966
f 967 968 969
f 970 971 972
f 973 974 975
f 976 977 978
f 979 980 981
f 982 983 984
f 985 986 987
f 988 989 990
f 991 992 993
f 994 995 996
f 997 998 999
f 1000 1001 1002
f 1003 1004 1005
f 1006 1007 1008
f 1009 1010 1011
f 1012 1013 1014
f 1015 1016 1017
f 1018 1019 1020
f 1021 1022 1023
f 1024 1025 1026
f 1027 1028 1029
f 1030 1031 1032
f 1033 1034 1035
f 1036 1037 1038
f 1039 1040 1041
f 1042 1043 1044
f 1045 1046 1047
f 1048 1049 1050
f 1051 1052 1053
f 1054 1055 1056
f 1057 1058 1059
f 1060 1061 1062
f 1063 1064 1065
f 1066 1067 1068
f 1069 1070 1071
f 1072 1073 1074
f 1075 1076 1077
f 1078 1079 1080

o geometry_25
usemtl material_1
v -0.06986918 0.00973663 -0.08013831
v -0.04039923 0.01060932 -0.10724299
v -0.04830112 0.00945936 -0.06799836
v -0.06986918 0.00973663 -0.08013831
v -0.04830112 0.00945936 -0.06799836
v -0.06990837 0.02173164 -0.07979472
v -0.06990837 0.02173164 -0.07979472
v -0.04830112 0.00945936 -0.06799836
v -0.04834031 0.02145437 -0.06765477
v -0.06990837 0.02173164 -0.07979472
v -0.04834031 0.02145437 -0.06765477
v -0.04043842 0.02260433 -0.10689940
v -0.04830112 0.00945936 -0.06799836
v -0.04039923 0.01060932 -0.10724299
v -0.02371481 0.00962133 -0.07084852
v -0.04830112 0.00945936 -0.06799836
v -0.02371481 0.00962133 -0.07084852
v -0.04834031 0.02145437 -0.06765477
v -0.04834031 0.02145437 -0.06765477
v -0.02371481 0.00962133 -0.07084852
v -0.02375400 0.02161635 -0.07050493
v -0.04834031 0.02145437 -0.06765477
v -0.02375400 0.02161635 -0.07050493
v -0.04043842 0.02260433 -0.10689940
v -0.02371481 0.00962133 -0.07084852
v -0.04039923 0.01060932 -0.10724299
v -0.00550138 0.01016068 -0.08760014
v -0.02371481 0.00962133 -0.07084852
v -0.00550138 0.01016068 -0.08760014
v -0.02375400 0.02161635 -0.07050493
v -0.02375400 0.02161635 -0.07050493
v -0.00550138 0.01016068 -0.08760014
v -0.00554057 0.02215570 -0.08725655
v -0.02375400 0.02161635 -0.07050493
v -0.00554057 0.02215570 -0.08725655
v -0.04043842 0.02260433 -0.10689940
v -0.00550138 0.01016068 -0.08760014
v -0.04039923 0.01060932 -0.10724299
v -0.00061774 0.01087140 -0.11185465
v -0.00550138 0.01016068 -0.08760014
v -0.00061774 0.01087140 -0.11185465
v -0.00554057 0.02215570 -0.08725655
v -0.00554057 0.02215570 -0.08725655
v -0.00061774 0.01087140 -0.11185465
v -0.00065693 0.02286641 -0.11151106
v -0.00554057 0.02215570 -0.08725655
v -0.00065693 0.02286641 -0.11151106
v -0.04043842 0.02260433 -0.10689940
v -0.00061774 0.01087140 -0.11185465
v -0.04039923 0.01060932 -0.10724299
v -0.01092928 0.01148201 -0.13434766
v -0.00061774 0.01087140 -0.11185465
v -0.01092928 0.01148201 -0.13434766
v -0.00065693 0.02286641 -0.11151106
v -0.00065693 0.02286641 -0.11151106
v -0.01092928 0.01148201 -0.13434766
v -0.01096847 0.02347702 -0.13400407
v -0.00065693 0.02286641 -0.11151106
v -0.01096847 0.02347702 -0.13400407
v -0.04043842 0.02260433 -0.10689940
v -0.01092928 0.01148201 -0.13434766
v -0.04039923 0.01060932 -0.10724299
v -0.03249734 0.01175928 -0.14648762
v -0.01092928 0.01148201 -0.13434766
v -0.03249734 0.01175928 -0.14648762
v -0.01096847 0.02347702 -0.13400407
v -0.01096847 0.02347702 -0.13400407
v -0.03249734 0.01175928 -0.14648762
v -0.03253653 0.02375430 -0.14614403
v -0.01096847 0.02347702 -0.13400407
v -0.03253653 0.02375430 -0.14614403
v -0.04043842 0.02260433 -0.10689940
v -0.03249734 0.01175928 -0.14648762
v -0.04039923 0.01060932 -0.10724299
v -0.05708365 0.01159731 -0.14363745
v -0.03249734 0.01175928 -0.14648762
v -0.05708365 0.01159731 -0.14363745
v -0.03253653 0.02375430 -0.14614403
v -0.03253653 0.02375430 -0.14614403
v -0.05708365 0.01159731 -0.14363745
v -0.05712285 0.02359232 -0.14329386
v -0.03253653 0.02375430 -0.14614403
v -0.05712285 0.02359232 -0.14329386
v -0.04043842 0.02260433 -0.10689940
v -0.05708365 0.01159731 -0.14363745
v -0.04039923 0.01060932 -0.10724299
v -0.07529708 0.01105796 -0.12688585
v -0.05708365 0.01159731 -0.14363745
v -0.07529708 0.01105796 -0.12688585
v -0.05712285 0.02359232 -0.14329386
v -0.05712285 0.02359232 -0.14329386
v -0.07529708 0.01105796 -0.12688585
v -0.07533628 0.02305297 -0.12654226
v -0.05712285 0.02359232 -0.14329386
v -0.07533628 0.02305297 -0.12654226
v -0.04043842 0.02260433 -0.10689940
v -0.07529708 0.01105796 -0.12688585
v -0.04039923 0.01060932 -0.10724299
v -0.08018072 0.01034724 -0.10263133
v -0.07529708 0.01105796 -0.12688585
v -0.08018072 0.01034724 -0.10263133
v -0.07533628 0.02305297 -0.12654226
v -0.07533628 0.02305297 -0.12654226
v -0.08018072 0.01034724 -0.10263133
v -0.08021991 0.02234226 -0.10228774
v -0.07533628 0.02305297 -0.12654226
v -0.08021991 0.02234226 -0.10228774
v -0.04043842 0.02260433 -0.10689940
v -0.08018072 0.01034724 -0.10263133
v -0.04039923 0.01060932 -0.10724299
v -0.06986918 0.00973663 -0.08013831
v -0.08018072 0.01034724 -0.10263133
v -0.06986918 0.00973663 -0.08013831
v -0.08021991 0.02234226 -0.10228774
v -0.08021991 0.02234226 -0.10228774
v -0.06986918 0.00973663 -0.08013831
v -0.06990837 0.02173164 -0.07979472
v -0.08021991 0.02234226 -0.10228774
v -0.06990837 0.02173164 -0.07979472
v -0.04043842 0.02260433 -0.10689940
f 1081 1082 1083
f 1084 1085 1086
f 1087 1088 1089
f 1090 1091 1092
f 1093 1094 1095
f 1096 1097 1098
f 1099 1100 1101
f 1102 1103 1104
f 1105 1106 1107
f 1108 1109 1110
f 1111 1112 1113
f 1114 1115 1116
f 1117 1118 1119
f 1120 1121 1122
f 1123 1124 1125
f 1126 1127 1128
f 1129 1130 1131
f 1132 1133 1134
f 1135 1136 1137
f 1138 1139 1140
f 1141 1142 1143
f 1144 1145 1146
f 1147 1148 1149
f 1150 1151 1152
f 1153 1154 1155
f 1156 1157 1158
f 1159 1160 1161
f 1162 1163 1164
f 1165 1166 1167
f 1168 1169 1170
f 1171 1172 1173
f 1174 1175 1176
f 1177 1178 1179
f 1180 1181 1182
f 1183 1184 1185
f 1186 1187 1188
f 1189 1190 1191
f 1192 1193 1194
f 1195 1196 1197
f 1198 1199 1200

o geometry_24
usemtl material_0
v -0.03938317 0.00056466 -0.06465669
v -0.04068737 -0.00006534 -0.10697369
v -0.01478114 -0.00068139 -0.07348767
v -0.03938317 0.00056466 -0.06465669
v -0.01478114 -0.00068139 -0.07348767
v -0.03884608 0.01255105 -0.06485169
v -0.03884608 0.01255105 -0.06485169
v -0.01478114 -0.00068139 -0.07348767
v -0.01424405 0.01130500 -0.07368267
v -0.03884608 0.01255105 -0.06485169
v -0.01424405 0.01130500 -0.07368267
v -0.04015028 0.01192104 -0.10716870
v -0.01478114 -0.00068139 -0.07348767
v -0.04068737 -0.00006534 -0.10697369
v -0.00007441 -0.00169213 -0.09510916
v -0.01478114 -0.00068139 -0.07348767
v -0.00007441 -0.00169213 -0.09510916
v -0.01424405 0.01130500 -0.07368267
v -0.01424405 0.01130500 -0.07368267
v -0.00007441 -0.00169213 -0.09510916
v 0.00046269 0.01029426 -0.09530417
v -0.01424405 0.01130500 -0.07368267
v 0.00046269 0.01029426 -0.09530417
v -0.04015028 0.01192104 -0.10716870
v -0.00007441 -0.00169213 -0.09510916
v -0.04068737 -0.00006534 -0.10697369
v -0.00088045 -0.00208149 -0.12126251
v -0.00007441 -0.00169213 -0.09510916
v -0.00088045 -0.00208149 -0.12126251
v 0.00046269 0.01029426 -0.09530417
v 0.00046269 0.01029426 -0.09530417
v -0.00088045 -0.00208149 -0.12126251
v -0.00034336 0.00990489 -0.12145752
v 0.00046269 0.01029426 -0.09530417
v -0.00034336 0.00990489 -0.12145752
v -0.04015028 0.01192104 -0.10716870
v -0.00088045 -0.00208149 -0.12126251
v -0.04068737 -0.00006534 -0.10697369
v -0.01689138 -0.00170076 -0.14195801
v -0.00088045 -0.00208149 -0.12126251
v -0.01689138 -0.00170076 -0.14195801
v -0.00034336 0.00990489 -0.12145752
v -0.00034336 0.00990489 -0.12145752
v -0.01689138 -0.00170076 -0.14195801
v -0.01635429 0.01028563 -0.14215301
v -0.00034336 0.00990489 -0.12145752
v -0.01635429 0.01028563 -0.14215301
v -0.04015028 0.01192104 -0.10716870
v -0.01689138 -0.00170076 -0.14195801
v -0.04068737 -0.00006534 -0.10697369
v -0.04199157 -0.00069535 -0.14929070
v -0.01689138 -0.00170076 -0.14195801
v -0.04199157 -0.00069535 -0.14929070
v -0.01635429 0.01028563 -0.14215301
v -0.01635429 0.01028563 -0.14215301
v -0.04199157 -0.00069535 -0.14929070
v -0.04145448 0.01129104 -0.14948569
v -0.01635429 0.01028563 -0.14215301
v -0.04145448 0.01129104 -0.14948569
v -0.04015028 0.01192104 -0.10716870
v -0.04199157 -0.00069535 -0.14929070
v -0.04068737 -0.00006534 -0.10697369
v -0.06659361 0.00055070 -0.14045972
v -0.04199157 -0.00069535 -0.14929070
v -0.06659361 0.00055070 -0.14045972
v -0.04145448 0.01129104 -0.14948569
v -0.04145448 0.01129104 -0.14948569
v -0.06659361 0.00055070 -0.14045972
v -0.06605651 0.01253709 -0.14065473
v -0.04145448 0.01129104 -0.14948569
v -0.06605651 0.01253709 -0.14065473
v -0.04015028 0.01192104 -0.10716870
v -0.06659361 0.00055070 -0.14045972
v -0.04068737 -0.00006534 -0.10697369
v -0.08130034 0.00156144 -0.11883822
v -0.06659361 0.00055070 -0.14045972
v -0.08130034 0.00156144 -0.11883822
v -0.06605651 0.01253709 -0.14065473
v -0.06605651 0.01253709 -0.14065473
v -0.08130034 0.00156144 -0.11883822
v -0.08076324 0.01354783 -0.11903322
v -0.06605651 0.01253709 -0.14065473
v -0.08076324 0.01354783 -0.11903322
v -0.04015028 0.01192104 -0.10716870
v -0.08130034 0.00156144 -0.11883822
v -0.04068737 -0.00006534 -0.10697369
v -0.08049430 0.00195080 -0.09268487
v -0.08130034 0.00156144 -0.11883822
v -0.08049430 0.00195080 -0.09268487
v -0.08076324 0.01354783 -0.11903322
v -0.08076324 0.01354783 -0.11903322
v -0.08049430 0.00195080 -0.09268487
v -0.07995720 0.01393719 -0.09287988
v -0.08076324 0.01354783 -0.11903322
v -0.07995720 0.01393719 -0.09287988
v -0.04015028 0.01192104 -0.10716870
v -0.08049430 0.00195080 -0.09268487
v -0.04068737 -0.00006534 -0.10697369
v -0.06448336 0.00157007 -0.07198937
v -0.08049430 0.00195080 -0.09268487
v -0.06448336 0.00157007 -0.07198937
v -0.07995720 0.01393719 -0.09287988
v -0.07995720 0.01393719 -0.09287988
v -0.06448336 0.00157007 -0.07198937
v -0.06394627 0.01355646 -0.07218438
v -0.07995720 0.01393719 -0.09287988
v -0.06394627 0.01355646 -0.07218438
v -0.04015028 0.01192104 -0.10716870
v -0.06448336 0.00157007 -0.07198937
v -0.04068737 -0.00006534 -0.10697369
v -0.03938317 0.00056466 -0.06465669
v -0.06448336 0.00157007 -0.07198937
v -0.03938317 0.00056466 -0.06465669
v -0.06394627 0.01355646 -0.07218438
v -0.06394627 0.01355646 -0.07218438
v -0.03938317 0.00056466 -0.06465669
v -0.03884608 0.01255105 -0.06485169
v -0.06394627 0.01355646 -0.07218438
v -0.03884608 0.01255105 -0.06485169
v -0.04015028 0.01192104 -0.10716870
f 1201 1202 1203
f 1204 1205 1206
f 1207 1208 1209
f 1210 1211 1212
f 1213 1214 1215
f 1216 1217 1218
f 1219 1220 1221
f 1222 1223 1224
f 1225 1226 1227
f 1228 1229 1230
f 1231 1232 1233
f 1234 1235 1236
f 1237 1238 1239
f 1240 1241 1242
f 1243 1244 1245
f 1246 1247 1248
f 1249 1250 1251
f 1252 1253 1254
f 1255 1256 1257
f 1258 1259 1260
f 1261 1262 1263
f 1264 1265 1266
f 1267 1268 1269
f 1270 1271 1272
f 1273 1274 1275
f 1276 1277 1278
f 1279 1280 1281
f 1282 1283 1284
f 1285 1286 1287
f 1288 1289 1290
f 1291 1292 1293
f 1294 1295 1296
f 1297 1298 1299
f 1300 1301 1302
f 1303 1304 1305
f 1306 1307 1308
f 1309 1310 1311
f 1312 1313 1314
f 1315 1316 1317
f 1318 1319 1320

o geometry_23
usemtl material_0
v 0.15175818 0.01464565 -0.08911233
v 0.12609100 0.01102709 -0.05785905
v 0.12983105 0.00629555 -0.09801238
v 0.15175818 0.01464565 -0.08911233
v 0.12983105 0.00629555 -0.09801238
v 0.14812778 0.02596052 -0.09078379
v 0.14812778 0.02596052 -0.09078379
v 0.12983105 0.00629555 -0.09801238
v 0.12620065 0.01761043 -0.09968384
v 0.14812778 0.02596052 -0.09078379
v 0.12620065 0.01761043 -0.09968384
v 0.12246060 0.02234196 -0.05953051
v 0.12983105 0.00629555 -0.09801238
v 0.12609100 0.01102709 -0.05785905
v 0.10647534 -0.00024726 -0.09157523
v 0.12983105 0.00629555 -0.09801238
v 0.10647534 -0.00024726 -0.09157523
v 0.12620065 0.01761043 -0.09968384
v 0.12620065 0.01761043 -0.09968384
v 0.10647534 -0.00024726 -0.09157523
v 0.10284494 0.01106762 -0.09324668
v 0.12620065 0.01761043 -0.09968384
v 0.10284494 0.01106762 -0.09324668
v 0.12246060 0.02234196 -0.05953051
v 0.10647534 -0.00024726 -0.09157523
v 0.12609100 0.01102709 -0.05785905
v 0.09061216 -0.00248365 -0.07225963
v 0.10647534 -0.00024726 -0.09157523
v 0.09061216 -0.00248365 -0.07225963
v 0.10284494 0.01106762 -0.09324668
v 0.10284494 0.01106762 -0.09324668
v 0.09061216 -0.00248365 -0.07225963
v 0.08698176 0.00883122 -0.07393109
v 0.10284494 0.01106762 -0.09324668
v 0.08698176 0.00883122 -0.07393109
v 0.12246060 0.02234196 -0.05953051
v 0.09061216 -0.00248365 -0.07225963
v 0.12609100 0.01102709 -0.05785905
v 0.08830068 0.00044060 -0.04744351
v 0.09061216 -0.00248365 -0.07225963
v 0.08830068 0.00044060 -0.04744351
v 0.08698176 0.00883122 -0.07393109
v 0.08698176 0.00883122 -0.07393109
v 0.08830068 0.00044060 -0.04744351
v 0.08467028 0.01175548 -0.04911497
v 0.08698176 0.00883122 -0.07393109
v 0.08467028 0.01175548 -0.04911497
v 0.12246060 0.02234196 -0.05953051
v 0.08830068 0.00044060 -0.04744351
v 0.12609100 0.01102709 -0.05785905
v 0.10042383 0.00740853 -0.02660577
v 0.08830068 0.00044060 -0.04744351
v 0.10042383 0.00740853 -0.02660577
v 0.08467028 0.01175548 -0.04911497
v 0.08467028 0.01175548 -0.04911497
v 0.10042383 0.00740853 -0.02660577
v 0.09679343 0.01872341 -0.02827723
v 0.08467028 0.01175548 -0.04911497
v 0.09679343 0.01872341 -0.02827723
v 0.12246060 0.02234196 -0.05953051
v 0.10042383 0.00740853 -0.02660577
v 0.12609100 0.01102709 -0.05785905
v 0.12235096 0.01575863 -0.01770572
v 0.10042383 0.00740853 -0.02660577
v 0.12235096 0.01575863 -0.01770572
v 0.09679343 0.01872341 -0.02827723
v 0.09679343 0.01872341 -0.02827723
v 0.12235096 0.01575863 -0.01770572
v 0.11872056 0.02707350 -0.01937718
v 0.09679343 0.01872341 -0.02827723
v 0.11872056 0.02707350 -0.01937718
v 0.12246060 0.02234196 -0.05953051
v 0.12235096 0.01575863 -0.01770572
v 0.12609100 0.01102709 -0.05785905
v 0.14570667 0.02230144 -0.02414288
v 0.12235096 0.01575863 -0.01770572
v 0.14570667 0.02230144 -0.02414288
v 0.11872056 0.02707350 -0.01937718
v 0.11872056 0.02707350 -0.01937718
v 0.14570667 0.02230144 -0.02414288
v 0.14207627 0.03361631 -0.02581434
v 0.11872056 0.02707350 -0.01937718
v 0.14207627 0.03361631 -0.02581434
v 0.12246060 0.02234196 -0.05953051
v 0.14570667 0.02230144 -0.02414288
v 0.12609100 0.01102709 -0.05785905
v 0.16156985 0.02453783 -0.04345847
v 0.14570667 0.02230144 -0.02414288
v 0.16156985 0.02453783 -0.04345847
v 0.14207627 0.03361631 -0.02581434
v 0.14207627 0.03361631 -0.02581434
v 0.16156985 0.02453783 -0.04345847
v 0.15793945 0.03585270 -0.04512993
v 0.14207627 0.03361631 -0.02581434
v 0.15793945 0.03585270 -0.04512993
v 0.12246060 0.02234196 -0.05953051
v 0.16156985 0.02453783 -0.04345847
v 0.12609100 0.01102709 -0.05785905
v 0.16388132 0.02161358 -0.06827459
v 0.16156985 0.02453783 -0.04345847
v 0.16388132 0.02161358 -0.06827459
v 0.15793945 0.03585270 -0.04512993
v 0.15793945 0.03585270 -0.04512993
v 0.16388132 0.02161358 -0.06827459
v 0.16025092 0.03292846 -0.06994605
v 0.15793945 0.03585270 -0.04512993
v 0.16025092 0.03292846 -0.06994605
v 0.12246060 0.02234196 -0.05953051
v 0.16388132 0.02161358 -0.06827459
v 0.12609100 0.01102709 -0.05785905
v 0.15175818 0.01464565 -0.08911233
v 0.16388132 0.02161358 -0.06827459
v 0.15175818 0.01464565 -0.08911233
v 0.16025092 0.03292846 -0.06994605
v 0.16025092 0.03292846 -0.06994605
v 0.15175818 0.01464565 -0.08911233
v 0.14812778 0.02596052 -0.09078379
v 0.16025092 0.03292846 -0.06994605
v 0.14812778 0.02596052 -0.09078379
v 0.12246060 0.02234196 -0.05953051
f 1321 1322 1323
f 1324 1325 1326
f 1327 1328 1329
f 1330 1331 1332
f 1333 1334 1335
f 1336 1337 1338
f 1339 1340 1341
f 1342 1343 1344
f 1345 1346 1347
f 1348 1349 1350
f 1351 1352 1353
f 1354 1355 1356
f 1357 1358 1359
f 1360 1361 1362
f 1363 1364 1365
f 1366 1367 1368
f 1369 1370 1371
f 1372 1373 1374
f 1375 1376 1377
f 1378 1379 1380
f 1381 1382 1383
f 1384 1385 1386
f 1387 1388 1389
f 1390 1391 1392
f 1393 1394 1395
f 1396 1397 1398
f 1399 1400 1401
f 1402 1403 1404
f 1405 1406 1407
f 1408 1409 1410
f 1411 1412 1413
f 1414 1415 1416
f 1417 1418 1419
f 1420 1421 1422
f 1423 1424 1425
f 1426 1427 1428
f 1429 1430 1431
f 1432 1433 1434
f 1435 1436 1437
f 1438 1439 1440

o geometry_22
usemtl material_0
v 0.16628371 0.01262967 -0.07051577
v 0.12547436 0.00054195 -0.06055265
v 0.15084571 0.01657880 -0.09233148
v 0.16628371 0.01262967 -0.07051577
v 0.15084571 0.01657880 -0.09233148
v 0.16388659 0.02378525 -0.06680003
v 0.16388659 0.02378525 -0.06680003
v 0.15084571 0.01657880 -0.09233148
v 0.14844859 0.02773438 -0.08861574
v 0.16388659 0.02378525 -0.06680003
v 0.14844859 0.02773438 -0.08861574
v 0.12307724 0.01169754 -0.05683691
v 0.15084571 0.01657880 -0.09233148
v 0.12547436 0.00054195 -0.06055265
v 0.12571672 0.01440240 -0.10200877
v 0.15084571 0.01657880 -0.09233148
v 0.12571672 0.01440240 -0.10200877
v 0.14844859 0.02773438 -0.08861574
v 0.14844859 0.02773438 -0.08861574
v 0.12571672 0.01440240 -0.10200877
v 0.12331959 0.02555798 -0.09829302
v 0.14844859 0.02773438 -0.08861574
v 0.12331959 0.02555798 -0.09829302
v 0.12307724 0.01169754 -0.05683691
v 0.12571672 0.01440240 -0.10200877
v 0.12547436 0.00054195 -0.06055265
v 0.10049514 0.00693178 -0.09585122
v 0.12571672 0.01440240 -0.10200877
v 0.10049514 0.00693178 -0.09585122
v 0.12331959 0.02555798 -0.09829302
v 0.12331959 0.02555798 -0.09829302
v 0.10049514 0.00693178 -0.09585122
v 0.09809802 0.01808736 -0.09213547
v 0.12331959 0.02555798 -0.09829302
v 0.09809802 0.01808736 -0.09213547
v 0.12307724 0.01169754 -0.05683691
v 0.10049514 0.00693178 -0.09585122
v 0.12547436 0.00054195 -0.06055265
v 0.08481479 -0.00297953 -0.07621082
v 0.10049514 0.00693178 -0.09585122
v 0.08481479 -0.00297953 -0.07621082
v 0.09809802 0.01808736 -0.09213547
v 0.09809802 0.01808736 -0.09213547
v 0.08481479 -0.00297953 -0.07621082
v 0.08241767 0.00817605 -0.07249507
v 0.09809802 0.01808736 -0.09213547
v 0.08241767 0.00817605 -0.07249507
v 0.12307724 0.01169754 -0.05683691
v 0.08481479 -0.00297953 -0.07621082
v 0.12547436 0.00054195 -0.06055265
v 0.08466501 -0.01154576 -0.05058953
v 0.08481479 -0.00297953 -0.07621082
v 0.08466501 -0.01154576 -0.05058953
v 0.08241767 0.00817605 -0.07249507
v 0.08241767 0.00817605 -0.07249507
v 0.08466501 -0.01154576 -0.05058953
v 0.08226789 -0.00039018 -0.04687379
v 0.08241767 0.00817605 -0.07249507
v 0.08226789 -0.00039018 -0.04687379
v 0.12307724 0.01169754 -0.05683691
v 0.08466501 -0.01154576 -0.05058953
v 0.12547436 0.00054195 -0.06055265
v 0.10010301 -0.01549489 -0.02877382
v 0.08466501 -0.01154576 -0.05058953
v 0.10010301 -0.01549489 -0.02877382
v 0.08226789 -0.00039018 -0.04687379
v 0.08226789 -0.00039018 -0.04687379
v 0.10010301 -0.01549489 -0.02877382
v 0.09770589 -0.00433931 -0.02505808
v 0.08226789 -0.00039018 -0.04687379
v 0.09770589 -0.00433931 -0.02505808
v 0.12307724 0.01169754 -0.05683691
v 0.10010301 -0.01549489 -0.02877382
v 0.12547436 0.00054195 -0.06055265
v 0.12523201 -0.01331849 -0.01909654
v 0.10010301 -0.01549489 -0.02877382
v 0.12523201 -0.01331849 -0.01909654
v 0.09770589 -0.00433931 -0.02505808
v 0.09770589 -0.00433931 -0.02505808
v 0.12523201 -0.01331849 -0.01909654
v 0.12283489 -0.00216291 -0.01538080
v 0.09770589 -0.00433931 -0.02505808
v 0.12283489 -0.00216291 -0.01538080
v 0.12307724 0.01169754 -0.05683691
v 0.12523201 -0.01331849 -0.01909654
v 0.12547436 0.00054195 -0.06055265
v 0.15045358 -0.00584787 -0.02525409
v 0.12523201 -0.01331849 -0.01909654
v 0.15045358 -0.00584787 -0.02525409
v 0.12283489 -0.00216291 -0.01538080
v 0.12283489 -0.00216291 -0.01538080
v 0.15045358 -0.00584787 -0.02525409
v 0.14805646 0.00530771 -0.02153834
v 0.12283489 -0.00216291 -0.01538080
v 0.14805646 0.00530771 -0.02153834
v 0.12307724 0.01169754 -0.05683691
v 0.15045358 -0.00584787 -0.02525409
v 0.12547436 0.00054195 -0.06055265
v 0.16613394 0.00406344 -0.04489449
v 0.15045358 -0.00584787 -0.02525409
v 0.16613394 0.00406344 -0.04489449
v 0.14805646 0.00530771 -0.02153834
v 0.14805646 0.00530771 -0.02153834
v 0.16613394 0.00406344 -0.04489449
v 0.16373681 0.01521902 -0.04117874
v 0.14805646 0.00530771 -0.02153834
v 0.16373681 0.01521902 -0.04117874
v 0.12307724 0.01169754 -0.05683691
v 0.16613394 0.00406344 -0.04489449
v 0.12547436 0.00054195 -0.06055265
v 0.16628371 0.01262967 -0.07051577
v 0.16613394 0.00406344 -0.04489449
v 0.16628371 0.01262967 -0.07051577
v 0.16373681 0.01521902 -0.04117874
v 0.16373681 0.01521902 -0.04117874
v 0.16628371 0.01262967 -0.07051577
v 0.16388659 0.02378525 -0.06680003
v 0.16373681 0.01521902 -0.04117874
v 0.16388659 0.02378525 -0.06680003
v 0.12307724 0.01169754 -0.05683691
f 1441 1442 1443
f 1444 1445 1446
f 1447 1448 1449
f 1450 1451 1452
f 1453 1454 1455
f 1456 1457 1458
f 1459 1460 1461
f 1462 1463 1464
f 1465 1466 1467
f 1468 1469 1470
f 1471 1472 1473
f 1474 1475 1476
f 1477 1478 1479
f 1480 1481 1482
f 1483 1484 1485
f 1486 1487 1488
f 1489 1490 1491
f 1492 1493 1494
f 1495 1496 1497
f 1498 1499 1500
f 1501 1502 1503
f 1504 1505 1506
f 1507 1508 1509
f 1510 1511 1512
f 1513 1514 1515
f 1516 1517 1518
f 1519 1520 1521
f 1522 1523 1524
f 1525 1526 1527
f 1528 1529 1530
f 1531 1532 1533
f 1534 1535 1536
f 1537 1538 1539
f 1540 1541 1542
f 1543 1544 1545
f 1546 1547 1548
f 1549 1550 1551
f 1552 1553 1554
f 1555 1556 1557
f 1558 1559 1560

o geometry_21
usemtl material_0
v 0.04050719 0.01488617 0.17810093
v 0.02488043 0.01097702 0.14016522
v 0.05903348 0.02001546 0.16138950
v 0.04050719 0.01488617 0.17810093
v 0.05903348 0.02001546 0.16138950
v 0.03738328 0.02647205 0.17819387
v 0.03738328 0.02647205 0.17819387
v 0.05903348 0.02001546 0.16138950
v 0.05590958 0.03160134 0.16148244
v 0.03738328 0.02647205 0.17819387
v 0.05590958 0.03160134 0.16148244
v 0.02175653 0.02256290 0.14025816
v 0.05903348 0.02001546 0.16138950
v 0.02488043 0.01097702 0.14016522
v 0.06451447 0.02169238 0.13657112
v 0.05903348 0.02001546 0.16138950
v 0.06451447 0.02169238 0.13657112
v 0.05590958 0.03160134 0.16148244
v 0.05590958 0.03160134 0.16148244
v 0.06451447 0.02169238 0.13657112
v 0.06139057 0.03327826 0.13666406
v 0.05590958 0.03160134 0.16148244
v 0.06139057 0.03327826 0.13666406
v 0.02175653 0.02256290 0.14025816
v 0.06451447 0.02169238 0.13657112
v 0.02488043 0.01097702 0.14016522
v 0.05485661 0.01927640 0.11312557
v 0.06451447 0.02169238 0.13657112
v 0.05485661 0.01927640 0.11312557
v 0.06139057 0.03327826 0.13666406
v 0.06139057 0.03327826 0.13666406
v 0.05485661 0.01927640 0.11312557
v 0.05173270 0.03086228 0.11321851
v 0.06139057 0.03327826 0.13666406
v 0.05173270 0.03086228 0.11321851
v 0.02175653 0.02256290 0.14025816
v 0.05485661 0.01927640 0.11312557
v 0.02488043 0.01097702 0.14016522
v 0.03374886 0.01369033 0.10000826
v 0.05485661 0.01927640 0.11312557
v 0.03374886 0.01369033 0.10000826
v 0.05173270 0.03086228 0.11321851
v 0.05173270 0.03086228 0.11321851
v 0.03374886 0.01369033 0.10000826
v 0.03062496 0.02527621 0.10010119
v 0.05173270 0.03086228 0.11321851
v 0.03062496 0.02527621 0.10010119
v 0.02175653 0.02256290 0.14025816
v 0.03374886 0.01369033 0.10000826
v 0.02488043 0.01097702 0.14016522
v 0.00925367 0.00706788 0.10222954
v 0.03374886 0.01369033 0.10000826
v 0.00925367 0.00706788 0.10222954
v 0.03062496 0.02527621 0.10010119
v 0.03062496 0.02527621 0.10010119
v 0.00925367 0.00706788 0.10222954
v 0.00612977 0.01865375 0.10232247
v 0.03062496 0.02527621 0.10010119
v 0.00612977 0.01865375 0.10232247
v 0.02175653 0.02256290 0.14025816
v 0.00925367 0.00706788 0.10222954
v 0.02488043 0.01097702 0.14016522
v -0.00927262 0.00193858 0.11894096
v 0.00925367 0.00706788 0.10222954
v -0.00927262 0.00193858 0.11894096
v 0.00612977 0.01865375 0.10232247
v 0.00612977 0.01865375 0.10232247
v -0.00927262 0.00193858 0.11894096
v -0.01239652 0.01352446 0.11903390
v 0.00612977 0.01865375 0.10232247
v -0.01239652 0.01352446 0.11903390
v 0.02175653 0.02256290 0.14025816
v -0.00927262 0.00193858 0.11894096
v 0.02488043 0.01097702 0.14016522
v -0.01475361 0.00026166 0.14375934
v -0.00927262 0.00193858 0.11894096
v -0.01475361 0.00026166 0.14375934
v -0.01239652 0.01352446 0.11903390
v -0.01239652 0.01352446 0.11903390
v -0.01475361 0.00026166 0.14375934
v -0.01787751 0.01184754 0.14385228
v -0.01239652 0.01352446 0.11903390
v -0.01787751 0.01184754 0.14385228
v 0.02175653 0.02256290 0.14025816
v -0.01475361 0.00026166 0.14375934
v 0.02488043 0.01097702 0.14016522
v -0.00509574 0.00267764 0.16720489
v -0.01475361 0.00026166 0.14375934
v -0.00509574 0.00267764 0.16720489
v -0.01787751 0.01184754 0.14385228
v -0.01787751 0.01184754 0.14385228
v -0.00509574 0.00267764 0.16720489
v -0.00821965 0.01426352 0.16729783
v -0.01787751 0.01184754 0.14385228
v -0.00821965 0.01426352 0.16729783
v 0.02175653 0.02256290 0.14025816
v -0.00509574 0.00267764 0.16720489
v 0.02488043 0.01097702 0.14016522
v 0.01601200 0.00826371 0.18032221
v -0.00509574 0.00267764 0.16720489
v 0.01601200 0.00826371 0.18032221
v -0.00821965 0.01426352 0.16729783
v -0.00821965 0.01426352 0.16729783
v 0.01601200 0.00826371 0.18032221
v 0.01288810 0.01984959 0.18041514
v -0.00821965 0.01426352 0.16729783
v 0.01288810 0.01984959 0.18041514
v 0.02175653 0.02256290 0.14025816
v 0.01601200 0.00826371 0.18032221
v 0.02488043 0.01097702 0.14016522
v 0.04050719 0.01488617 0.17810093
v 0.01601200 0.00826371 0.18032221
v 0.04050719 0.01488617 0.17810093
v 0.01288810 0.01984959 0.18041514
v 0.01288810 0.01984959 0.18041514
v 0.04050719 0.01488617 0.17810093
v 0.03738328 0.02647205 0.17819387
v 0.01288810 0.01984959 0.18041514
v 0.03738328 0.02647205 0.17819387
v 0.02175653 0.02256290 0.14025816
f 1561 1562 1563
f 1564 1565 1566
f 1567 1568 1569
f 1570 1571 1572
f 1573 1574 1575
f 1576 1577 1578
f 1579 1580 1581
f 1582 1583 1584
f 1585 1586 1587
f 1588 1589 1590
f 1591 1592 1593
f 1594 1595 1596
f 1597 1598 1599
f 1600 1601 1602
f 1603 1604 1605
f 1606 1607 1608
f 1609 1610 1611
f 1612 1613 1614
f 1615 1616 1617
f 1618 1619 1620
f 1621 1622 1623
f 1624 1625 1626
f 1627 1628 1629
f 1630 1631 1632
f 1633 1634 1635
f 1636 1637 1638
f 1639 1640 1641
f 1642 1643 1644
f 1645 1646 1647
f 1648 1649 1650
f 1651 1652 1653
f 1654 1655 1656
f 1657 1658 1659
f 1660 1661 1662
f 1663 1664 1665
f 1666 1667 1668
f 1669 1670 1671
f 1672 1673 1674
f 1675 1676 1677
f 1678 1679 1680

o geometry_20
usemtl material_1
v 0.01302048 -0.00094071 0.09660972
v 0.02350807 0.00030208 0.14033663
v -0.01067541 -0.00138713 0.11114393
v 0.01302048 -0.00094071 0.09660972
v -0.01067541 -0.00138713 0.11114393
v 0.01264130 0.01105069 0.09635985
v 0.01264130 0.01105069 0.09635985
v -0.01067541 -0.00138713 0.11114393
v -0.01105458 0.01060427 0.11089406
v 0.01264130 0.01105069 0.09635985
v -0.01105458 0.01060427 0.11089406
v 0.02312889 0.01229349 0.14008677
v -0.01067541 -0.00138713 0.11114393
v 0.02350807 0.00030208 0.14033663
v -0.02131437 -0.00118833 0.13682877
v -0.01067541 -0.00138713 0.11114393
v -0.02131437 -0.00118833 0.13682877
v -0.01105458 0.01060427 0.11089406
v -0.01105458 0.01060427 0.11089406
v -0.02131437 -0.00118833 0.13682877
v -0.02169355 0.01080307 0.13657890
v -0.01105458 0.01060427 0.11089406
v -0.02169355 0.01080307 0.13657890
v 0.02312889 0.01229349 0.14008677
v -0.02131437 -0.00118833 0.13682877
v 0.02350807 0.00030208 0.14033663
v -0.01483268 -0.00042025 0.16385350
v -0.02131437 -0.00118833 0.13682877
v -0.01483268 -0.00042025 0.16385350
v -0.02169355 0.01080307 0.13657890
v -0.02169355 0.01080307 0.13657890
v -0.01483268 -0.00042025 0.16385350
v -0.01521186 0.01157116 0.16360362
v -0.02169355 0.01080307 0.13657890
v -0.01521186 0.01157116 0.16360362
v 0.02312889 0.01229349 0.14008677
v -0.01483268 -0.00042025 0.16385350
v 0.02350807 0.00030208 0.14033663
v 0.00629387 0.00062375 0.18189557
v -0.01483268 -0.00042025 0.16385350
v 0.00629387 0.00062375 0.18189557
v -0.01521186 0.01157116 0.16360362
v -0.01521186 0.01157116 0.16360362
v 0.00629387 0.00062375 0.18189557
v 0.00591469 0.01261515 0.18164571
v -0.01521186 0.01157116 0.16360362
v 0.00591469 0.01261515 0.18164571
v 0.02312889 0.01229349 0.14008677
v 0.00629387 0.00062375 0.18189557
v 0.02350807 0.00030208 0.14033663
v 0.03399566 0.00154488 0.18406355
v 0.00629387 0.00062375 0.18189557
v 0.03399566 0.00154488 0.18406355
v 0.00591469 0.01261515 0.18164571
v 0.00591469 0.01261515 0.18164571
v 0.03399566 0.00154488 0.18406355
v 0.03361648 0.01353628 0.18381368
v 0.00591469 0.01261515 0.18164571
v 0.03361648 0.01353628 0.18381368
v 0.02312889 0.01229349 0.14008677
v 0.03399566 0.00154488 0.18406355
v 0.02350807 0.00030208 0.14033663
v 0.05769154 0.00199130 0.16952933
v 0.03399566 0.00154488 0.18406355
v 0.05769154 0.00199130 0.16952933
v 0.03361648 0.01353628 0.18381368
v 0.03361648 0.01353628 0.18381368
v 0.05769154 0.00199130 0.16952933
v 0.05731237 0.01398271 0.16927947
v 0.03361648 0.01353628 0.18381368
v 0.05731237 0.01398271 0.16927947
v 0.02312889 0.01229349 0.14008677
v 0.05769154 0.00199130 0.16952933
v 0.02350807 0.00030208 0.14033663
v 0.06833050 0.00179250 0.14384450
v 0.05769154 0.00199130 0.16952933
v 0.06833050 0.00179250 0.14384450
v 0.05731237 0.01398271 0.16927947
v 0.05731237 0.01398271 0.16927947
v 0.06833050 0.00179250 0.14384450
v 0.06795133 0.01378391 0.14359462
v 0.05731237 0.01398271 0.16927947
v 0.06795133 0.01378391 0.14359462
v 0.02312889 0.01229349 0.14008677
v 0.06833050 0.00179250 0.14384450
v 0.02350807 0.00030208 0.14033663
v 0.06184882 0.00102441 0.11681978
v 0.06833050 0.00179250 0.14384450
v 0.06184882 0.00102441 0.11681978
v 0.06795133 0.01378391 0.14359462
v 0.06795133 0.01378391 0.14359462
v 0.06184882 0.00102441 0.11681978
v 0.06146964 0.01301582 0.11656991
v 0.06795133 0.01378391 0.14359462
v 0.06146964 0.01301582 0.11656991
v 0.02312889 0.01229349 0.14008677
v 0.06184882 0.00102441 0.11681978
v 0.02350807 0.00030208 0.14033663
v 0.04072227 -0.00001958 0.09877770
v 0.06184882 0.00102441 0.11681978
v 0.04072227 -0.00001958 0.09877770
v 0.06146964 0.01301582 0.11656991
v 0.06146964 0.01301582 0.11656991
v 0.04072227 -0.00001958 0.09877770
v 0.04034309 0.01197182 0.09852783
v 0.06146964 0.01301582 0.11656991
v 0.04034309 0.01197182 0.09852783
v 0.02312889 0.01229349 0.14008677
v 0.04072227 -0.00001958 0.09877770
v 0.02350807 0.00030208 0.14033663
v 0.01302048 -0.00094071 0.09660972
v 0.04072227 -0.00001958 0.09877770
v 0.01302048 -0.00094071 0.09660972
v 0.04034309 0.01197182 0.09852783
v 0.04034309 0.01197182 0.09852783
v 0.01302048 -0.00094071 0.09660972
v 0.01264130 0.01105069 0.09635985
v 0.04034309 0.01197182 0.09852783
v 0.01264130 0.01105069 0.09635985
v 0.02312889 0.01229349 0.14008677
f 1681 1682 1683
f 1684 1685 1686
f 1687 1688 1689
f 1690 1691 1692
f 1693 1694 1695
f 1696 1697 1698
f 1699 1700 1701
f 1702 1703 1704
f 1705 1706 1707
f 1708 1709 1710
f 1711 1712 1713
f 1714 1715 1716
f 1717 1718 1719
f 1720 1721 1722
f 1723 1724 1725
f 1726 1727 1728
f 1729 1730 1731
f 1732 1733 1734
f 1735 1736 1737
f 1738 1739 1740
f 1741 1742 1743
f 1744 1745 1746
f 1747 1748 1749
f 1750 1751 1752
f 1753 1754 1755
f 1756 1757 1758
f 1759 1760 1761
f 1762 1763 1764
f 1765 1766 1767
f 1768 1769 1770
f 1771 1772 1773
f 1774 1775 1776
f 1777 1778 1779
f 1780 1781 1782
f 1783 1784 1785
f 1786 1787 1788
f 1789 1790 1791
f 1792 1793 1794
f 1795 1796 1797
f 1798 1799 1800

o geometry_19
usemtl material_0
v -0.20890066 0.00315177 0.00545073
v -0.16684432 -0.00007414 0.00672930
v -0.20160027 0.00282311 0.03048655
v -0.20890066 0.00315177 0.00545073
v -0.20160027 0.00282311 0.03048655
v -0.20797957 0.01511585 0.00533920
v -0.20797957 0.01511585 0.00533920
v -0.20160027 0.00282311 0.03048655
v -0.20067917 0.01478719 0.03037502
v -0.20797957 0.01511585 0.00533920
v -0.20067917 0.01478719 0.03037502
v -0.16592324 0.01188993 0.00661776
v -0.20160027 0.00282311 0.03048655
v -0.16684432 -0.00007414 0.00672930
v -0.18102427 0.00138780 0.04644791
v -0.20160027 0.00282311 0.03048655
v -0.18102427 0.00138780 0.04644791
v -0.20067917 0.01478719 0.03037502
v -0.20067917 0.01478719 0.03037502
v -0.18102427 0.00138780 0.04644791
v -0.18010318 0.01335188 0.04633638
v -0.20067917 0.01478719 0.03037502
v -0.18010318 0.01335188 0.04633638
v -0.16592324 0.01188993 0.00661776
v -0.18102427 0.00138780 0.04644791
v -0.16684432 -0.00007414 0.00672930
v -0.15503202 -0.00060592 0.04723810
v -0.18102427 0.00138780 0.04644791
v -0.15503202 -0.00060592 0.04723810
v -0.18010318 0.01335188 0.04633638
v -0.18010318 0.01335188 0.04633638
v -0.15503202 -0.00060592 0.04723810
v -0.15411094 0.01135816 0.04712657
v -0.18010318 0.01335188 0.04633638
v -0.15411094 0.01135816 0.04712657
v -0.16592324 0.01188993 0.00661776
v -0.15503202 -0.00060592 0.04723810
v -0.16684432 -0.00007414 0.00672930
v -0.13355169 -0.00239652 0.03255531
v -0.15503202 -0.00060592 0.04723810
v -0.13355169 -0.00239652 0.03255531
v -0.15411094 0.01135816 0.04712657
v -0.15411094 0.01135816 0.04712657
v -0.13355169 -0.00239652 0.03255531
v -0.13263059 0.00956756 0.03244378
v -0.15411094 0.01135816 0.04712657
v -0.13263059 0.00956756 0.03244378
v -0.16592324 0.01188993 0.00661776
v -0.13355169 -0.00239652 0.03255531
v -0.16684432 -0.00007414 0.00672930
v -0.12478799 -0.00330006 0.00800786
v -0.13355169 -0.00239652 0.03255531
v -0.12478799 -0.00330006 0.00800786
v -0.13263059 0.00956756 0.03244378
v -0.13263059 0.00956756 0.03244378
v -0.12478799 -0.00330006 0.00800786
v -0.12386690 0.00866402 0.00789632
v -0.13263059 0.00956756 0.03244378
v -0.12386690 0.00866402 0.00789632
v -0.16592324 0.01188993 0.00661776
v -0.12478799 -0.00330006 0.00800786
v -0.16684432 -0.00007414 0.00672930
v -0.13208839 -0.00297140 -0.01702796
v -0.12478799 -0.00330006 0.00800786
v -0.13208839 -0.00297140 -0.01702796
v -0.12386690 0.00866402 0.00789632
v -0.12386690 0.00866402 0.00789632
v -0.13208839 -0.00297140 -0.01702796
v -0.13116729 0.00899268 -0.01713950
v -0.12386690 0.00866402 0.00789632
v -0.13116729 0.00899268 -0.01713950
v -0.16592324 0.01188993 0.00661776
v -0.13208839 -0.00297140 -0.01702796
v -0.16684432 -0.00007414 0.00672930
v -0.15266438 -0.00153609 -0.03298932
v -0.13208839 -0.00297140 -0.01702796
v -0.15266438 -0.00153609 -0.03298932
v -0.13116729 0.00899268 -0.01713950
v -0.13116729 0.00899268 -0.01713950
v -0.15266438 -0.00153609 -0.03298932
v -0.15174328 0.01042798 -0.03310085
v -0.13116729 0.00899268 -0.01713950
v -0.15174328 0.01042798 -0.03310085
v -0.16592324 0.01188993 0.00661776
v -0.15266438 -0.00153609 -0.03298932
v -0.16684432 -0.00007414 0.00672930
v -0.17865662 0.00045763 -0.03377951
v -0.15266438 -0.00153609 -0.03298932
v -0.17865662 0.00045763 -0.03377951
v -0.15174328 0.01042798 -0.03310085
v -0.15174328 0.01042798 -0.03310085
v -0.17865662 0.00045763 -0.03377951
v -0.17773552 0.01242171 -0.03389104
v -0.15174328 0.01042798 -0.03310085
v -0.17773552 0.01242171 -0.03389104
v -0.16592324 0.01188993 0.00661776
v -0.17865662 0.00045763 -0.03377951
v -0.16684432 -0.00007414 0.00672930
v -0.20013697 0.00224823 -0.01909672
v -0.17865662 0.00045763 -0.03377951
v -0.20013697 0.00224823 -0.01909672
v -0.17773552 0.01242171 -0.03389104
v -0.17773552 0.01242171 -0.03389104
v -0.20013697 0.00224823 -0.01909672
v -0.19921587 0.01421231 -0.01920825
v -0.17773552 0.01242171 -0.03389104
v -0.19921587 0.01421231 -0.01920825
v -0.16592324 0.01188993 0.00661776
v -0.20013697 0.00224823 -0.01909672
v -0.16684432 -0.00007414 0.00672930
v -0.20890066 0.00315177 0.00545073
v -0.20013697 0.00224823 -0.01909672
v -0.20890066 0.00315177 0.00545073
v -0.19921587 0.01421231 -0.01920825
v -0.19921587 0.01421231 -0.01920825
v -0.20890066 0.00315177 0.00545073
v -0.20797957 0.01511585 0.00533920
v -0.19921587 0.01421231 -0.01920825
v -0.20797957 0.01511585 0.00533920
v -0.16592324 0.01188993 0.00661776
f 1801 1802 1803
f 1804 1805 1806
f 1807 1808 1809
f 1810 1811 1812
f 1813 1814 1815
f 1816 1817 1818
f 1819 1820 1821
f 1822 1823 1824
f 1825 1826 1827
f 1828 1829 1830
f 1831 1832 1833
f 1834 1835 1836
f 1837 1838 1839
f 1840 1841 1842
f 1843 1844 1845
f 1846 1847 1848
f 1849 1850 1851
f 1852 1853 1854
f 1855 1856 1857
f 1858 1859 1860
f 1861 1862 1863
f 1864 1865 1866
f 1867 1868 1869
f 1870 1871 1872
f 1873 1874 1875
f 1876 1877 1878
f 1879 1880 1881
f 1882 1883 1884
f 1885 1886 1887
f 1888 1889 1890
f 1891 1892 1893
f 1894 1895 1896
f 1897 1898 1899
f 1900 1901 1902
f 1903 1904 1905
f 1906 1907 1908
f 1909 1910 1911
f 1912 1913 1914
f 1915 1916 1917
f 1918 1919 1920

o geometry_18
usemtl material_0
v -0.08860364 -0.00661406 -0.29069307
v -0.07184016 0.00032495 -0.25063583
v -0.10859172 -0.00980218 -0.27255642
v -0.08860364 -0.00661406 -0.29069307
v -0.10859172 -0.00980218 -0.27255642
v -0.09128059 0.00504886 -0.29159316
v -0.09128059 0.00504886 -0.29159316
v -0.10859172 -0.00980218 -0.27255642
v -0.11126867 0.00186074 -0.27345648
v -0.09128059 0.00504886 -0.29159316
v -0.11126867 0.00186074 -0.27345648
v -0.07451711 0.01198788 -0.25153589
v -0.10859172 -0.00980218 -0.27255642
v -0.07184016 0.00032495 -0.25063583
v -0.11454196 -0.00912208 -0.24604683
v -0.10859172 -0.00980218 -0.27255642
v -0.11454196 -0.00912208 -0.24604683
v -0.11126867 0.00186074 -0.27345648
v -0.11126867 0.00186074 -0.27345648
v -0.11454196 -0.00912208 -0.24604683
v -0.11721890 0.00254084 -0.24694689
v -0.11126867 0.00186074 -0.27345648
v -0.11721890 0.00254084 -0.24694689
v -0.07451711 0.01198788 -0.25153589
v -0.11454196 -0.00912208 -0.24604683
v -0.07184016 0.00032495 -0.25063583
v -0.10418155 -0.00483353 -0.22129007
v -0.11454196 -0.00912208 -0.24604683
v -0.10418155 -0.00483353 -0.22129007
v -0.11721890 0.00254084 -0.24694689
v -0.11721890 0.00254084 -0.24694689
v -0.10418155 -0.00483353 -0.22129007
v -0.10685850 0.00682939 -0.22219014
v -0.11721890 0.00254084 -0.24694689
v -0.10685850 0.00682939 -0.22219014
v -0.07451711 0.01198788 -0.25153589
v -0.10418155 -0.00483353 -0.22129007
v -0.07184016 0.00032495 -0.25063583
v -0.08146784 0.00142538 -0.20774239
v -0.10418155 -0.00483353 -0.22129007
v -0.08146784 0.00142538 -0.20774239
v -0.10685850 0.00682939 -0.22219014
v -0.10685850 0.00682939 -0.22219014
v -0.08146784 0.00142538 -0.20774239
v -0.08414479 0.01308831 -0.20864247
v -0.10685850 0.00682939 -0.22219014
v -0.08414479 0.01308831 -0.20864247
v -0.07451711 0.01198788 -0.25153589
v -0.08146784 0.00142538 -0.20774239
v -0.07184016 0.00032495 -0.25063583
v -0.05507668 0.00726397 -0.21057856
v -0.08146784 0.00142538 -0.20774239
v -0.05507668 0.00726397 -0.21057856
v -0.08414479 0.01308831 -0.20864247
v -0.08414479 0.01308831 -0.20864247
v -0.05507668 0.00726397 -0.21057856
v -0.05775363 0.01892690 -0.21147862
v -0.08414479 0.01308831 -0.20864247
v -0.05775363 0.01892690 -0.21147862
v -0.07451711 0.01198788 -0.25153589
v -0.05507668 0.00726397 -0.21057856
v -0.07184016 0.00032495 -0.25063583
v -0.03508860 0.01045209 -0.22871523
v -0.05507668 0.00726397 -0.21057856
v -0.03508860 0.01045209 -0.22871523
v -0.05775363 0.01892690 -0.21147862
v -0.05775363 0.01892690 -0.21147862
v -0.03508860 0.01045209 -0.22871523
v -0.03776554 0.02211502 -0.22961530
v -0.05775363 0.01892690 -0.21147862
v -0.03776554 0.02211502 -0.22961530
v -0.07451711 0.01198788 -0.25153589
v -0.03508860 0.01045209 -0.22871523
v -0.07184016 0.00032495 -0.25063583
v -0.02913836 0.00977199 -0.25522482
v -0.03508860 0.01045209 -0.22871523
v -0.02913836 0.00977199 -0.25522482
v -0.03776554 0.02211502 -0.22961530
v -0.03776554 0.02211502 -0.22961530
v -0.02913836 0.00977199 -0.25522482
v -0.03181531 0.02143492 -0.25612488
v -0.03776554 0.02211502 -0.22961530
v -0.03181531 0.02143492 -0.25612488
v -0.07451711 0.01198788 -0.25153589
v -0.02913836 0.00977199 -0.25522482
v -0.07184016 0.00032495 -0.25063583
v -0.03949876 0.00548344 -0.27998158
v -0.02913836 0.00977199 -0.25522482
v -0.03949876 0.00548344 -0.27998158
v -0.03181531 0.02143492 -0.25612488
v -0.03181531 0.02143492 -0.25612488
v -0.03949876 0.00548344 -0.27998158
v -0.04217571 0.01714637 -0.28088164
v -0.03181531 0.02143492 -0.25612488
v -0.04217571 0.01714637 -0.28088164
v -0.07451711 0.01198788 -0.25153589
v -0.03949876 0.00548344 -0.27998158
v -0.07184016 0.00032495 -0.25063583
v -0.06221248 -0.00077547 -0.29352924
v -0.03949876 0.00548344 -0.27998158
v -0.06221248 -0.00077547 -0.29352924
v -0.04217571 0.01714637 -0.28088164
v -0.04217571 0.01714637 -0.28088164
v -0.06221248 -0.00077547 -0.29352924
v -0.06488942 0.01088745 -0.29442930
v -0.04217571 0.01714637 -0.28088164
v -0.06488942 0.01088745 -0.29442930
v -0.07451711 0.01198788 -0.25153589
v -0.06221248 -0.00077547 -0.29352924
v -0.07184016 0.00032495 -0.25063583
v -0.08860364 -0.00661406 -0.29069307
v -0.06221248 -0.00077547 -0.29352924
v -0.08860364 -0.00661406 -0.29069307
v -0.06488942 0.01088745 -0.29442930
v -0.06488942 0.01088745 -0.29442930
v -0.08860364 -0.00661406 -0.29069307
v -0.09128059 0.00504886 -0.29159316
v -0.06488942 0.01088745 -0.29442930
v -0.09128059 0.00504886 -0.29159316
v -0.07451711 0.01198788 -0.25153589
f 1921 1922 1923
f 1924 1925 1926
f 1927 1928 1929
f 1930 1931 1932
f 1933 1934 1935
f 1936 1937 1938
f 1939 1940 1941
f 1942 1943 1944
f 1945 1946 1947
f 1948 1949 1950
f 1951 1952 1953
f 1954 1955 1956
f 1957 1958 1959
f 1960 1961 1962
f 1963 1964 1965
f 1966 1967 1968
f 1969 1970 1971
f 1972 1973 1974
f 1975 1976 1977
f 1978 1979 1980
f 1981 1982 1983
f 1984 1985 1986
f 1987 1988 1989
f 1990 1991 1992
f 1993 1994 1995
f 1996 1997 1998
f 1999 2000 2001
f 2002 2003 2004
f 2005 2006 2007
f 2008 2009 2010
f 2011 2012 2013
f 2014 2015 2016
f 2017 2018 2019
f 2020 2021 2022
f 2023 2024 2025
f 2026 2027 2028
f 2029 2030 2031
f 2032 2033 2034
f 2035 2036 2037
f 2038 2039 2040

o geometry_17
usemtl material_0
v -0.21407442 0.00577943 0.18772452
v -0.21640763 0.01141916 0.23261775
v -0.24099927 0.00422388 0.19525290
v -0.21407442 0.00577943 0.18772452
v -0.24099927 0.00422388 0.19525290
v -0.21519126 0.01762685 0.18617812
v -0.21519126 0.01762685 0.18617812
v -0.24099927 0.00422388 0.19525290
v -0.24211612 0.01607130 0.19370651
v -0.21519126 0.01762685 0.18617812
v -0.24211612 0.01607130 0.19370651
v -0.21752448 0.02326658 0.23107137
v -0.24099927 0.00422388 0.19525290
v -0.21640763 0.01141916 0.23261775
v -0.25853094 0.00541668 0.21705338
v -0.24099927 0.00422388 0.19525290
v -0.25853094 0.00541668 0.21705338
v -0.24211612 0.01607130 0.19370651
v -0.24211612 0.01607130 0.19370651
v -0.25853094 0.00541668 0.21705338
v -0.25964779 0.01726410 0.21550700
v -0.24211612 0.01607130 0.19370651
v -0.25964779 0.01726410 0.21550700
v -0.21752448 0.02326658 0.23107137
v -0.25853094 0.00541668 0.21705338
v -0.21640763 0.01141916 0.23261775
v -0.25997296 0.00890223 0.24479893
v -0.25853094 0.00541668 0.21705338
v -0.25997296 0.00890223 0.24479893
v -0.25964779 0.01726410 0.21550700
v -0.25964779 0.01726410 0.21550700
v -0.25997296 0.00890223 0.24479893
v -0.26108980 0.02074965 0.24325255
v -0.25964779 0.01726410 0.21550700
v -0.26108980 0.02074965 0.24325255
v -0.21752448 0.02326658 0.23107137
v -0.25997296 0.00890223 0.24479893
v -0.21640763 0.01141916 0.23261775
v -0.24477449 0.01334916 0.26789168
v -0.25997296 0.00890223 0.24479893
v -0.24477449 0.01334916 0.26789168
v -0.26108980 0.02074965 0.24325255
v -0.26108980 0.02074965 0.24325255
v -0.24477449 0.01334916 0.26789168
v -0.24589133 0.02519658 0.26634529
v -0.26108980 0.02074965 0.24325255
v -0.24589133 0.02519658 0.26634529
v -0.21752448 0.02326658 0.23107137
v -0.24477449 0.01334916 0.26789168
v -0.21640763 0.01141916 0.23261775
v -0.21874085 0.01705890 0.27751100
v -0.24477449 0.01334916 0.26789168
v -0.21874085 0.01705890 0.27751100
v -0.24589133 0.02519658 0.26634529
v -0.24589133 0.02519658 0.26634529
v -0.21874085 0.01705890 0.27751100
v -0.21985769 0.02890632 0.27596462
v -0.24589133 0.02519658 0.26634529
v -0.21985769 0.02890632 0.27596462
v -0.21752448 0.02326658 0.23107137
v -0.21874085 0.01705890 0.27751100
v -0.21640763 0.01141916 0.23261775
v -0.19181599 0.01861444 0.26998261
v -0.21874085 0.01705890 0.27751100
v -0.19181599 0.01861444 0.26998261
v -0.21985769 0.02890632 0.27596462
v -0.21985769 0.02890632 0.27596462
v -0.19181599 0.01861444 0.26998261
v -0.19293284 0.03046186 0.26843622
v -0.21985769 0.02890632 0.27596462
v -0.19293284 0.03046186 0.26843622
v -0.21752448 0.02326658 0.23107137
v -0.19181599 0.01861444 0.26998261
v -0.21640763 0.01141916 0.23261775
v -0.17428431 0.01742164 0.24818212
v -0.19181599 0.01861444 0.26998261
v -0.17428431 0.01742164 0.24818212
v -0.19293284 0.03046186 0.26843622
v -0.19293284 0.03046186 0.26843622
v -0.17428431 0.01742164 0.24818212
v -0.17540117 0.02926906 0.24663574
v -0.19293284 0.03046186 0.26843622
v -0.17540117 0.02926906 0.24663574
v -0.21752448 0.02326658 0.23107137
v -0.17428431 0.01742164 0.24818212
v -0.21640763 0.01141916 0.23261775
v -0.17284231 0.01393609 0.22043657
v -0.17428431 0.01742164 0.24818212
v -0.17284231 0.01393609 0.22043657
v -0.17540117 0.02926906 0.24663574
v -0.17540117 0.02926906 0.24663574
v -0.17284231 0.01393609 0.22043657
v -0.17395915 0.02578351 0.21889019
v -0.17540117 0.02926906 0.24663574
v -0.17395915 0.02578351 0.21889019
v -0.21752448 0.02326658 0.23107137
v -0.17284231 0.01393609 0.22043657
v -0.21640763 0.01141916 0.23261775
v -0.18804078 0.00948916 0.19734383
v -0.17284231 0.01393609 0.22043657
v -0.18804078 0.00948916 0.19734383
v -0.17395915 0.02578351 0.21889019
v -0.17395915 0.02578351 0.21889019
v -0.18804078 0.00948916 0.19734383
v -0.18915762 0.02133658 0.19579744
v -0.17395915 0.02578351 0.21889019
v -0.18915762 0.02133658 0.19579744
v -0.21752448 0.02326658 0.23107137
v -0.18804078 0.00948916 0.19734383
v -0.21640763 0.01141916 0.23261775
v -0.21407442 0.00577943 0.18772452
v -0.18804078 0.00948916 0.19734383
v -0.21407442 0.00577943 0.18772452
v -0.18915762 0.02133658 0.19579744
v -0.18915762 0.02133658 0.19579744
v -0.21407442 0.00577943 0.18772452
v -0.21519126 0.01762685 0.18617812
v -0.18915762 0.02133658 0.19579744
v -0.21519126 0.01762685 0.18617812
v -0.21752448 0.02326658 0.23107137
f 2041 2042 2043
f 2044 2045 2046
f 2047 2048 2049
f 2050 2051 2052
f 2053 2054 2055
f 2056 2057 2058
f 2059 2060 2061
f 2062 2063 2064
f 2065 2066 2067
f 2068 2069 2070
f 2071 2072 2073
f 2074 2075 2076
f 2077 2078 2079
f 2080 2081 2082
f 2083 2084 2085
f 2086 2087 2088
f 2089 2090 2091
f 2092 2093 2094
f 2095 2096 2097
f 2098 2099 2100
f 2101 2102 2103
f 2104 2105 2106
f 2107 2108 2109
f 2110 2111 2112
f 2113 2114 2115
f 2116 2117 2118
f 2119 2120 2121
f 2122 2123 2124
f 2125 2126 2127
f 2128 2129 2130
f 2131 2132 2133
f 2134 2135 2136
f 2137 2138 2139
f 2140 2141 2142
f 2143 2144 2145
f 2146 2147 2148
f 2149 2150 2151
f 2152 2153 2154
f 2155 2156 2157
f 2158 2159 2160

o geometry_16
usemtl material_1
v -0.19563662 0.00346818 0.26629791
v -0.21645796 -0.00034920 0.23220243
v -0.17954628 0.00370625 0.24742359
v -0.19563662 0.00346818 0.26629791
v -0.17954628 0.00370625 0.24742359
v -0.19665280 0.01540363 0.26558217
v -0.19665280 0.01540363 0.26558217
v -0.17954628 0.00370625 0.24742359
v -0.18056247 0.01564171 0.24670784
v -0.19665280 0.01540363 0.26558217
v -0.18056247 0.01564171 0.24670784
v -0.21747415 0.01158625 0.23148668
v -0.17954628 0.00370625 0.24742359
v -0.21645796 -0.00034920 0.23220243
v -0.17755495 0.00239528 0.22273532
v -0.17954628 0.00370625 0.24742359
v -0.17755495 0.00239528 0.22273532
v -0.18056247 0.01564171 0.24670784
v -0.18056247 0.01564171 0.24670784
v -0.17755495 0.00239528 0.22273532
v -0.17857115 0.01433073 0.22201955
v -0.18056247 0.01564171 0.24670784
v -0.17857115 0.01433073 0.22201955
v -0.21747415 0.01158625 0.23148668
v -0.17755495 0.00239528 0.22273532
v -0.21645796 -0.00034920 0.23220243
v -0.19042325 0.00003600 0.20166315
v -0.17755495 0.00239528 0.22273532
v -0.19042325 0.00003600 0.20166315
v -0.17857115 0.01433073 0.22201955
v -0.17857115 0.01433073 0.22201955
v -0.19042325 0.00003600 0.20166315
v -0.19143943 0.01197146 0.20094739
v -0.17857115 0.01433073 0.22201955
v -0.19143943 0.01197146 0.20094739
v -0.21747415 0.01158625 0.23148668
v -0.19042325 0.00003600 0.20166315
v -0.21645796 -0.00034920 0.23220243
v -0.21323593 -0.00247041 0.19225594
v -0.19042325 0.00003600 0.20166315
v -0.21323593 -0.00247041 0.19225594
v -0.19143943 0.01197146 0.20094739
v -0.19143943 0.01197146 0.20094739
v -0.21323593 -0.00247041 0.19225594
v -0.21425211 0.00946505 0.19154020
v -0.19143943 0.01197146 0.20094739
v -0.21425211 0.00946505 0.19154020
v -0.21747415 0.01158625 0.23148668
v -0.21323593 -0.00247041 0.19225594
v -0.21645796 -0.00034920 0.23220243
v -0.23727931 -0.00416659 0.19810696
v -0.21323593 -0.00247041 0.19225594
v -0.23727931 -0.00416659 0.19810696
v -0.21425211 0.00946505 0.19154020
v -0.21425211 0.00946505 0.19154020
v -0.23727931 -0.00416659 0.19810696
v -0.23829550 0.00776887 0.19739121
v -0.21425211 0.00946505 0.19154020
v -0.23829550 0.00776887 0.19739121
v -0.21747415 0.01158625 0.23148668
v -0.23727931 -0.00416659 0.19810696
v -0.21645796 -0.00034920 0.23220243
v -0.25336963 -0.00440466 0.21698128
v -0.23727931 -0.00416659 0.19810696
v -0.25336963 -0.00440466 0.21698128
v -0.23829550 0.00776887 0.19739121
v -0.23829550 0.00776887 0.19739121
v -0.25336963 -0.00440466 0.21698128
v -0.25438583 0.00753079 0.21626553
v -0.23829550 0.00776887 0.19739121
v -0.25438583 0.00753079 0.21626553
v -0.21747415 0.01158625 0.23148668
v -0.25336963 -0.00440466 0.21698128
v -0.21645796 -0.00034920 0.23220243
v -0.25536096 -0.00309368 0.24166955
v -0.25336963 -0.00440466 0.21698128
v -0.25536096 -0.00309368 0.24166955
v -0.25438583 0.00753079 0.21626553
v -0.25438583 0.00753079 0.21626553
v -0.25536096 -0.00309368 0.24166955
v -0.25637716 0.00884177 0.24095380
v -0.25438583 0.00753079 0.21626553
v -0.25637716 0.00884177 0.24095380
v -0.21747415 0.01158625 0.23148668
v -0.25536096 -0.00309368 0.24166955
v -0.21645796 -0.00034920 0.23220243
v -0.24249268 -0.00073441 0.26274171
v -0.25536096 -0.00309368 0.24166955
v -0.24249268 -0.00073441 0.26274171
v -0.25637716 0.00884177 0.24095380
v -0.25637716 0.00884177 0.24095380
v -0.24249268 -0.00073441 0.26274171
v -0.24350886 0.01120104 0.26202598
v -0.25637716 0.00884177 0.24095380
v -0.24350886 0.01120104 0.26202598
v -0.21747415 0.01158625 0.23148668
v -0.24249268 -0.00073441 0.26274171
v -0.21645796 -0.00034920 0.23220243
v -0.21968000 0.00177200 0.27214891
v -0.24249268 -0.00073441 0.26274171
v -0.21968000 0.00177200 0.27214891
v -0.24350886 0.01120104 0.26202598
v -0.24350886 0.01120104 0.26202598
v -0.21968000 0.00177200 0.27214891
v -0.22069618 0.01370745 0.27143317
v -0.24350886 0.01120104 0.26202598
v -0.22069618 0.01370745 0.27143317
v -0.21747415 0.01158625 0.23148668
v -0.21968000 0.00177200 0.27214891
v -0.21645796 -0.00034920 0.23220243
v -0.19563662 0.00346818 0.26629791
v -0.21968000 0.00177200 0.27214891
v -0.19563662 0.00346818 0.26629791
v -0.22069618 0.01370745 0.27143317
v -0.22069618 0.01370745 0.27143317
v -0.19563662 0.00346818 0.26629791
v -0.19665280 0.01540363 0.26558217
v -0.22069618 0.01370745 0.27143317
v -0.19665280 0.01540363 0.26558217
v -0.21747415 0.01158625 0.23148668
f 2161 2162 2163
f 2164 2165 2166
f 2167 2168 2169
f 2170 2171 2172
f 2173 2174 2175
f 2176 2177 2178
f 2179 2180 2181
f 2182 2183 2184
f 2185 2186 2187
f 2188 2189 2190
f 2191 2192 2193
f 2194 2195 2196
f 2197 2198 2199
f 2200 2201 2202
f 2203 2204 2205
f 2206 2207 2208
f 2209 2210 2211
f 2212 2213 2214
f 2215 2216 2217
f 2218 2219 2220
f 2221 2222 2223
f 2224 2225 2226
f 2227 2228 2229
f 2230 2231 2232
f 2233 2234 2235
f 2236 2237 2238
f 2239 2240 2241
f 2242 2243 2244
f 2245 2246 2247
f 2248 2249 2250
f 2251 2252 2253
f 2254 2255 2256
f 2257 2258 2259
f 2260 2261 2262
f 2263 2264 2265
f 2266 2267 2268
f 2269 2270 2271
f 2272 2273 2274
f 2275 2276 2277
f 2278 2279 2280

o geometry_15
usemtl material_0
v 0.03762685 -0.00202563 -0.06062149
v 0.08729952 0.00110701 -0.06257913
v 0.04861213 -0.00728956 -0.03234995
v 0.03762685 -0.00202563 -0.06062149
v 0.04861213 -0.00728956 -0.03234995
v 0.03698288 0.00970711 -0.05818672
v 0.03698288 0.00970711 -0.05818672
v 0.04861213 -0.00728956 -0.03234995
v 0.04796815 0.00444319 -0.02991519
v 0.03698288 0.00970711 -0.05818672
v 0.04796815 0.00444319 -0.02991519
v 0.08665554 0.01283975 -0.06014436
v 0.04861213 -0.00728956 -0.03234995
v 0.08729952 0.00110701 -0.06257913
v 0.07437468 -0.00934628 -0.01562493
v 0.04861213 -0.00728956 -0.03234995
v 0.07437468 -0.00934628 -0.01562493
v 0.04796815 0.00444319 -0.02991519
v 0.04796815 0.00444319 -0.02991519
v 0.07437468 -0.00934628 -0.01562493
v 0.07373070 0.00238646 -0.01319016
v 0.04796815 0.00444319 -0.02991519
v 0.07373070 0.00238646 -0.01319016
v 0.08665554 0.01283975 -0.06014436
v 0.07437468 -0.00934628 -0.01562493
v 0.08729952 0.00110701 -0.06257913
v 0.10507407 -0.00741020 -0.01683481
v 0.07437468 -0.00934628 -0.01562493
v 0.10507407 -0.00741020 -0.01683481
v 0.07373070 0.00238646 -0.01319016
v 0.07373070 0.00238646 -0.01319016
v 0.10507407 -0.00741020 -0.01683481
v 0.10443009 0.00432254 -0.01440005
v 0.07373070 0.00238646 -0.01319016
v 0.10443009 0.00432254 -0.01440005
v 0.08665554 0.01283975 -0.06014436
v 0.10507407 -0.00741020 -0.01683481
v 0.08729952 0.00110701 -0.06257913
v 0.12898420 -0.00222084 -0.03551747
v 0.10507407 -0.00741020 -0.01683481
v 0.12898420 -0.00222084 -0.03551747
v 0.10443009 0.00432254 -0.01440005
v 0.10443009 0.00432254 -0.01440005
v 0.12898420 -0.00222084 -0.03551747
v 0.12834021 0.00951190 -0.03308271
v 0.10443009 0.00432254 -0.01440005
v 0.12834021 0.00951190 -0.03308271
v 0.08665554 0.01283975 -0.06014436
v 0.12898420 -0.00222084 -0.03551747
v 0.08729952 0.00110701 -0.06257913
v 0.13697219 0.00423965 -0.06453677
v 0.12898420 -0.00222084 -0.03551747
v 0.13697219 0.00423965 -0.06453677
v 0.12834021 0.00951190 -0.03308271
v 0.12834021 0.00951190 -0.03308271
v 0.13697219 0.00423965 -0.06453677
v 0.13632821 0.01597239 -0.06210200
v 0.12834021 0.00951190 -0.03308271
v 0.13632821 0.01597239 -0.06210200
v 0.08665554 0.01283975 -0.06014436
v 0.13697219 0.00423965 -0.06453677
v 0.08729952 0.00110701 -0.06257913
v 0.12598692 0.00950357 -0.09280831
v 0.13697219 0.00423965 -0.06453677
v 0.12598692 0.00950357 -0.09280831
v 0.13632821 0.01597239 -0.06210200
v 0.13632821 0.01597239 -0.06210200
v 0.12598692 0.00950357 -0.09280831
v 0.12534294 0.02123631 -0.09037354
v 0.13632821 0.01597239 -0.06210200
v 0.12534294 0.02123631 -0.09037354
v 0.08665554 0.01283975 -0.06014436
v 0.12598692 0.00950357 -0.09280831
v 0.08729952 0.00110701 -0.06257913
v 0.10022437 0.01156029 -0.10953332
v 0.12598692 0.00950357 -0.09280831
v 0.10022437 0.01156029 -0.10953332
v 0.12534294 0.02123631 -0.09037354
v 0.12534294 0.02123631 -0.09037354
v 0.10022437 0.01156029 -0.10953332
v 0.09958039 0.02329303 -0.10709856
v 0.12534294 0.02123631 -0.09037354
v 0.09958039 0.02329303 -0.10709856
v 0.08665554 0.01283975 -0.06014436
v 0.10022437 0.01156029 -0.10953332
v 0.08729952 0.00110701 -0.06257913
v 0.06952497 0.00962421 -0.10832344
v 0.10022437 0.01156029 -0.10953332
v 0.06952497 0.00962421 -0.10832344
v 0.09958039 0.02329303 -0.10709856
v 0.09958039 0.02329303 -0.10709856
v 0.06952497 0.00962421 -0.10832344
v 0.06888099 0.02135695 -0.10588868
v 0.09958039 0.02329303 -0.10709856
v 0.06888099 0.02135695 -0.10588868
v 0.08665554 0.01283975 -0.06014436
v 0.06952497 0.00962421 -0.10832344
v 0.08729952 0.00110701 -0.06257913
v 0.04561485 0.00443485 -0.08964078
v 0.06952497 0.00962421 -0.10832344
v 0.04561485 0.00443485 -0.08964078
v 0.06888099 0.02135695 -0.10588868
v 0.06888099 0.02135695 -0.10588868
v 0.04561485 0.00443485 -0.08964078
v 0.04497087 0.01616759 -0.08720602
v 0.06888099 0.02135695 -0.10588868
v 0.04497087 0.01616759 -0.08720602
v 0.08665554 0.01283975 -0.06014436
v 0.04561485 0.00443485 -0.08964078
v 0.08729952 0.00110701 -0.06257913
v 0.03762685 -0.00202563 -0.06062149
v 0.04561485 0.00443485 -0.08964078
v 0.03762685 -0.00202563 -0.06062149
v 0.04497087 0.01616759 -0.08720602
v 0.04497087 0.01616759 -0.08720602
v 0.03762685 -0.00202563 -0.06062149
v 0.03698288 0.00970711 -0.05818672
v 0.04497087 0.01616759 -0.08720602
v 0.03698288 0.00970711 -0.05818672
v 0.08665554 0.01283975 -0.06014436
f 2281 2282 2283
f 2284 2285 2286
f 2287 2288 2289
f 2290 2291 2292
f 2293 2294 2295
f 2296 2297 2298
f 2299 2300 2301
f 2302 2303 2304
f 2305 2306 2307
f 2308 2309 2310
f 2311 2312 2313
f 2314 2315 2316
f 2317 2318 2319
f 2320 2321 2322
f 2323 2324 2325
f 2326 2327 2328
f 2329 2330 2331
f 2332 2333 2334
f 2335 2336 2337
f 2338 2339 2340
f 2341 2342 2343
f 2344 2345 2346
f 2347 2348 2349
f 2350 2351 2352
f 2353 2354 2355
f 2356 2357 2358
f 2359 2360 2361
f 2362 2363 2364
f 2365 2366 2367
f 2368 2369 2370
f 2371 2372 2373
f 2374 2375 2376
f 2377 2378 2379
f 2380 2381 2382
f 2383 2384 2385
f 2386 2387 2388
f 2389 2390 2391
f 2392 2393 2394
f 2395 2396 2397
f 2398 2399 2400

o geometry_14
usemtl material_0
v -0.02627303 0.01509887 -0.05398445
v 0.01577272 0.00065519 -0.05149143
v -0.01820607 0.01689635 -0.02773546
v -0.02627303 0.01509887 -0.05398445
v -0.01820607 0.01689635 -0.02773546
v -0.02232297 0.02625613 -0.05596243
v -0.02232297 0.02625613 -0.05596243
v -0.01820607 0.01689635 -0.02773546
v -0.01425601 0.02805362 -0.02971344
v -0.02232297 0.02625613 -0.05596243
v -0.01425601 0.02805362 -0.02971344
v 0.01972278 0.01181246 -0.05346941
v -0.01820607 0.01689635 -0.02773546
v 0.01577272 0.00065519 -0.05149143
v 0.00283963 0.01249027 -0.01056044
v -0.01820607 0.01689635 -0.02773546
v 0.00283963 0.01249027 -0.01056044
v -0.01425601 0.02805362 -0.02971344
v -0.01425601 0.02805362 -0.02971344
v 0.00283963 0.01249027 -0.01056044
v 0.00678969 0.02364754 -0.01253842
v -0.01425601 0.02805362 -0.02971344
v 0.00678969 0.02364754 -0.01253842
v 0.01972278 0.01181246 -0.05346941
v 0.00283963 0.01249027 -0.01056044
v 0.01577272 0.00065519 -0.05149143
v 0.02882533 0.00356359 -0.00901966
v 0.00283963 0.01249027 -0.01056044
v 0.02882533 0.00356359 -0.00901966
v 0.00678969 0.02364754 -0.01253842
v 0.00678969 0.02364754 -0.01253842
v 0.02882533 0.00356359 -0.00901966
v 0.03277539 0.01472085 -0.01099764
v 0.00678969 0.02364754 -0.01253842
v 0.03277539 0.01472085 -0.01099764
v 0.01972278 0.01181246 -0.05346941
v 0.02882533 0.00356359 -0.00901966
v 0.01577272 0.00065519 -0.05149143
v 0.04982538 -0.00647401 -0.02370166
v 0.02882533 0.00356359 -0.00901966
v 0.04982538 -0.00647401 -0.02370166
v 0.03277539 0.01472085 -0.01099764
v 0.03277539 0.01472085 -0.01099764
v 0.04982538 -0.00647401 -0.02370166
v 0.05377544 0.00468326 -0.02567964
v 0.03277539 0.01472085 -0.01099764
v 0.05377544 0.00468326 -0.02567964
v 0.01972278 0.01181246 -0.05346941
v 0.04982538 -0.00647401 -0.02370166
v 0.01577272 0.00065519 -0.05149143
v 0.05781847 -0.01378849 -0.04899840
v 0.04982538 -0.00647401 -0.02370166
v 0.05781847 -0.01378849 -0.04899840
v 0.05377544 0.00468326 -0.02567964
v 0.05377544 0.00468326 -0.02567964
v 0.05781847 -0.01378849 -0.04899840
v 0.06176853 -0.00263122 -0.05097638
v 0.05377544 0.00468326 -0.02567964
v 0.06176853 -0.00263122 -0.05097638
v 0.01972278 0.01181246 -0.05346941
v 0.05781847 -0.01378849 -0.04899840
v 0.01577272 0.00065519 -0.05149143
v 0.04975152 -0.01558598 -0.07524740
v 0.05781847 -0.01378849 -0.04899840
v 0.04975152 -0.01558598 -0.07524740
v 0.06176853 -0.00263122 -0.05097638
v 0.06176853 -0.00263122 -0.05097638
v 0.04975152 -0.01558598 -0.07524740
v 0.05370158 -0.00442871 -0.07722538
v 0.06176853 -0.00263122 -0.05097638
v 0.05370158 -0.00442871 -0.07722538
v 0.01972278 0.01181246 -0.05346941
v 0.04975152 -0.01558598 -0.07524740
v 0.01577272 0.00065519 -0.05149143
v 0.02870582 -0.01117989 -0.09242242
v 0.04975152 -0.01558598 -0.07524740
v 0.02870582 -0.01117989 -0.09242242
v 0.05370158 -0.00442871 -0.07722538
v 0.05370158 -0.00442871 -0.07722538
v 0.02870582 -0.01117989 -0.09242242
v 0.03265588 -0.00002263 -0.09440040
v 0.05370158 -0.00442871 -0.07722538
v 0.03265588 -0.00002263 -0.09440040
v 0.01972278 0.01181246 -0.05346941
v 0.02870582 -0.01117989 -0.09242242
v 0.01577272 0.00065519 -0.05149143
v 0.00272012 -0.00225321 -0.09396319
v 0.02870582 -0.01117989 -0.09242242
v 0.00272012 -0.00225321 -0.09396319
v 0.03265588 -0.00002263 -0.09440040
v 0.03265588 -0.00002263 -0.09440040
v 0.00272012 -0.00225321 -0.09396319
v 0.00667017 0.00890406 -0.09594117
v 0.03265588 -0.00002263 -0.09440040
v 0.00667017 0.00890406 -0.09594117
v 0.01972278 0.01181246 -0.05346941
v 0.00272012 -0.00225321 -0.09396319
v 0.01577272 0.00065519 -0.05149143
v -0.01827993 0.00778438 -0.07928120
v 0.00272012 -0.00225321 -0.09396319
v -0.01827993 0.00778438 -0.07928120
v 0.00667017 0.00890406 -0.09594117
v 0.00667017 0.00890406 -0.09594117
v -0.01827993 0.00778438 -0.07928120
v -0.01432988 0.01894165 -0.08125918
v 0.00667017 0.00890406 -0.09594117
v -0.01432988 0.01894165 -0.08125918
v 0.01972278 0.01181246 -0.05346941
v -0.01827993 0.00778438 -0.07928120
v 0.01577272 0.00065519 -0.05149143
v -0.02627303 0.01509887 -0.05398445
v -0.01827993 0.00778438 -0.07928120
v -0.02627303 0.01509887 -0.05398445
v -0.01432988 0.01894165 -0.08125918
v -0.01432988 0.01894165 -0.08125918
v -0.02627303 0.01509887 -0.05398445
v -0.02232297 0.02625613 -0.05596243
v -0.01432988 0.01894165 -0.08125918
v -0.02232297 0.02625613 -0.05596243
v 0.01972278 0.01181246 -0.05346941
f 2401 2402 2403
f 2404 2405 2406
f 2407 2408 2409
f 2410 2411 2412
f 2413 2414 2415
f 2416 2417 2418
f 2419 2420 2421
f 2422 2423 2424
f 2425 2426 2427
f 2428 2429 2430
f 2431 2432 2433
f 2434 2435 2436
f 2437 2438 2439
f 2440 2441 2442
f 2443 2444 2445
f 2446 2447 2448
f 2449 2450 2451
f 2452 2453 2454
f 2455 2456 2457
f 2458 2459 2460
f 2461 2462 2463
f 2464 2465 2466
f 2467 2468 2469
f 2470 2471 2472
f 2473 2474 2475
f 2476 2477 2478
f 2479 2480 2481
f 2482 2483 2484
f 2485 2486 2487
f 2488 2489 2490
f 2491 2492 2493
f 2494 2495 2496
f 2497 2498 2499
f 2500 2501 2502
f 2503 2504 2505
f 2506 2507 2508
f 2509 2510 2511
f 2512 2513 2514
f 2515 2516 2517
f 2518 2519 2520

o geometry_13
usemtl material_0
v 0.18687461 0.01179696 -0.02635798
v 0.16091920 0.01095400 -0.06002358
v 0.20171168 0.01137571 -0.04804184
v 0.18687461 0.01179696 -0.02635798
v 0.20171168 0.01137571 -0.04804184
v 0.18682835 0.02379395 -0.02662271
v 0.18682835 0.02379395 -0.02662271
v 0.20171168 0.01137571 -0.04804184
v 0.20166542 0.02337270 -0.04830656
v 0.18682835 0.02379395 -0.02662271
v 0.20166542 0.02337270 -0.04830656
v 0.16087294 0.02295099 -0.06028830
v 0.20171168 0.01137571 -0.04804184
v 0.16091920 0.01095400 -0.06002358
v 0.20096740 0.01079338 -0.07430231
v 0.20171168 0.01137571 -0.04804184
v 0.20096740 0.01079338 -0.07430231
v 0.20166542 0.02337270 -0.04830656
v 0.20166542 0.02337270 -0.04830656
v 0.20096740 0.01079338 -0.07430231
v 0.20092113 0.02279037 -0.07456703
v 0.20166542 0.02337270 -0.04830656
v 0.20092113 0.02279037 -0.07456703
v 0.16087294 0.02295099 -0.06028830
v 0.20096740 0.01079338 -0.07430231
v 0.16091920 0.01095400 -0.06002358
v 0.18492608 0.01027240 -0.09510878
v 0.20096740 0.01079338 -0.07430231
v 0.18492608 0.01027240 -0.09510878
v 0.20092113 0.02279037 -0.07456703
v 0.20092113 0.02279037 -0.07456703
v 0.18492608 0.01027240 -0.09510878
v 0.18487981 0.02226939 -0.09537351
v 0.20092113 0.02279037 -0.07456703
v 0.18487981 0.02226939 -0.09537351
v 0.16087294 0.02295099 -0.06028830
v 0.18492608 0.01027240 -0.09510878
v 0.16091920 0.01095400 -0.06002358
v 0.15971494 0.01001177 -0.10251391
v 0.18492608 0.01027240 -0.09510878
v 0.15971494 0.01001177 -0.10251391
v 0.18487981 0.02226939 -0.09537351
v 0.18487981 0.02226939 -0.09537351
v 0.15971494 0.01001177 -0.10251391
v 0.15966867 0.02200876 -0.10277864
v 0.18487981 0.02226939 -0.09537351
v 0.15966867 0.02200876 -0.10277864
v 0.16087294 0.02295099 -0.06028830
v 0.15971494 0.01001177 -0.10251391
v 0.16091920 0.01095400 -0.06002358
v 0.13496378 0.01011104 -0.09368917
v 0.15971494 0.01001177 -0.10251391
v 0.13496378 0.01011104 -0.09368917
v 0.15966867 0.02200876 -0.10277864
v 0.15966867 0.02200876 -0.10277864
v 0.13496378 0.01011104 -0.09368917
v 0.13491751 0.02210803 -0.09395390
v 0.15966867 0.02200876 -0.10277864
v 0.13491751 0.02210803 -0.09395390
v 0.16087294 0.02295099 -0.06028830
v 0.13496378 0.01011104 -0.09368917
v 0.16091920 0.01095400 -0.06002358
v 0.12012672 0.01053229 -0.07200532
v 0.13496378 0.01011104 -0.09368917
v 0.12012672 0.01053229 -0.07200532
v 0.13491751 0.02210803 -0.09395390
v 0.13491751 0.02210803 -0.09395390
v 0.12012672 0.01053229 -0.07200532
v 0.12008045 0.02252928 -0.07227004
v 0.13491751 0.02210803 -0.09395390
v 0.12008045 0.02252928 -0.07227004
v 0.16087294 0.02295099 -0.06028830
v 0.12012672 0.01053229 -0.07200532
v 0.16091920 0.01095400 -0.06002358
v 0.12087099 0.01111463 -0.04574485
v 0.12012672 0.01053229 -0.07200532
v 0.12087099 0.01111463 -0.04574485
v 0.12008045 0.02252928 -0.07227004
v 0.12008045 0.02252928 -0.07227004
v 0.12087099 0.01111463 -0.04574485
v 0.12082472 0.02311162 -0.04600957
v 0.12008045 0.02252928 -0.07227004
v 0.12082472 0.02311162 -0.04600957
v 0.16087294 0.02295099 -0.06028830
v 0.12087099 0.01111463 -0.04574485
v 0.16091920 0.01095400 -0.06002358
v 0.13691233 0.01163560 -0.02493837
v 0.12087099 0.01111463 -0.04574485
v 0.13691233 0.01163560 -0.02493837
v 0.12082472 0.02311162 -0.04600957
v 0.12082472 0.02311162 -0.04600957
v 0.13691233 0.01163560 -0.02493837
v 0.13686606 0.02363260 -0.02520309
v 0.12082472 0.02311162 -0.04600957
v 0.13686606 0.02363260 -0.02520309
v 0.16087294 0.02295099 -0.06028830
v 0.13691233 0.01163560 -0.02493837
v 0.16091920 0.01095400 -0.06002358
v 0.16212347 0.01189623 -0.01753324
v 0.13691233 0.01163560 -0.02493837
v 0.16212347 0.01189623 -0.01753324
v 0.13686606 0.02363260 -0.02520309
v 0.13686606 0.02363260 -0.02520309
v 0.16212347 0.01189623 -0.01753324
v 0.16207720 0.02389323 -0.01779797
v 0.13686606 0.02363260 -0.02520309
v 0.16207720 0.02389323 -0.01779797
v 0.16087294 0.02295099 -0.06028830
v 0.16212347 0.01189623 -0.01753324
v 0.16091920 0.01095400 -0.06002358
v 0.18687461 0.01179696 -0.02635798
v 0.16212347 0.01189623 -0.01753324
v 0.18687461 0.01179696 -0.02635798
v 0.16207720 0.02389323 -0.01779797
v 0.16207720 0.02389323 -0.01779797
v 0.18687461 0.01179696 -0.02635798
v 0.18682835 0.02379395 -0.02662271
v 0.16207720 0.02389323 -0.01779797
v 0.18682835 0.02379395 -0.02662271
v 0.16087294 0.02295099 -0.06028830
f 2521 2522 2523
f 2524 2525 2526
f 2527 2528 2529
f 2530 2531 2532
f 2533 2534 2535
f 2536 2537 2538
f 2539 2540 2541
f 2542 2543 2544
f 2545 2546 2547
f 2548 2549 2550
f 2551 2552 2553
f 2554 2555 2556
f 2557 2558 2559
f 2560 2561 2562
f 2563 2564 2565
f 2566 2567 2568
f 2569 2570 2571
f 2572 2573 2574
f 2575 2576 2577
f 2578 2579 2580
f 2581 2582 2583
f 2584 2585 2586
f 2587 2588 2589
f 2590 2591 2592
f 2593 2594 2595
f 2596 2597 2598
f 2599 2600 2601
f 2602 2603 2604
f 2605 2606 2607
f 2608 2609 2610
f 2611 2612 2613
f 2614 2615 2616
f 2617 2618 2619
f 2620 2621 2622
f 2623 2624 2625
f 2626 2627 2628
f 2629 2630 2631
f 2632 2633 2634
f 2635 2636 2637
f 2638 2639 2640

o geometry_12
usemtl material_1
v 0.12940457 -0.01416821 -0.08613117
v 0.16170029 0.00075786 -0.05810926
v 0.11725504 -0.00704995 -0.06194146
v 0.12940457 -0.01416821 -0.08613117
v 0.11725504 -0.00704995 -0.06194146
v 0.12779614 -0.00300320 -0.09022453
v 0.12779614 -0.00300320 -0.09022453
v 0.11725504 -0.00704995 -0.06194146
v 0.11564660 0.00411505 -0.06603482
v 0.12779614 -0.00300320 -0.09022453
v 0.11564660 0.00411505 -0.06603482
v 0.16009185 0.01192286 -0.06220262
v 0.11725504 -0.00704995 -0.06194146
v 0.16170029 0.00075786 -0.05810926
v 0.12208208 0.00305062 -0.03628798
v 0.11725504 -0.00704995 -0.06194146
v 0.12208208 0.00305062 -0.03628798
v 0.11564660 0.00411505 -0.06603482
v 0.11564660 0.00411505 -0.06603482
v 0.12208208 0.00305062 -0.03628798
v 0.12047363 0.01421562 -0.04038134
v 0.11564660 0.00411505 -0.06603482
v 0.12047363 0.01421562 -0.04038134
v 0.16009185 0.01192286 -0.06220262
v 0.12208208 0.00305062 -0.03628798
v 0.16170029 0.00075786 -0.05810926
v 0.14204192 0.01227543 -0.01896949
v 0.12208208 0.00305062 -0.03628798
v 0.14204192 0.01227543 -0.01896949
v 0.12047363 0.01421562 -0.04038134
v 0.12047363 0.01421562 -0.04038134
v 0.14204192 0.01227543 -0.01896949
v 0.14043348 0.02344044 -0.02306285
v 0.12047363 0.01421562 -0.04038134
v 0.14043348 0.02344044 -0.02306285
v 0.16009185 0.01192286 -0.06220262
v 0.14204192 0.01227543 -0.01896949
v 0.16170029 0.00075786 -0.05810926
v 0.16951059 0.01710092 -0.01660106
v 0.14204192 0.01227543 -0.01896949
v 0.16951059 0.01710092 -0.01660106
v 0.14043348 0.02344044 -0.02306285
v 0.14043348 0.02344044 -0.02306285
v 0.16951059 0.01710092 -0.01660106
v 0.16790216 0.02826593 -0.02069442
v 0.14043348 0.02344044 -0.02306285
v 0.16790216 0.02826593 -0.02069442
v 0.16009185 0.01192286 -0.06220262
v 0.16951059 0.01710092 -0.01660106
v 0.16170029 0.00075786 -0.05810926
v 0.19399600 0.01568392 -0.03008735
v 0.16951059 0.01710092 -0.01660106
v 0.19399600 0.01568392 -0.03008735
v 0.16790216 0.02826593 -0.02069442
v 0.16790216 0.02826593 -0.02069442
v 0.19399600 0.01568392 -0.03008735
v 0.19238755 0.02684892 -0.03418071
v 0.16790216 0.02826593 -0.02069442
v 0.19238755 0.02684892 -0.03418071
v 0.16009185 0.01192286 -0.06220262
v 0.19399600 0.01568392 -0.03008735
v 0.16170029 0.00075786 -0.05810926
v 0.20614552 0.00856567 -0.05427706
v 0.19399600 0.01568392 -0.03008735
v 0.20614552 0.00856567 -0.05427706
v 0.19238755 0.02684892 -0.03418071
v 0.19238755 0.02684892 -0.03418071
v 0.20614552 0.00856567 -0.05427706
v 0.20453709 0.01973067 -0.05837042
v 0.19238755 0.02684892 -0.03418071
v 0.20453709 0.01973067 -0.05837042
v 0.16009185 0.01192286 -0.06220262
v 0.20614552 0.00856567 -0.05427706
v 0.16170029 0.00075786 -0.05810926
v 0.20131850 -0.00153491 -0.07993054
v 0.20614552 0.00856567 -0.05427706
v 0.20131850 -0.00153491 -0.07993054
v 0.20453709 0.01973067 -0.05837042
v 0.20453709 0.01973067 -0.05837042
v 0.20131850 -0.00153491 -0.07993054
v 0.19971006 0.00963010 -0.08402390
v 0.20453709 0.01973067 -0.05837042
v 0.19971006 0.00963010 -0.08402390
v 0.16009185 0.01192286 -0.06220262
v 0.20131850 -0.00153491 -0.07993054
v 0.16170029 0.00075786 -0.05810926
v 0.18135865 -0.01075972 -0.09724903
v 0.20131850 -0.00153491 -0.07993054
v 0.18135865 -0.01075972 -0.09724903
v 0.19971006 0.00963010 -0.08402390
v 0.19971006 0.00963010 -0.08402390
v 0.18135865 -0.01075972 -0.09724903
v 0.17975020 0.00040528 -0.10134239
v 0.19971006 0.00963010 -0.08402390
v 0.17975020 0.00040528 -0.10134239
v 0.16009185 0.01192286 -0.06220262
v 0.18135865 -0.01075972 -0.09724903
v 0.16170029 0.00075786 -0.05810926
v 0.15388998 -0.01558521 -0.09961746
v 0.18135865 -0.01075972 -0.09724903
v 0.15388998 -0.01558521 -0.09961746
v 0.17975020 0.00040528 -0.10134239
v 0.17975020 0.00040528 -0.10134239
v 0.15388998 -0.01558521 -0.09961746
v 0.15228154 -0.00442021 -0.10371082
v 0.17975020 0.00040528 -0.10134239
v 0.15228154 -0.00442021 -0.10371082
v 0.16009185 0.01192286 -0.06220262
v 0.15388998 -0.01558521 -0.09961746
v 0.16170029 0.00075786 -0.05810926
v 0.12940457 -0.01416821 -0.08613117
v 0.15388998 -0.01558521 -0.09961746
v 0.12940457 -0.01416821 -0.08613117
v 0.15228154 -0.00442021 -0.10371082
v 0.15228154 -0.00442021 -0.10371082
v 0.12940457 -0.01416821 -0.08613117
v 0.12779614 -0.00300320 -0.09022453
v 0.15228154 -0.00442021 -0.10371082
v 0.12779614 -0.00300320 -0.09022453
v 0.16009185 0.01192286 -0.06220262
f 2641 2642 2643
f 2644 2645 2646
f 2647 2648 2649
f 2650 2651 2652
f 2653 2654 2655
f 2656 2657 2658
f 2659 2660 2661
f 2662 2663 2664
f 2665 2666 2667
f 2668 2669 2670
f 2671 2672 2673
f 2674 2675 2676
f 2677 2678 2679
f 2680 2681 2682
f 2683 2684 2685
f 2686 2687 2688
f 2689 2690 2691
f 2692 2693 2694
f 2695 2696 2697
f 2698 2699 2700
f 2701 2702 2703
f 2704 2705 2706
f 2707 2708 2709
f 2710 2711 2712
f 2713 2714 2715
f 2716 2717 2718
f 2719 2720 2721
f 2722 2723 2724
f 2725 2726 2727
f 2728 2729 2730
f 2731 2732 2733
f 2734 2735 2736
f 2737 2738 2739
f 2740 2741 2742
f 2743 2744 2745
f 2746 2747 2748
f 2749 2750 2751
f 2752 2753 2754
f 2755 2756 2757
f 2758 2759 2760

o geometry_11
usemtl material_2
v -0.03979002 0.34307063 -0.26597330
v -0.02604377 0.33149913 -0.26441640
v -0.03065853 0.34169671 -0.28146559
v -0.02604377 0.33149913 -0.26441640
v -0.01945320 0.31499913 -0.26751429
v -0.01870485 0.32519668 -0.28237134
v -0.03065853 0.34169671 -0.28146559
v -0.01870485 0.32519668 -0.28237134
v -0.02730431 0.33234826 -0.29652008
v -0.02604377 0.33149913 -0.26441640
v -0.01870485 0.32519668 -0.28237134
v -0.03065853 0.34169671 -0.28146559
v -0.03979002 0.34307063 -0.26597330
v -0.03065853 0.34169671 -0.28146559
v -0.05000000 0.34799913 -0.28000000
v -0.03065853 0.34169671 -0.28146559
v -0.02730431 0.33234826 -0.29652008
v -0.04266109 0.34169671 -0.29795495
v -0.05000000 0.34799913 -0.28000000
v -0.04266109 0.34169671 -0.29795495
v -0.06020998 0.34307063 -0.29402670
v -0.03065853 0.34169671 -0.28146559
v -0.04266109 0.34169671 -0.29795495
v -0.05000000 0.34799913 -0.28000000
v -0.03979002 0.34307063 -0.26597330
v -0.05000000 0.34799913 -0.28000000
v -0.05733892 0.34169671 -0.26204503
v -0.05000000 0.34799913 -0.28000000
v -0.06020998 0.34307063 -0.29402670
v -0.06934147 0.34169671 -0.27853441
v -0.05733892 0.34169671 -0.26204503
v -0.06934147 0.34169671 -0.27853441
v -0.07269569 0.33234826 -0.26347992
v -0.05000000 0.34799913 -0.28000000
v -0.06934147 0.34169671 -0.27853441
v -0.05733892 0.34169671 -0.26204503
v -0.03979002 0.34307063 -0.26597330
v -0.05733892 0.34169671 -0.26204503
v -0.04253315 0.33149913 -0.25241384
v -0.05733892 0.34169671 -0.26204503
v -0.07269569 0.33234826 -0.26347992
v -0.06187461 0.32519668 -0.25094825
v -0.04253315 0.33149913 -0.25241384
v -0.06187461 0.32519668 -0.25094825
v -0.04750661 0.31499913 -0.24709433
v -0.05733892 0.34169671 -0.26204503
v -0.06187461 0.32519668 -0.25094825
v -0.04253315 0.33149913 -0.25241384
v -0.03979002 0.34307063 -0.26597330
v -0.04253315 0.33149913 -0.25241384
v -0.02604377 0.33149913 -0.26441640
v -0.04253315 0.33149913 -0.25241384
v -0.04750661 0.31499913 -0.24709433
v -0.03057946 0.31499913 -0.25331962
v -0.02604377 0.33149913 -0.26441640
v -0.03057946 0.31499913 -0.25331962
v -0.01945320 0.31499913 -0.26751429
v -0.04253315 0.33149913 -0.25241384
v -0.03057946 0.31499913 -0.25331962
v -0.02604377 0.33149913 -0.26441640
v -0.06020998 0.34307063 -0.29402670
v -0.04266109 0.34169671 -0.29795495
v -0.05746685 0.33149913 -0.30758616
v -0.04266109 0.34169671 -0.29795495
v -0.02730431 0.33234826 -0.29652008
v -0.03812539 0.32519668 -0.30905172
v -0.05746685 0.33149913 -0.30758616
v -0.03812539 0.32519668 -0.30905172
v -0.05249339 0.31499913 -0.31290567
v -0.04266109 0.34169671 -0.29795495
v -0.03812539 0.32519668 -0.30905172
v -0.05746685 0.33149913 -0.30758616
v -0.02730431 0.33234826 -0.29652008
v -0.01870485 0.32519668 -0.28237134
v -0.02331962 0.31499913 -0.29942054
v -0.01870485 0.32519668 -0.28237134
v -0.01945320 0.31499913 -0.26751429
v -0.01870485 0.30480158 -0.28237134
v -0.02331962 0.31499913 -0.29942054
v -0.01870485 0.30480158 -0.28237134
v -0.02730431 0.29765001 -0.29652008
v -0.01870485 0.32519668 -0.28237134
v -0.01870485 0.30480158 -0.28237134
v -0.02331962 0.31499913 -0.29942054
v -0.01945320 0.31499913 -0.26751429
v -0.03057946 0.31499913 -0.25331962
v -0.02604377 0.29849914 -0.26441640
v -0.03057946 0.31499913 -0.25331962
v -0.04750661 0.31499913 -0.24709433
v -0.04253315 0.29849914 -0.25241384
v -0.02604377 0.29849914 -0.26441640
v -0.04253315 0.29849914 -0.25241384
v -0.03979002 0.28692767 -0.26597330
v -0.03057946 0.31499913 -0.25331962
v -0.04253315 0.29849914 -0.25241384
v -0.02604377 0.29849914 -0.26441640
v -0.04750661 0.31499913 -0.24709433
v -0.06187461 0.32519668 -0.25094825
v -0.06187461 0.30480158 -0.25094825
v -0.06187461 0.32519668 -0.25094825
v -0.07269569 0.33234826 -0.26347992
v -0.07668038 0.31499913 -0.26057947
v -0.06187461 0.30480158 -0.25094825
v -0.07668038 0.31499913 -0.26057947
v -0.07269569 0.29765001 -0.26347992
v -0.06187461 0.32519668 -0.25094825
v -0.07668038 0.31499913 -0.26057947
v -0.06187461 0.30480158 -0.25094825
v -0.07269569 0.33234826 -0.26347992
v -0.06934147 0.34169671 -0.27853441
v -0.08129515 0.32519668 -0.27762866
v -0.06934147 0.34169671 -0.27853441
v -0.06020998 0.34307063 -0.29402670
v -0.07395624 0.33149913 -0.29558361
v -0.08129515 0.32519668 -0.27762866
v -0.07395624 0.33149913 -0.29558361
v -0.08054680 0.31499913 -0.29248571
v -0.06934147 0.34169671 -0.27853441
v -0.07395624 0.33149913 -0.29558361
v -0.08129515 0.32519668 -0.27762866
v -0.06020998 0.28692767 -0.29402670
v -0.05746685 0.29849914 -0.30758616
v -0.04266109 0.28830159 -0.29795495
v -0.05746685 0.29849914 -0.30758616
v -0.05249339 0.31499913 -0.31290567
v -0.03812539 0.30480158 -0.30905172
v -0.04266109 0.28830159 -0.29795495
v -0.03812539 0.30480158 -0.30905172
v -0.02730431 0.29765001 -0.29652008
v -0.05746685 0.29849914 -0.30758616
v -0.03812539 0.30480158 -0.30905172
v -0.04266109 0.28830159 -0.29795495
v -0.06020998 0.28692767 -0.29402670
v -0.04266109 0.28830159 -0.29795495
v -0.05000000 0.28199914 -0.28000000
v -0.04266109 0.28830159 -0.29795495
v -0.02730431 0.29765001 -0.29652008
v -0.03065853 0.28830159 -0.28146559
v -0.05000000 0.28199914 -0.28000000
v -0.03065853 0.28830159 -0.28146559
v -0.03979002 0.28692767 -0.26597330
v -0.04266109 0.28830159 -0.29795495
v -0.03065853 0.28830159 -0.28146559
v -0.05000000 0.28199914 -0.28000000
v -0.06020998 0.28692767 -0.29402670
v -0.05000000 0.28199914 -0.28000000
v -0.06934147 0.28830159 -0.27853441
v -0.05000000 0.28199914 -0.28000000
v -0.03979002 0.28692767 -0.26597330
v -0.05733892 0.28830159 -0.26204503
v -0.06934147 0.28830159 -0.27853441
v -0.05733892 0.28830159 -0.26204503
v -0.07269569 0.29765001 -0.26347992
v -0.05000000 0.28199914 -0.28000000
v -0.05733892 0.28830159 -0.26204503
v -0.06934147 0.28830159 -0.27853441
v -0.06020998 0.28692767 -0.29402670
v -0.06934147 0.28830159 -0.27853441
v -0.07395624 0.29849914 -0.29558361
v -0.06934147 0.28830159 -0.27853441
v -0.07269569 0.29765001 -0.26347992
v -0.08129515 0.30480158 -0.27762866
v -0.07395624 0.29849914 -0.29558361
v -0.08129515 0.30480158 -0.27762866
v -0.08054680 0.31499913 -0.29248571
v -0.06934147 0.28830159 -0.27853441
v -0.08129515 0.30480158 -0.27762866
v -0.07395624 0.29849914 -0.29558361
v -0.06020998 0.28692767 -0.29402670
v -0.07395624 0.29849914 -0.29558361
v -0.05746685 0.29849914 -0.30758616
v -0.07395624 0.29849914 -0.29558361
v -0.08054680 0.31499913 -0.29248571
v -0.06942054 0.31499913 -0.30668038
v -0.05746685 0.29849914 -0.30758616
v -0.06942054 0.31499913 -0.30668038
v -0.05249339 0.31499913 -0.31290567
v -0.07395624 0.29849914 -0.29558361
v -0.06942054 0.31499913 -0.30668038
v -0.05746685 0.29849914 -0.30758616
v -0.02730431 0.29765001 -0.29652008
v -0.03812539 0.30480158 -0.30905172
v -0.02331962 0.31499913 -0.29942054
v -0.03812539 0.30480158 -0.30905172
v -0.05249339 0.31499913 -0.31290567
v -0.03812539 0.32519668 -0.30905172
v -0.02331962 0.31499913 -0.29942054
v -0.03812539 0.32519668 -0.30905172
v -0.02730431 0.33234826 -0.29652008
v -0.03812539 0.30480158 -0.30905172
v -0.03812539 0.32519668 -0.30905172
v -0.02331962 0.31499913 -0.29942054
v -0.03979002 0.28692767 -0.26597330
v -0.03065853 0.28830159 -0.28146559
v -0.02604377 0.29849914 -0.26441640
v -0.03065853 0.28830159 -0.28146559
v -0.02730431 0.29765001 -0.29652008
v -0.01870485 0.30480158 -0.28237134
v -0.02604377 0.29849914 -0.26441640
v -0.01870485 0.30480158 -0.28237134
v -0.01945320 0.31499913 -0.26751429
v -0.03065853 0.28830159 -0.28146559
v -0.01870485 0.30480158 -0.28237134
v -0.02604377 0.29849914 -0.26441640
v -0.07269569 0.29765001 -0.26347992
v -0.05733892 0.28830159 -0.26204503
v -0.06187461 0.30480158 -0.25094825
v -0.05733892 0.28830159 -0.26204503
v -0.03979002 0.28692767 -0.26597330
v -0.04253315 0.29849914 -0.25241384
v -0.06187461 0.30480158 -0.25094825
v -0.04253315 0.29849914 -0.25241384
v -0.04750661 0.31499913 -0.24709433
v -0.05733892 0.28830159 -0.26204503
v -0.04253315 0.29849914 -0.25241384
v -0.06187461 0.30480158 -0.25094825
v -0.08054680 0.31499913 -0.29248571
v -0.08129515 0.30480158 -0.27762866
v -0.08129515 0.32519668 -0.27762866
v -0.08129515 0.30480158 -0.27762866
v -0.07269569 0.29765001 -0.26347992
v -0.07668038 0.31499913 -0.26057947
v -0.08129515 0.32519668 -0.27762866
v -0.07668038 0.31499913 -0.26057947
v -0.07269569 0.33234826 -0.26347992
v -0.08129515 0.30480158 -0.27762866
v -0.07668038 0.31499913 -0.26057947
v -0.08129515 0.32519668 -0.27762866
v -0.05249339 0.31499913 -0.31290567
v -0.06942054 0.31499913 -0.30668038
v -0.05746685 0.33149913 -0.30758616
v -0.06942054 0.31499913 -0.30668038
v -0.08054680 0.31499913 -0.29248571
v -0.07395624 0.33149913 -0.29558361
v -0.05746685 0.33149913 -0.30758616
v -0.07395624 0.33149913 -0.29558361
v -0.06020998 0.34307063 -0.29402670
v -0.06942054 0.31499913 -0.30668038
v -0.07395624 0.33149913 -0.29558361
v -0.05746685 0.33149913 -0.30758616
f 2761 2762 2763
f 2764 2765 2766
f 2767 2768 2769
f 2770 2771 2772
f 2773 2774 2775
f 2776 2777 2778
f 2779 2780 2781
f 2782 2783 2784
f 2785 2786 2787
f 2788 2789 2790
f 2791 2792 2793
f 2794 2795 2796
f 2797 2798 2799
f 2800 2801 2802
f 2803 2804 2805
f 2806 2807 2808
f 2809 2810 2811
f 2812 2813 2814
f 2815 2816 2817
f 2818 2819 2820
f 2821 2822 2823
f 2824 2825 2826
f 2827 2828 2829
f 2830 2831 2832
f 2833 2834 2835
f 2836 2837 2838
f 2839 2840 2841
f 2842 2843 2844
f 2845 2846 2847
f 2848 2849 2850
f 2851 2852 2853
f 2854 2855 2856
f 2857 2858 2859
f 2860 2861 2862
f 2863 2864 2865
f 2866 2867 2868
f 2869 2870 2871
f 2872 2873 2874
f 2875 2876 2877
f 2878 2879 2880
f 2881 2882 2883
f 2884 2885 2886
f 2887 2888 2889
f 2890 2891 2892
f 2893 2894 2895
f 2896 2897 2898
f 2899 2900 2901
f 2902 2903 2904
f 2905 2906 2907
f 2908 2909 2910
f 2911 2912 2913
f 2914 2915 2916
f 2917 2918 2919
f 2920 2921 2922
f 2923 2924 2925
f 2926 2927 2928
f 2929 2930 2931
f 2932 2933 2934
f 2935 2936 2937
f 2938 2939 2940
f 2941 2942 2943
f 2944 2945 2946
f 2947 2948 2949
f 2950 2951 2952
f 2953 2954 2955
f 2956 2957 2958
f 2959 2960 2961
f 2962 2963 2964
f 2965 2966 2967
f 2968 2969 2970
f 2971 2972 2973
f 2974 2975 2976
f 2977 2978 2979
f 2980 2981 2982
f 2983 2984 2985
f 2986 2987 2988
f 2989 2990 2991
f 2992 2993 2994
f 2995 2996 2997
f 2998 2999 3000

o geometry_10
usemtl material_3
v -0.07913081 0.26549914 -0.32002059
v -0.05000000 0.26549914 -0.28000000
v -0.09709082 0.26549914 -0.29525468
v -0.07913081 0.26549914 -0.32002059
v -0.09709082 0.26549914 -0.29525468
v -0.07913081 0.29849914 -0.32002059
v -0.07913081 0.29849914 -0.32002059
v -0.09709082 0.26549914 -0.29525468
v -0.09709082 0.29849914 -0.29525468
v -0.07913081 0.29849914 -0.32002059
v -0.09709082 0.29849914 -0.29525468
v -0.05000000 0.29849914 -0.28000000
v -0.09709082 0.26549914 -0.29525468
v -0.05000000 0.26549914 -0.28000000
v -0.09706374 0.26549914 -0.26466200
v -0.09709082 0.26549914 -0.29525468
v -0.09706374 0.26549914 -0.26466200
v -0.09709082 0.29849914 -0.29525468
v -0.09709082 0.29849914 -0.29525468
v -0.09706374 0.26549914 -0.26466200
v -0.09706374 0.29849914 -0.26466200
v -0.09709082 0.29849914 -0.29525468
v -0.09706374 0.29849914 -0.26466200
v -0.05000000 0.29849914 -0.28000000
v -0.09706374 0.26549914 -0.26466200
v -0.05000000 0.26549914 -0.28000000
v -0.07905991 0.26549914 -0.23992792
v -0.09706374 0.26549914 -0.26466200
v -0.07905991 0.26549914 -0.23992792
v -0.09706374 0.29849914 -0.26466200
v -0.09706374 0.29849914 -0.26466200
v -0.07905991 0.26549914 -0.23992792
v -0.07905991 0.29849914 -0.23992792
v -0.09706374 0.29849914 -0.26466200
v -0.07905991 0.29849914 -0.23992792
v -0.05000000 0.29849914 -0.28000000
v -0.07905991 0.26549914 -0.23992792
v -0.05000000 0.26549914 -0.28000000
v -0.04995618 0.26549914 -0.23050001
v -0.07905991 0.26549914 -0.23992792
v -0.04995618 0.26549914 -0.23050001
v -0.07905991 0.29849914 -0.23992792
v -0.07905991 0.29849914 -0.23992792
v -0.04995618 0.26549914 -0.23050001
v -0.04995618 0.29849914 -0.23050001
v -0.07905991 0.29849914 -0.23992792
v -0.04995618 0.29849914 -0.23050001
v -0.05000000 0.29849914 -0.28000000
v -0.04995618 0.26549914 -0.23050001
v -0.05000000 0.26549914 -0.28000000
v -0.02086920 0.26549914 -0.23997943
v -0.04995618 0.26549914 -0.23050001
v -0.02086920 0.26549914 -0.23997943
v -0.04995618 0.29849914 -0.23050001
v -0.04995618 0.29849914 -0.23050001
v -0.02086920 0.26549914 -0.23997943
v -0.02086920 0.29849914 -0.23997943
v -0.04995618 0.29849914 -0.23050001
v -0.02086920 0.29849914 -0.23997943
v -0.05000000 0.29849914 -0.28000000
v -0.02086920 0.26549914 -0.23997943
v -0.05000000 0.26549914 -0.28000000
v -0.00290918 0.26549914 -0.26474532
v -0.02086920 0.26549914 -0.23997943
v -0.00290918 0.26549914 -0.26474532
v -0.02086920 0.29849914 -0.23997943
v -0.02086920 0.29849914 -0.23997943
v -0.00290918 0.26549914 -0.26474532
v -0.00290918 0.29849914 -0.26474532
v -0.02086920 0.29849914 -0.23997943
v -0.00290918 0.29849914 -0.26474532
v -0.05000000 0.29849914 -0.28000000
v -0.00290918 0.26549914 -0.26474532
v -0.05000000 0.26549914 -0.28000000
v -0.00293626 0.26549914 -0.29533800
v -0.00290918 0.26549914 -0.26474532
v -0.00293626 0.26549914 -0.29533800
v -0.00290918 0.29849914 -0.26474532
v -0.00290918 0.29849914 -0.26474532
v -0.00293626 0.26549914 -0.29533800
v -0.00293626 0.29849914 -0.29533800
v -0.00290918 0.29849914 -0.26474532
v -0.00293626 0.29849914 -0.29533800
v -0.05000000 0.29849914 -0.28000000
v -0.00293626 0.26549914 -0.29533800
v -0.05000000 0.26549914 -0.28000000
v -0.02094009 0.26549914 -0.32007208
v -0.00293626 0.26549914 -0.29533800
v -0.02094009 0.26549914 -0.32007208
v -0.00293626 0.29849914 -0.29533800
v -0.00293626 0.29849914 -0.29533800
v -0.02094009 0.26549914 -0.32007208
v -0.02094009 0.29849914 -0.32007208
v -0.00293626 0.29849914 -0.29533800
v -0.02094009 0.29849914 -0.32007208
v -0.05000000 0.29849914 -0.28000000
v -0.02094009 0.26549914 -0.32007208
v -0.05000000 0.26549914 -0.28000000
v -0.05004381 0.26549914 -0.32949999
v -0.02094009 0.26549914 -0.32007208
v -0.05004381 0.26549914 -0.32949999
v -0.02094009 0.29849914 -0.32007208
v -0.02094009 0.29849914 -0.32007208
v -0.05004381 0.26549914 -0.32949999
v -0.05004381 0.29849914 -0.32949999
v -0.02094009 0.29849914 -0.32007208
v -0.05004381 0.29849914 -0.32949999
v -0.05000000 0.29849914 -0.28000000
v -0.05004381 0.26549914 -0.32949999
v -0.05000000 0.26549914 -0.28000000
v -0.07913081 0.26549914 -0.32002059
v -0.05004381 0.26549914 -0.32949999
v -0.07913081 0.26549914 -0.32002059
v -0.05004381 0.29849914 -0.32949999
v -0.05004381 0.29849914 -0.32949999
v -0.07913081 0.26549914 -0.32002059
v -0.07913081 0.29849914 -0.32002059
v -0.05004381 0.29849914 -0.32949999
v -0.07913081 0.29849914 -0.32002059
v -0.05000000 0.29849914 -0.28000000
f 3001 3002 3003
f 3004 3005 3006
f 3007 3008 3009
f 3010 3011 3012
f 3013 3014 3015
f 3016 3017 3018
f 3019 3020 3021
f 3022 3023 3024
f 3025 3026 3027
f 3028 3029 3030
f 3031 3032 3033
f 3034 3035 3036
f 3037 3038 3039
f 3040 3041 3042
f 3043 3044 3045
f 3046 3047 3048
f 3049 3050 3051
f 3052 3053 3054
f 3055 3056 3057
f 3058 3059 3060
f 3061 3062 3063
f 3064 3065 3066
f 3067 3068 3069
f 3070 3071 3072
f 3073 3074 3075
f 3076 3077 3078
f 3079 3080 3081
f 3082 3083 3084
f 3085 3086 3087
f 3088 3089 3090
f 3091 3092 3093
f 3094 3095 3096
f 3097 3098 3099
f 3100 3101 3102
f 3103 3104 3105
f 3106 3107 3108
f 3109 3110 3111
f 3112 3113 3114
f 3115 3116 3117
f 3118 3119 3120

o geometry_9
usemtl material_4
v -0.03657594 0.28203395 -0.25503305
v -0.00652306 0.26365995 -0.24591279
v -0.02236815 0.29018256 -0.27239966
v -0.00652306 0.26365995 -0.24591279
v 0.02571744 0.23131385 -0.23125491
v 0.00284862 0.25946966 -0.25794384
v -0.02236815 0.29018256 -0.27239966
v 0.00284862 0.25946966 -0.25794384
v -0.01430320 0.27593410 -0.28050628
v -0.00652306 0.26365995 -0.24591279
v 0.00284862 0.25946966 -0.25794384
v -0.02236815 0.29018256 -0.27239966
v 0.02571744 0.23131385 -0.23125491
v 0.06192444 0.19081946 -0.22285540
v 0.04620419 0.22140266 -0.25399095
v 0.06192444 0.19081946 -0.22285540
v 0.10279266 0.15512684 -0.21452497
v 0.09062474 0.17751102 -0.25549576
v 0.04620419 0.22140266 -0.25399095
v 0.09062474 0.17751102 -0.25549576
v 0.07074849 0.20189776 -0.29063329
v 0.06192444 0.19081946 -0.22285540
v 0.09062474 0.17751102 -0.25549576
v 0.04620419 0.22140266 -0.25399095
v -0.01430320 0.27593410 -0.28050628
v 0.02252403 0.24127278 -0.28754395
v -0.00346889 0.26066726 -0.30355471
v 0.02252403 0.24127278 -0.28754395
v 0.07074849 0.20189776 -0.29063329
v 0.04818675 0.22400886 -0.31174794
v -0.00346889 0.26066726 -0.30355471
v 0.04818675 0.22400886 -0.31174794
v 0.02284298 0.23411749 -0.32811499
v 0.02252403 0.24127278 -0.28754395
v 0.04818675 0.22400886 -0.31174794
v -0.00346889 0.26066726 -0.30355471
v 0.02571744 0.23131385 -0.23125491
v 0.04620419 0.22140266 -0.25399095
v 0.00284862 0.25946966 -0.25794384
v 0.04620419 0.22140266 -0.25399095
v 0.07074849 0.20189776 -0.29063329
v 0.02252403 0.24127278 -0.28754395
v 0.00284862 0.25946966 -0.25794384
v 0.02252403 0.24127278 -0.28754395
v -0.01430320 0.27593410 -0.28050628
v 0.04620419 0.22140266 -0.25399095
v 0.02252403 0.24127278 -0.28754395
v 0.00284862 0.25946966 -0.25794384
v -0.03657594 0.28203395 -0.25503305
v -0.02236815 0.29018256 -0.27239966
v -0.04508123 0.30288529 -0.27375972
v -0.02236815 0.29018256 -0.27239966
v -0.01430320 0.27593410 -0.28050628
v -0.03660166 0.29978916 -0.28478271
v -0.04508123 0.30288529 -0.27375972
v -0.03660166 0.29978916 -0.28478271
v -0.05052138 0.30871993 -0.27805141
v -0.02236815 0.29018256 -0.27239966
v -0.03660166 0.29978916 -0.28478271
v -0.04508123 0.30288529 -0.27375972
v -0.01430320 0.27593410 -0.28050628
v -0.00346889 0.26066726 -0.30355471
v -0.02239677 0.28617209 -0.29586828
v -0.00346889 0.26066726 -0.30355471
v 0.02284298 0.23411749 -0.32811499
v -0.01044110 0.25817829 -0.32287720
v -0.02239677 0.28617209 -0.29586828
v -0.01044110 0.25817829 -0.32287720
v -0.03829037 0.28016946 -0.31116375
v -0.00346889 0.26066726 -0.30355471
v -0.01044110 0.25817829 -0.32287720
v -0.02239677 0.28617209 -0.29586828
v -0.05052138 0.30871993 -0.27805141
v -0.04582871 0.29807204 -0.28985590
v -0.05769505 0.30651122 -0.29263529
v -0.04582871 0.29807204 -0.28985590
v -0.03829037 0.28016946 -0.31116375
v -0.05147272 0.28493360 -0.30504510
v -0.05769505 0.30651122 -0.29263529
v -0.05147272 0.28493360 -0.30504510
v -0.07062314 0.28638089 -0.30459023
v -0.04582871 0.29807204 -0.28985590
v -0.05147272 0.28493360 -0.30504510
v -0.05769505 0.30651122 -0.29263529
v -0.01430320 0.27593410 -0.28050628
v -0.02239677 0.28617209 -0.29586828
v -0.03660166 0.29978916 -0.28478271
v -0.02239677 0.28617209 -0.29586828
v -0.03829037 0.28016946 -0.31116375
v -0.04582871 0.29807204 -0.28985590
v -0.03660166 0.29978916 -0.28478271
v -0.04582871 0.29807204 -0.28985590
v -0.05052138 0.30871993 -0.27805141
v -0.02239677 0.28617209 -0.29586828
v -0.04582871 0.29807204 -0.28985590
v -0.03660166 0.29978916 -0.28478271
v -0.03657594 0.28203395 -0.25503305
v -0.04508123 0.30288529 -0.27375972
v -0.04875554 0.28828275 -0.25363320
v -0.04508123 0.30288529 -0.27375972
v -0.05052138 0.30871993 -0.27805141
v -0.05966842 0.30062771 -0.26918325
v -0.04875554 0.28828275 -0.25363320
v -0.05966842 0.30062771 -0.26918325
v -0.06062499 0.27844059 -0.24405694
v -0.04508123 0.30288529 -0.27375972
v -0.05966842 0.30062771 -0.26918325
v -0.04875554 0.28828275 -0.25363320
v -0.05052138 0.30871993 -0.27805141
v -0.05769505 0.30651122 -0.29263529
v -0.06551091 0.30316821 -0.27710542
v -0.05769505 0.30651122 -0.29263529
v -0.07062314 0.28638089 -0.30459023
v -0.07802318 0.28707758 -0.29002634
v -0.06551091 0.30316821 -0.27710542
v -0.07802318 0.28707758 -0.29002634
v -0.08405668 0.28230265 -0.27925590
v -0.05769505 0.30651122 -0.29263529
v -0.07802318 0.28707758 -0.29002634
v -0.06551091 0.30316821 -0.27710542
v -0.06062499 0.27844059 -0.24405694
v -0.07215468 0.28847954 -0.25975847
v -0.08507364 0.25757715 -0.23930502
v -0.07215468 0.28847954 -0.25975847
v -0.08405668 0.28230265 -0.27925590
v -0.09829626 0.25869057 -0.25970164
v -0.08507364 0.25757715 -0.23930502
v -0.09829626 0.25869057 -0.25970164
v -0.11681744 0.23639150 -0.23576835
v -0.07215468 0.28847954 -0.25975847
v -0.09829626 0.25869057 -0.25970164
v -0.08507364 0.25757715 -0.23930502
v -0.05052138 0.30871993 -0.27805141
v -0.06551091 0.30316821 -0.27710542
v -0.05966842 0.30062771 -0.26918325
v -0.06551091 0.30316821 -0.27710542
v -0.08405668 0.28230265 -0.27925590
v -0.07215468 0.28847954 -0.25975847
v -0.05966842 0.30062771 -0.26918325
v -0.07215468 0.28847954 -0.25975847
v -0.06062499 0.27844059 -0.24405694
v -0.06551091 0.30316821 -0.27710542
v -0.07215468 0.28847954 -0.25975847
v -0.05966842 0.30062771 -0.26918325
v -0.03657594 0.28203395 -0.25503305
v -0.04875554 0.28828275 -0.25363320
v -0.03010819 0.26582953 -0.22842716
v -0.04875554 0.28828275 -0.25363320
v -0.06062499 0.27844059 -0.24405694
v -0.04706488 0.26420018 -0.22488588
v -0.03010819 0.26582953 -0.22842716
v -0.04706488 0.26420018 -0.22488588
v -0.02538988 0.23058645 -0.19870812
v -0.04875554 0.28828275 -0.25363320
v -0.04706488 0.26420018 -0.22488588
v -0.03010819 0.26582953 -0.22842716
v -0.06062499 0.27844059 -0.24405694
v -0.08507364 0.25757715 -0.23930502
v -0.08042672 0.24793737 -0.21514387
v -0.08507364 0.25757715 -0.23930502
v -0.11681744 0.23639150 -0.23576835
v -0.10660408 0.21993639 -0.20117728
v -0.08042672 0.24793737 -0.21514387
v -0.10660408 0.21993639 -0.20117728
v -0.09886853 0.20223990 -0.17051615
v -0.08507364 0.25757715 -0.23930502
v -0.10660408 0.21993639 -0.20117728
v -0.08042672 0.24793737 -0.21514387
v -0.02538988 0.23058645 -0.19870812
v -0.05674030 0.21643601 -0.17725141
v -0.02638664 0.19800924 -0.15213320
v -0.05674030 0.21643601 -0.17725141
v -0.09886853 0.20223990 -0.17051615
v -0.07356276 0.18259573 -0.13366775
v -0.02638664 0.19800924 -0.15213320
v -0.07356276 0.18259573 -0.13366775
v -0.03931112 0.15509187 -0.10959458
v -0.05674030 0.21643601 -0.17725141
v -0.07356276 0.18259573 -0.13366775
v -0.02638664 0.19800924 -0.15213320
v -0.06062499 0.27844059 -0.24405694
v -0.08042672 0.24793737 -0.21514387
v -0.04706488 0.26420018 -0.22488588
v -0.08042672 0.24793737 -0.21514387
v -0.09886853 0.20223990 -0.17051615
v -0.05674030 0.21643601 -0.17725141
v -0.04706488 0.26420018 -0.22488588
v -0.05674030 0.21643601 -0.17725141
v -0.02538988 0.23058645 -0.19870812
v -0.08042672 0.24793737 -0.21514387
v -0.05674030 0.21643601 -0.17725141
v -0.04706488 0.26420018 -0.22488588
v -0.03657594 0.28203395 -0.25503305
v -0.03010819 0.26582953 -0.22842716
v -0.00652306 0.26365995 -0.24591279
v -0.03010819 0.26582953 -0.22842716
v -0.02538988 0.23058645 -0.19870812
v -0.00039611 0.23726600 -0.20906878
v -0.00652306 0.26365995 -0.24591279
v -0.00039611 0.23726600 -0.20906878
v 0.02571744 0.23131385 -0.23125491
v -0.03010819 0.26582953 -0.22842716
v -0.00039611 0.23726600 -0.20906878
v -0.00652306 0.26365995 -0.24591279
v -0.02538988 0.23058645 -0.19870812
v -0.02638664 0.19800924 -0.15213320
v 0.00813037 0.19334358 -0.16420873
v -0.02638664 0.19800924 -0.15213320
v -0.03931112 0.15509187 -0.10959458
v 0.01105484 0.15621588 -0.12353338
v 0.00813037 0.19334358 -0.16420873
v 0.01105484 0.15621588 -0.12353338
v 0.04725828 0.15525427 -0.14615798
v -0.02638664 0.19800924 -0.15213320
v 0.01105484 0.15621588 -0.12353338
v 0.00813037 0.19334358 -0.16420873
v 0.02571744 0.23131385 -0.23125491
v 0.04298667 0.19181363 -0.18764924
v 0.06192444 0.19081946 -0.22285540
v 0.04298667 0.19181363 -0.18764924
v 0.04725828 0.15525427 -0.14615798
v 0.08066987 0.15464090 -0.17288768
v 0.06192444 0.19081946 -0.22285540
v 0.08066987 0.15464090 -0.17288768
v 0.10279266 0.15512684 -0.21452497
v 0.04298667 0.19181363 -0.18764924
v 0.08066987 0.15464090 -0.17288768
v 0.06192444 0.19081946 -0.22285540
v -0.02538988 0.23058645 -0.19870812
v 0.00813037 0.19334358 -0.16420873
v -0.00039611 0.23726600 -0.20906878
v 0.00813037 0.19334358 -0.16420873
v 0.04725828 0.15525427 -0.14615798
v 0.04298667 0.19181363 -0.18764924
v -0.00039611 0.23726600 -0.20906878
v 0.04298667 0.19181363 -0.18764924
v 0.02571744 0.23131385 -0.23125491
v 0.00813037 0.19334358 -0.16420873
v 0.04298667 0.19181363 -0.18764924
v -0.00039611 0.23726600 -0.20906878
v -0.07062314 0.28638089 -0.30459023
v -0.05147272 0.28493360 -0.30504510
v -0.07179490 0.26139790 -0.32698753
v -0.05147272 0.28493360 -0.30504510
v -0.03829037 0.28016946 -0.31116375
v -0.05093366 0.25712618 -0.33072153
v -0.07179490 0.26139790 -0.32698753
v -0.05093366 0.25712618 -0.33072153
v -0.07429434 0.23170497 -0.36724216
v -0.05147272 0.28493360 -0.30504510
v -0.05093366 0.25712618 -0.33072153
v -0.07179490 0.26139790 -0.32698753
v -0.03829037 0.28016946 -0.31116375
v -0.01044110 0.25817829 -0.32287720
v -0.02329026 0.24559511 -0.34813145
v -0.01044110 0.25817829 -0.32287720
v 0.02284298 0.23411749 -0.32811499
v 0.00938465 0.22092433 -0.36276594
v -0.02329026 0.24559511 -0.34813145
v 0.00938465 0.22092433 -0.36276594
v -0.00059218 0.20052414 -0.39291978
v -0.01044110 0.25817829 -0.32287720
v 0.00938465 0.22092433 -0.36276594
v -0.02329026 0.24559511 -0.34813145
v -0.07429434 0.23170497 -0.36724216
v -0.04081159 0.21643853 -0.37867570
v -0.07391152 0.19779001 -0.40661487
v -0.04081159 0.21643853 -0.37867570
v -0.00059218 0.20052414 -0.39291978
v -0.02962426 0.18203048 -0.42399606
v -0.07391152 0.19779001 -0.40661487
v -0.02962426 0.18203048 -0.42399606
v -0.06490663 0.15169261 -0.44794109
v -0.04081159 0.21643853 -0.37867570
v -0.02962426 0.18203048 -0.42399606
v -0.07391152 0.19779001 -0.40661487
v -0.03829037 0.28016946 -0.31116375
v -0.02329026 0.24559511 -0.34813145
v -0.05093366 0.25712618 -0.33072153
v -0.02329026 0.24559511 -0.34813145
v -0.00059218 0.20052414 -0.39291978
v -0.04081159 0.21643853 -0.37867570
v -0.05093366 0.25712618 -0.33072153
v -0.04081159 0.21643853 -0.37867570
v -0.07429434 0.23170497 -0.36724216
v -0.02329026 0.24559511 -0.34813145
v -0.04081159 0.21643853 -0.37867570
v -0.05093366 0.25712618 -0.33072153
v 0.02284298 0.23411749 -0.32811499
v 0.04818675 0.22400886 -0.31174794
v 0.05190877 0.19282195 -0.35338727
v 0.04818675 0.22400886 -0.31174794
v 0.07074849 0.20189776 -0.29063329
v 0.08657445 0.18310896 -0.33148900
v 0.05190877 0.19282195 -0.35338727
v 0.08657445 0.18310896 -0.33148900
v 0.08744781 0.15742818 -0.37513942
v 0.04818675 0.22400886 -0.31174794
v 0.08657445 0.18310896 -0.33148900
v 0.05190877 0.19282195 -0.35338727
v 0.07074849 0.20189776 -0.29063329
v 0.09062474 0.17751102 -0.25549576
v 0.11976248 0.15674780 -0.29035214
v 0.09062474 0.17751102 -0.25549576
v 0.10279266 0.15512684 -0.21452497
v 0.11478783 0.12940055 -0.25282094
v 0.11976248 0.15674780 -0.29035214
v 0.11478783 0.12940055 -0.25282094
v 0.11797407 0.10653803 -0.29640713
v 0.09062474 0.17751102 -0.25549576
v 0.11478783 0.12940055 -0.25282094
v 0.11976248 0.15674780 -0.29035214
v 0.08744781 0.15742818 -0.37513942
v 0.10662962 0.13045439 -0.34276304
v 0.08701795 0.11179475 -0.38141760
v 0.10662962 0.13045439 -0.34276304
v 0.11797407 0.10653803 -0.29640713
v 0.09762499 0.08392126 -0.32969987
v 0.08701795 0.11179475 -0.38141760
v 0.09762499 0.08392126 -0.32969987
v 0.06709487 0.07194919 -0.36304244
v 0.10662962 0.13045439 -0.34276304
v 0.09762499 0.08392126 -0.32969987
v 0.08701795 0.11179475 -0.38141760
v 0.07074849 0.20189776 -0.29063329
v 0.11976248 0.15674780 -0.29035214
v 0.08657445 0.18310896 -0.33148900
v 0.11976248 0.15674780 -0.29035214
v 0.11797407 0.10653803 -0.29640713
v 0.10662962 0.13045439 -0.34276304
v 0.08657445 0.18310896 -0.33148900
v 0.10662962 0.13045439 -0.34276304
v 0.08744781 0.15742818 -0.37513942
v 0.11976248 0.15674780 -0.29035214
v 0.10662962 0.13045439 -0.34276304
v 0.08657445 0.18310896 -0.33148900
v 0.10279266 0.15512684 -0.21452497
v 0.08066987 0.15464090 -0.17288768
v 0.09822642 0.11182570 -0.19892456
v 0.08066987 0.15464090 -0.17288768
v 0.04725828 0.15525427 -0.14615798
v 0.07168134 0.11709666 -0.16079949
v 0.09822642 0.11182570 -0.19892456
v 0.07168134 0.11709666 -0.16079949
v 0.07401671 0.07966366 -0.20413752
v 0.08066987 0.15464090 -0.17288768
v 0.07168134 0.11709666 -0.16079949
v 0.09822642 0.11182570 -0.19892456
v 0.04725828 0.15525427 -0.14615798
v 0.01105484 0.15621588 -0.12353338
v 0.02204989 0.11072628 -0.13030286
v 0.01105484 0.15621588 -0.12353338
v -0.03931112 0.15509187 -0.10959458
v -0.02229636 0.11302745 -0.11474788
v 0.02204989 0.11072628 -0.13030286
v -0.02229636 0.11302745 -0.11474788
v -0.01221418 0.07580689 -0.14187008
v 0.01105484 0.15621588 -0.12353338
v -0.02229636 0.11302745 -0.11474788
v 0.02204989 0.11072628 -0.13030286
v 0.07401671 0.07966366 -0.20413752
v 0.03778584 0.07550774 -0.16575864
v 0.03931605 0.04741887 -0.20168470
v 0.03778584 0.07550774 -0.16575864
v -0.01221418 0.07580689 -0.14187008
v -0.00384900 0.04909279 -0.17288464
v 0.03931605 0.04741887 -0.20168470
v -0.00384900 0.04909279 -0.17288464
v -0.00197733 0.02179283 -0.21293755
v 0.03778584 0.07550774 -0.16575864
v -0.00384900 0.04909279 -0.17288464
v 0.03931605 0.04741887 -0.20168470
v 0.04725828 0.15525427 -0.14615798
v 0.02204989 0.11072628 -0.13030286
v 0.07168134 0.11709666 -0.16079949
v 0.02204989 0.11072628 -0.13030286
v -0.01221418 0.07580689 -0.14187008
v 0.03778584 0.07550774 -0.16575864
v 0.07168134 0.11709666 -0.16079949
v 0.03778584 0.07550774 -0.16575864
v 0.07401671 0.07966366 -0.20413752
v 0.02204989 0.11072628 -0.13030286
v 0.03778584 0.07550774 -0.16575864
v 0.07168134 0.11709666 -0.16079949
v -0.03931112 0.15509187 -0.10959458
v -0.07356276 0.18259573 -0.13366775
v -0.07363833 0.12867299 -0.10895951
v -0.07356276 0.18259573 -0.13366775
v -0.09886853 0.20223990 -0.17051615
v -0.11616815 0.15447071 -0.12767710
v -0.07363833 0.12867299 -0.10895951
v -0.11616815 0.15447071 -0.12767710
v -0.10991859 0.10484225 -0.12501422
v -0.07356276 0.18259573 -0.13366775
v -0.11616815 0.15447071 -0.12767710
v -0.07363833 0.12867299 -0.10895951
v -0.09886853 0.20223990 -0.17051615
v -0.10660408 0.21993639 -0.20117728
v -0.13876502 0.18292916 -0.17121340
v -0.10660408 0.21993639 -0.20117728
v -0.11681744 0.23639150 -0.23576835
v -0.15381928 0.19369675 -0.20849200
v -0.13876502 0.18292916 -0.17121340
v -0.15381928 0.19369675 -0.20849200
v -0.18538289 0.15166505 -0.18142109
v -0.10660408 0.21993639 -0.20117728
v -0.15381928 0.19369675 -0.20849200
v -0.13876502 0.18292916 -0.17121340
v -0.10991859 0.10484225 -0.12501422
v -0.15706244 0.13163884 -0.14354330
v -0.14394353 0.08628307 -0.15320566
v -0.15706244 0.13163884 -0.14354330
v -0.18538289 0.15166505 -0.18142109
v -0.18897632 0.10939132 -0.18156567
v -0.14394353 0.08628307 -0.15320566
v -0.18897632 0.10939132 -0.18156567
v -0.16824330 0.07400195 -0.19727771
v -0.15706244 0.13163884 -0.14354330
v -0.18897632 0.10939132 -0.18156567
v -0.14394353 0.08628307 -0.15320566
v -0.09886853 0.20223990 -0.17051615
v -0.13876502 0.18292916 -0.17121340
v -0.11616815 0.15447071 -0.12767710
v -0.13876502 0.18292916 -0.17121340
v -0.18538289 0.15166505 -0.18142109
v -0.15706244 0.13163884 -0.14354330
v -0.11616815 0.15447071 -0.12767710
v -0.15706244 0.13163884 -0.14354330
v -0.10991859 0.10484225 -0.12501422
v -0.13876502 0.18292916 -0.17121340
v -0.15706244 0.13163884 -0.14354330
v -0.11616815 0.15447071 -0.12767710
v -0.11681744 0.23639150 -0.23576835
v -0.09829626 0.25869057 -0.25970164
v -0.14172386 0.22075340 -0.24575666
v -0.09829626 0.25869057 -0.25970164
v -0.08405668 0.28230265 -0.27925590
v -0.12341010 0.24428330 -0.27824187
v -0.14172386 0.22075340 -0.24575666
v -0.12341010 0.24428330 -0.27824187
v -0.16911751 0.20532596 -0.27147776
v -0.09829626 0.25869057 -0.25970164
v -0.12341010 0.24428330 -0.27824187
v -0.14172386 0.22075340 -0.24575666
v -0.08405668 0.28230265 -0.27925590
v -0.07802318 0.28707758 -0.29002634
v -0.10100325 0.26444530 -0.29920420
v -0.07802318 0.28707758 -0.29002634
v -0.07062314 0.28638089 -0.30459023
v -0.09233021 0.26120618 -0.31151137
v -0.10100325 0.26444530 -0.29920420
v -0.09233021 0.26120618 -0.31151137
v -0.12463424 0.23473036 -0.33153027
v -0.07802318 0.28707758 -0.29002634
v -0.09233021 0.26120618 -0.31151137
v -0.10100325 0.26444530 -0.29920420
v -0.16911751 0.20532596 -0.27147776
v -0.14568070 0.21847846 -0.30397469
v -0.19321878 0.17733493 -0.30740941
v -0.14568070 0.21847846 -0.30397469
v -0.12463424 0.23473036 -0.33153027
v -0.16614810 0.19109240 -0.33922565
v -0.19321878 0.17733493 -0.30740941
v -0.16614810 0.19109240 -0.33922565
v -0.20983618 0.15095364 -0.34478942
v -0.14568070 0.21847846 -0.30397469
v -0.16614810 0.19109240 -0.33922565
v -0.19321878 0.17733493 -0.30740941
v -0.08405668 0.28230265 -0.27925590
v -0.10100325 0.26444530 -0.29920420
v -0.12341010 0.24428330 -0.27824187
v -0.10100325 0.26444530 -0.29920420
v -0.12463424 0.23473036 -0.33153027
v -0.14568070 0.21847846 -0.30397469
v -0.12341010 0.24428330 -0.27824187
v -0.14568070 0.21847846 -0.30397469
v -0.16911751 0.20532596 -0.27147776
v -0.10100325 0.26444530 -0.29920420
v -0.14568070 0.21847846 -0.30397469
v -0.12341010 0.24428330 -0.27824187
v -0.09696034 0.02732580 -0.34984264
v -0.09271355 0.04970952 -0.38931027
v -0.05817987 0.02423520 -0.35726345
v -0.09271355 0.04970952 -0.38931027
v -0.09125443 0.07924012 -0.42221770
v -0.04976712 0.05197093 -0.40312824
v -0.05817987 0.02423520 -0.35726345
v -0.04976712 0.05197093 -0.40312824
v -0.00977513 0.03040789 -0.36701000
v -0.09271355 0.04970952 -0.38931027
v -0.04976712 0.05197093 -0.40312824
v -0.05817987 0.02423520 -0.35726345
v -0.09125443 0.07924012 -0.42221770
v -0.07228601 0.11268069 -0.44584131
v -0.03855667 0.08711635 -0.43729776
v -0.07228601 0.11268069 -0.44584131
v -0.06490663 0.15169261 -0.44794109
v -0.02971199 0.12871134 -0.44859204
v -0.03855667 0.08711635 -0.43729776
v -0.02971199 0.12871134 -0.44859204
v 0.01209855 0.10489228 -0.43784738
v -0.07228601 0.11268069 -0.44584131
v -0.02971199 0.12871134 -0.44859204
v -0.03855667 0.08711635 -0.43729776
v -0.00977513 0.03040789 -0.36701000
v 0.00140361 0.06458806 -0.40706035
v 0.02531635 0.05027569 -0.36878836
v 0.00140361 0.06458806 -0.40706035
v 0.01209855 0.10489228 -0.43784738
v 0.03949479 0.08835115 -0.40241411
v 0.02531635 0.05027569 -0.36878836
v 0.03949479 0.08835115 -0.40241411
v 0.06709487 0.07194919 -0.36304244
v 0.00140361 0.06458806 -0.40706035
v 0.03949479 0.08835115 -0.40241411
v 0.02531635 0.05027569 -0.36878836
v -0.09125443 0.07924012 -0.42221770
v -0.03855667 0.08711635 -0.43729776
v -0.04976712 0.05197093 -0.40312824
v -0.03855667 0.08711635 -0.43729776
v 0.01209855 0.10489228 -0.43784738
v 0.00140361 0.06458806 -0.40706035
v -0.04976712 0.05197093 -0.40312824
v 0.00140361 0.06458806 -0.40706035
v -0.00977513 0.03040789 -0.36701000
v -0.03855667 0.08711635 -0.43729776
v 0.00140361 0.06458806 -0.40706035
v -0.04976712 0.05197093 -0.40312824
v -0.09696034 0.02732580 -0.34984264
v -0.05817987 0.02423520 -0.35726345
v -0.07219158 0.00262471 -0.31521985
v -0.05817987 0.02423520 -0.35726345
v -0.00977513 0.03040789 -0.36701000
v -0.02973622 0.00939264 -0.32245633
v -0.07219158 0.00262471 -0.31521985
v -0.02973622 0.00939264 -0.32245633
v -0.05224361 0.00000000 -0.27755389
v -0.05817987 0.02423520 -0.35726345
v -0.02973622 0.00939264 -0.32245633
v -0.07219158 0.00262471 -0.31521985
v -0.00977513 0.03040789 -0.36701000
v 0.02531635 0.05027569 -0.36878836
v 0.02038030 0.02523495 -0.33160594
v 0.02531635 0.05027569 -0.36878836
v 0.06709487 0.07194919 -0.36304244
v 0.05615096 0.04416404 -0.32587481
v 0.02038030 0.02523495 -0.33160594
v 0.05615096 0.04416404 -0.32587481
v 0.04496292 0.02668734 -0.28813589
v 0.02531635 0.05027569 -0.36878836
v 0.05615096 0.04416404 -0.32587481
v 0.02038030 0.02523495 -0.33160594
v -0.05224361 0.00000000 -0.27755389
v -0.00067503 0.00910118 -0.28870177
v -0.02688819 0.00370271 -0.24280405
v -0.00067503 0.00910118 -0.28870177
v 0.04496292 0.02668734 -0.28813589
v 0.02590800 0.01910797 -0.24644087
v -0.02688819 0.00370271 -0.24280405
v 0.02590800 0.01910797 -0.24644087
v -0.00197733 0.02179283 -0.21293755
v -0.00067503 0.00910118 -0.28870177
v 0.02590800 0.01910797 -0.24644087
v -0.02688819 0.00370271 -0.24280405
v -0.00977513 0.03040789 -0.36701000
v 0.02038030 0.02523495 -0.33160594
v -0.02973622 0.00939264 -0.32245633
v 0.02038030 0.02523495 -0.33160594
v 0.04496292 0.02668734 -0.28813589
v -0.00067503 0.00910118 -0.28870177
v -0.02973622 0.00939264 -0.32245633
v -0.00067503 0.00910118 -0.28870177
v -0.05224361 0.00000000 -0.27755389
v 0.02038030 0.02523495 -0.33160594
v -0.00067503 0.00910118 -0.28870177
v -0.02973622 0.00939264 -0.32245633
v -0.09696034 0.02732580 -0.34984264
v -0.07219158 0.00262471 -0.31521985
v -0.12948370 0.02204729 -0.31295785
v -0.07219158 0.00262471 -0.31521985
v -0.05224361 0.00000000 -0.27755389
v -0.10187393 0.01005928 -0.27393144
v -0.12948370 0.02204729 -0.31295785
v -0.10187393 0.01005928 -0.27393144
v -0.14854093 0.02867050 -0.27371174
v -0.07219158 0.00262471 -0.31521985
v -0.10187393 0.01005928 -0.27393144
v -0.12948370 0.02204729 -0.31295785
v -0.05224361 0.00000000 -0.27755389
v -0.02688819 0.00370271 -0.24280405
v -0.06829646 0.00892246 -0.23922567
v -0.02688819 0.00370271 -0.24280405
v -0.00197733 0.02179283 -0.21293755
v -0.04325462 0.01901275 -0.19503030
v -0.06829646 0.00892246 -0.23922567
v -0.04325462 0.01901275 -0.19503030
v -0.08463624 0.03250552 -0.19365905
v -0.02688819 0.00370271 -0.24280405
v -0.04325462 0.01901275 -0.19503030
v -0.06829646 0.00892246 -0.23922567
v -0.14854093 0.02867050 -0.27371174
v -0.11972420 0.02544987 -0.23275283
v -0.15623182 0.05058535 -0.23098049
v -0.11972420 0.02544987 -0.23275283
v -0.08463624 0.03250552 -0.19365905
v -0.12656605 0.04648255 -0.18951173
v -0.15623182 0.05058535 -0.23098049
v -0.12656605 0.04648255 -0.18951173
v -0.16824330 0.07400195 -0.19727771
v -0.11972420 0.02544987 -0.23275283
v -0.12656605 0.04648255 -0.18951173
v -0.15623182 0.05058535 -0.23098049
v -0.05224361 0.00000000 -0.27755389
v -0.06829646 0.00892246 -0.23922567
v -0.10187393 0.01005928 -0.27393144
v -0.06829646 0.00892246 -0.23922567
v -0.08463624 0.03250552 -0.19365905
v -0.11972420 0.02544987 -0.23275283
v -0.10187393 0.01005928 -0.27393144
v -0.11972420 0.02544987 -0.23275283
v -0.14854093 0.02867050 -0.27371174
v -0.06829646 0.00892246 -0.23922567
v -0.11972420 0.02544987 -0.23275283
v -0.10187393 0.01005928 -0.27393144
v -0.09696034 0.02732580 -0.34984264
v -0.12948370 0.02204729 -0.31295785
v -0.13956729 0.04907975 -0.35602531
v -0.12948370 0.02204729 -0.31295785
v -0.14854093 0.02867050 -0.27371174
v -0.16405036 0.04895964 -0.31524950
v -0.13956729 0.04907975 -0.35602531
v -0.16405036 0.04895964 -0.31524950
v -0.17307270 0.08031577 -0.36226785
v -0.12948370 0.02204729 -0.31295785
v -0.16405036 0.04895964 -0.31524950
v -0.13956729 0.04907975 -0.35602531
v -0.14854093 0.02867050 -0.27371174
v -0.15623182 0.05058535 -0.23098049
v -0.18498620 0.06487184 -0.27058372
v -0.15623182 0.05058535 -0.23098049
v -0.16824330 0.07400195 -0.19727771
v -0.19790235 0.08792304 -0.22788605
v -0.18498620 0.06487184 -0.27058372
v -0.19790235 0.08792304 -0.22788605
v -0.21749443 0.10630899 -0.26773202
v -0.15623182 0.05058535 -0.23098049
v -0.19790235 0.08792304 -0.22788605
v -0.18498620 0.06487184 -0.27058372
v -0.17307270 0.08031577 -0.36226785
v -0.20597908 0.09036894 -0.31730220
v -0.20045759 0.11231586 -0.35203493
v -0.20597908 0.09036894 -0.31730220
v -0.21749443 0.10630899 -0.26773202
v -0.22092509 0.12922043 -0.30825445
v -0.20045759 0.11231586 -0.35203493
v -0.22092509 0.12922043 -0.30825445
v -0.20983618 0.15095364 -0.34478942
v -0.20597908 0.09036894 -0.31730220
v -0.22092509 0.12922043 -0.30825445
v -0.20045759 0.11231586 -0.35203493
v -0.14854093 0.02867050 -0.27371174
v -0.18498620 0.06487184 -0.27058372
v -0.16405036 0.04895964 -0.31524950
v -0.18498620 0.06487184 -0.27058372
v -0.21749443 0.10630899 -0.26773202
v -0.20597908 0.09036894 -0.31730220
v -0.16405036 0.04895964 -0.31524950
v -0.20597908 0.09036894 -0.31730220
v -0.17307270 0.08031577 -0.36226785
v -0.18498620 0.06487184 -0.27058372
v -0.20597908 0.09036894 -0.31730220
v -0.16405036 0.04895964 -0.31524950
v -0.09696034 0.02732580 -0.34984264
v -0.13956729 0.04907975 -0.35602531
v -0.09271355 0.04970952 -0.38931027
v -0.13956729 0.04907975 -0.35602531
v -0.17307270 0.08031577 -0.36226785
v -0.13313971 0.07392502 -0.39698219
v -0.09271355 0.04970952 -0.38931027
v -0.13313971 0.07392502 -0.39698219
v -0.09125443 0.07924012 -0.42221770
v -0.13956729 0.04907975 -0.35602531
v -0.13313971 0.07392502 -0.39698219
v -0.09271355 0.04970952 -0.38931027
v -0.17307270 0.08031577 -0.36226785
v -0.20045759 0.11231586 -0.35203493
v -0.17112547 0.11268608 -0.39909646
v -0.20045759 0.11231586 -0.35203493
v -0.20983618 0.15095364 -0.34478942
v -0.18394628 0.15070127 -0.38064742
v -0.17112547 0.11268608 -0.39909646
v -0.18394628 0.15070127 -0.38064742
v -0.14793500 0.15295039 -0.41763374
v -0.20045759 0.11231586 -0.35203493
v -0.18394628 0.15070127 -0.38064742
v -0.17112547 0.11268608 -0.39909646
v -0.09125443 0.07924012 -0.42221770
v -0.12847391 0.11750091 -0.43047425
v -0.07228601 0.11268069 -0.44584131
v -0.12847391 0.11750091 -0.43047425
v -0.14793500 0.15295039 -0.41763374
v -0.10876301 0.15413815 -0.43402305
v -0.07228601 0.11268069 -0.44584131
v -0.10876301 0.15413815 -0.43402305
v -0.06490663 0.15169261 -0.44794109
v -0.12847391 0.11750091 -0.43047425
v -0.10876301 0.15413815 -0.43402305
v -0.07228601 0.11268069 -0.44584131
v -0.17307270 0.08031577 -0.36226785
v -0.17112547 0.11268608 -0.39909646
v -0.13313971 0.07392502 -0.39698219
v -0.17112547 0.11268608 -0.39909646
v -0.14793500 0.15295039 -0.41763374
v -0.12847391 0.11750091 -0.43047425
v -0.13313971 0.07392502 -0.39698219
v -0.12847391 0.11750091 -0.43047425
v -0.09125443 0.07924012 -0.42221770
v -0.17112547 0.11268608 -0.39909646
v -0.12847391 0.11750091 -0.43047425
v -0.13313971 0.07392502 -0.39698219
v 0.06709487 0.07194919 -0.36304244
v 0.03949479 0.08835115 -0.40241411
v 0.08701795 0.11179475 -0.38141760
v 0.03949479 0.08835115 -0.40241411
v 0.01209855 0.10489228 -0.43784738
v 0.05685266 0.12647724 -0.41650689
v 0.08701795 0.11179475 -0.38141760
v 0.05685266 0.12647724 -0.41650689
v 0.08744781 0.15742818 -0.37513942
v 0.03949479 0.08835115 -0.40241411
v 0.05685266 0.12647724 -0.41650689
v 0.08701795 0.11179475 -0.38141760
v 0.01209855 0.10489228 -0.43784738
v -0.02971199 0.12871134 -0.44859204
v 0.01334269 0.15806237 -0.43591020
v -0.02971199 0.12871134 -0.44859204
v -0.06490663 0.15169261 -0.44794109
v -0.02962426 0.18203048 -0.42399606
v 0.01334269 0.15806237 -0.43591020
v -0.02962426 0.18203048 -0.42399606
v -0.00059218 0.20052414 -0.39291978
v -0.02971199 0.12871134 -0.44859204
v -0.02962426 0.18203048 -0.42399606
v 0.01334269 0.15806237 -0.43591020
v 0.08744781 0.15742818 -0.37513942
v 0.04036449 0.17922863 -0.39024553
v 0.05190877 0.19282195 -0.35338727
v 0.04036449 0.17922863 -0.39024553
v -0.00059218 0.20052414 -0.39291978
v 0.00938465 0.22092433 -0.36276594
v 0.05190877 0.19282195 -0.35338727
v 0.00938465 0.22092433 -0.36276594
v 0.02284298 0.23411749 -0.32811499
v 0.04036449 0.17922863 -0.39024553
v 0.00938465 0.22092433 -0.36276594
v 0.05190877 0.19282195 -0.35338727
v 0.01209855 0.10489228 -0.43784738
v 0.01334269 0.15806237 -0.43591020
v 0.05685266 0.12647724 -0.41650689
v 0.01334269 0.15806237 -0.43591020
v -0.00059218 0.20052414 -0.39291978
v 0.04036449 0.17922863 -0.39024553
v 0.05685266 0.12647724 -0.41650689
v 0.04036449 0.17922863 -0.39024553
v 0.08744781 0.15742818 -0.37513942
v 0.01334269 0.15806237 -0.43591020
v 0.04036449 0.17922863 -0.39024553
v 0.05685266 0.12647724 -0.41650689
v -0.00197733 0.02179283 -0.21293755
v 0.02590800 0.01910797 -0.24644087
v 0.03931605 0.04741887 -0.20168470
v 0.02590800 0.01910797 -0.24644087
v 0.04496292 0.02668734 -0.28813589
v 0.06173501 0.04865305 -0.24588114
v 0.03931605 0.04741887 -0.20168470
v 0.06173501 0.04865305 -0.24588114
v 0.07401671 0.07966366 -0.20413752
v 0.02590800 0.01910797 -0.24644087
v 0.06173501 0.04865305 -0.24588114
v 0.03931605 0.04741887 -0.20168470
v 0.04496292 0.02668734 -0.28813589
v 0.05615096 0.04416404 -0.32587481
v 0.08493170 0.06611691 -0.29020664
v 0.05615096 0.04416404 -0.32587481
v 0.06709487 0.07194919 -0.36304244
v 0.09762499 0.08392126 -0.32969987
v 0.08493170 0.06611691 -0.29020664
v 0.09762499 0.08392126 -0.32969987
v 0.11797407 0.10653803 -0.29640713
v 0.05615096 0.04416404 -0.32587481
v 0.09762499 0.08392126 -0.32969987
v 0.08493170 0.06611691 -0.29020664
v 0.07401671 0.07966366 -0.20413752
v 0.10087047 0.08956732 -0.23917133
v 0.09822642 0.11182570 -0.19892456
v 0.10087047 0.08956732 -0.23917133
v 0.11797407 0.10653803 -0.29640713
v 0.11478783 0.12940055 -0.25282094
v 0.09822642 0.11182570 -0.19892456
v 0.11478783 0.12940055 -0.25282094
v 0.10279266 0.15512684 -0.21452497
v 0.10087047 0.08956732 -0.23917133
v 0.11478783 0.12940055 -0.25282094
v 0.09822642 0.11182570 -0.19892456
v 0.04496292 0.02668734 -0.28813589
v 0.08493170 0.06611691 -0.29020664
v 0.06173501 0.04865305 -0.24588114
v 0.08493170 0.06611691 -0.29020664
v 0.11797407 0.10653803 -0.29640713
v 0.10087047 0.08956732 -0.23917133
v 0.06173501 0.04865305 -0.24588114
v 0.10087047 0.08956732 -0.23917133
v 0.07401671 0.07966366 -0.20413752
v 0.08493170 0.06611691 -0.29020664
v 0.10087047 0.08956732 -0.23917133
v 0.06173501 0.04865305 -0.24588114
v -0.16824330 0.07400195 -0.19727771
v -0.12656605 0.04648255 -0.18951173
v -0.14394353 0.08628307 -0.15320566
v -0.12656605 0.04648255 -0.18951173
v -0.08463624 0.03250552 -0.19365905
v -0.10226540 0.06658551 -0.15658157
v -0.14394353 0.08628307 -0.15320566
v -0.10226540 0.06658551 -0.15658157
v -0.10991859 0.10484225 -0.12501422
v -0.12656605 0.04648255 -0.18951173
v -0.10226540 0.06658551 -0.15658157
v -0.14394353 0.08628307 -0.15320566
v -0.08463624 0.03250552 -0.19365905
v -0.04325462 0.01901275 -0.19503030
v -0.04542006 0.05061130 -0.15852825
v -0.04325462 0.01901275 -0.19503030
v -0.00197733 0.02179283 -0.21293755
v -0.00384900 0.04909279 -0.17288464
v -0.04542006 0.05061130 -0.15852825
v -0.00384900 0.04909279 -0.17288464
v -0.01221418 0.07580689 -0.14187008
v -0.04325462 0.01901275 -0.19503030
v -0.00384900 0.04909279 -0.17288464
v -0.04542006 0.05061130 -0.15852825
v -0.10991859 0.10484225 -0.12501422
v -0.06020311 0.08763935 -0.12862420
v -0.07363833 0.12867299 -0.10895951
v -0.06020311 0.08763935 -0.12862420
v -0.01221418 0.07580689 -0.14187008
v -0.02229636 0.11302745 -0.11474788
v -0.07363833 0.12867299 -0.10895951
v -0.02229636 0.11302745 -0.11474788
v -0.03931112 0.15509187 -0.10959458
v -0.06020311 0.08763935 -0.12862420
v -0.02229636 0.11302745 -0.11474788
v -0.07363833 0.12867299 -0.10895951
v -0.08463624 0.03250552 -0.19365905
v -0.04542006 0.05061130 -0.15852825
v -0.10226540 0.06658551 -0.15658157
v -0.04542006 0.05061130 -0.15852825
v -0.01221418 0.07580689 -0.14187008
v -0.06020311 0.08763935 -0.12862420
v -0.10226540 0.06658551 -0.15658157
v -0.06020311 0.08763935 -0.12862420
v -0.10991859 0.10484225 -0.12501422
v -0.04542006 0.05061130 -0.15852825
v -0.06020311 0.08763935 -0.12862420
v -0.10226540 0.06658551 -0.15658157
v -0.20983618 0.15095364 -0.34478942
v -0.22092509 0.12922043 -0.30825445
v -0.19321878 0.17733493 -0.30740941
v -0.22092509 0.12922043 -0.30825445
v -0.21749443 0.10630899 -0.26773202
v -0.21814449 0.15706167 -0.26714048
v -0.19321878 0.17733493 -0.30740941
v -0.21814449 0.15706167 -0.26714048
v -0.16911751 0.20532596 -0.27147776
v -0.22092509 0.12922043 -0.30825445
v -0.21814449 0.15706167 -0.26714048
v -0.19321878 0.17733493 -0.30740941
v -0.21749443 0.10630899 -0.26773202
v -0.19790235 0.08792304 -0.22788605
v -0.21184561 0.12901174 -0.22025411
v -0.19790235 0.08792304 -0.22788605
v -0.16824330 0.07400195 -0.19727771
v -0.18897632 0.10939132 -0.18156567
v -0.21184561 0.12901174 -0.22025411
v -0.18897632 0.10939132 -0.18156567
v -0.18538289 0.15166505 -0.18142109
v -0.19790235 0.08792304 -0.22788605
v -0.18897632 0.10939132 -0.18156567
v -0.21184561 0.12901174 -0.22025411
v -0.16911751 0.20532596 -0.27147776
v -0.18440250 0.17905483 -0.22620408
v -0.14172386 0.22075340 -0.24575666
v -0.18440250 0.17905483 -0.22620408
v -0.18538289 0.15166505 -0.18142109
v -0.15381928 0.19369675 -0.20849200
v -0.14172386 0.22075340 -0.24575666
v -0.15381928 0.19369675 -0.20849200
v -0.11681744 0.23639150 -0.23576835
v -0.18440250 0.17905483 -0.22620408
v -0.15381928 0.19369675 -0.20849200
v -0.14172386 0.22075340 -0.24575666
v -0.21749443 0.10630899 -0.26773202
v -0.21184561 0.12901174 -0.22025411
v -0.21814449 0.15706167 -0.26714048
v -0.21184561 0.12901174 -0.22025411
v -0.18538289 0.15166505 -0.18142109
v -0.18440250 0.17905483 -0.22620408
v -0.21814449 0.15706167 -0.26714048
v -0.18440250 0.17905483 -0.22620408
v -0.16911751 0.20532596 -0.27147776
v -0.21184561 0.12901174 -0.22025411
v -0.18440250 0.17905483 -0.22620408
v -0.21814449 0.15706167 -0.26714048
v -0.06490663 0.15169261 -0.44794109
v -0.10876301 0.15413815 -0.43402305
v -0.07391152 0.19779001 -0.40661487
v -0.10876301 0.15413815 -0.43402305
v -0.14793500 0.15295039 -0.41763374
v -0.11016843 0.19743788 -0.39492324
v -0.07391152 0.19779001 -0.40661487
v -0.11016843 0.19743788 -0.39492324
v -0.07429434 0.23170497 -0.36724216
v -0.10876301 0.15413815 -0.43402305
v -0.11016843 0.19743788 -0.39492324
v -0.07391152 0.19779001 -0.40661487
v -0.14793500 0.15295039 -0.41763374
v -0.18394628 0.15070127 -0.38064742
v -0.14282760 0.19135705 -0.37213087
v -0.18394628 0.15070127 -0.38064742
v -0.20983618 0.15095364 -0.34478942
v -0.16614810 0.19109240 -0.33922565
v -0.14282760 0.19135705 -0.37213087
v -0.16614810 0.19109240 -0.33922565
v -0.12463424 0.23473036 -0.33153027
v -0.18394628 0.15070127 -0.38064742
v -0.16614810 0.19109240 -0.33922565
v -0.14282760 0.19135705 -0.37213087
v -0.07429434 0.23170497 -0.36724216
v -0.10016949 0.23778911 -0.34677073
v -0.07179490 0.26139790 -0.32698753
v -0.10016949 0.23778911 -0.34677073
v -0.12463424 0.23473036 -0.33153027
v -0.09233021 0.26120618 -0.31151137
v -0.07179490 0.26139790 -0.32698753
v -0.09233021 0.26120618 -0.31151137
v -0.07062314 0.28638089 -0.30459023
v -0.10016949 0.23778911 -0.34677073
v -0.09233021 0.26120618 -0.31151137
v -0.07179490 0.26139790 -0.32698753
v -0.14793500 0.15295039 -0.41763374
v -0.14282760 0.19135705 -0.37213087
v -0.11016843 0.19743788 -0.39492324
v -0.14282760 0.19135705 -0.37213087
v -0.12463424 0.23473036 -0.33153027
v -0.10016949 0.23778911 -0.34677073
v -0.11016843 0.19743788 -0.39492324
v -0.10016949 0.23778911 -0.34677073
v -0.07429434 0.23170497 -0.36724216
v -0.14282760 0.19135705 -0.37213087
v -0.10016949 0.23778911 -0.34677073
v -0.11016843 0.19743788 -0.39492324
f 3121 3122 3123
f 3124 3125 3126
f 3127 3128 3129
f 3130 3131 3132
f 3133 3134 3135
f 3136 3137 3138
f 3139 3140 3141
f 3142 3143 3144
f 3145 3146 3147
f 3148 3149 3150
f 3151 3152 3153
f 3154 3155 3156
f 3157 3158 3159
f 3160 3161 3162
f 3163 3164 3165
f 3166 3167 3168
f 3169 3170 3171
f 3172 3173 3174
f 3175 3176 3177
f 3178 3179 3180
f 3181 3182 3183
f 3184 3185 3186
f 3187 3188 3189
f 3190 3191 3192
f 3193 3194 3195
f 3196 3197 3198
f 3199 3200 3201
f 3202 3203 3204
f 3205 3206 3207
f 3208 3209 3210
f 3211 3212 3213
f 3214 3215 3216
f 3217 3218 3219
f 3220 3221 3222
f 3223 3224 3225
f 3226 3227 3228
f 3229 3230 3231
f 3232 3233 3234
f 3235 3236 3237
f 3238 3239 3240
f 3241 3242 3243
f 3244 3245 3246
f 3247 3248 3249
f 3250 3251 3252
f 3253 3254 3255
f 3256 3257 3258
f 3259 3260 3261
f 3262 3263 3264
f 3265 3266 3267
f 3268 3269 3270
f 3271 3272 3273
f 3274 3275 3276
f 3277 3278 3279
f 3280 3281 3282
f 3283 3284 3285
f 3286 3287 3288
f 3289 3290 3291
f 3292 3293 3294
f 3295 3296 3297
f 3298 3299 3300
f 3301 3302 3303
f 3304 3305 3306
f 3307 3308 3309
f 3310 3311 3312
f 3313 3314 3315
f 3316 3317 3318
f 3319 3320 3321
f 3322 3323 3324
f 3325 3326 3327
f 3328 3329 3330
f 3331 3332 3333
f 3334 3335 3336
f 3337 3338 3339
f 3340 3341 3342
f 3343 3344 3345
f 3346 3347 3348
f 3349 3350 3351
f 3352 3353 3354
f 3355 3356 3357
f 3358 3359 3360
f 3361 3362 3363
f 3364 3365 3366
f 3367 3368 3369
f 3370 3371 3372
f 3373 3374 3375
f 3376 3377 3378
f 3379 3380 3381
f 3382 3383 3384
f 3385 3386 3387
f 3388 3389 3390
f 3391 3392 3393
f 3394 3395 3396
f 3397 3398 3399
f 3400 3401 3402
f 3403 3404 3405
f 3406 3407 3408
f 3409 3410 3411
f 3412 3413 3414
f 3415 3416 3417
f 3418 3419 3420
f 3421 3422 3423
f 3424 3425 3426
f 3427 3428 3429
f 3430 3431 3432
f 3433 3434 3435
f 3436 3437 3438
f 3439 3440 3441
f 3442 3443 3444
f 3445 3446 3447
f 3448 3449 3450
f 3451 3452 3453
f 3454 3455 3456
f 3457 3458 3459
f 3460 3461 3462
f 3463 3464 3465
f 3466 3467 3468
f 3469 3470 3471
f 3472 3473 3474
f 3475 3476 3477
f 3478 3479 3480
f 3481 3482 3483
f 3484 3485 3486
f 3487 3488 3489
f 3490 3491 3492
f 3493 3494 3495
f 3496 3497 3498
f 3499 3500 3501
f 3502 3503 3504
f 3505 3506 3507
f 3508 3509 3510
f 3511 3512 3513
f 3514 3515 3516
f 3517 3518 3519
f 3520 3521 3522
f 3523 3524 3525
f 3526 3527 3528
f 3529 3530 3531
f 3532 3533 3534
f 3535 3536 3537
f 3538 3539 3540
f 3541 3542 3543
f 3544 3545 3546
f 3547 3548 3549
f 3550 3551 3552
f 3553 3554 3555
f 3556 3557 3558
f 3559 3560 3561
f 3562 3563 3564
f 3565 3566 3567
f 3568 3569 3570
f 3571 3572 3573
f 3574 3575 3576
f 3577 3578 3579
f 3580 3581 3582
f 3583 3584 3585
f 3586 3587 3588
f 3589 3590 3591
f 3592 3593 3594
f 3595 3596 3597
f 3598 3599 3600
f 3601 3602 3603
f 3604 3605 3606
f 3607 3608 3609
f 3610 3611 3612
f 3613 3614 3615
f 3616 3617 3618
f 3619 3620 3621
f 3622 3623 3624
f 3625 3626 3627
f 3628 3629 3630
f 3631 3632 3633
f 3634 3635 3636
f 3637 3638 3639
f 3640 3641 3642
f 3643 3644 3645
f 3646 3647 3648
f 3649 3650 3651
f 3652 3653 3654
f 3655 3656 3657
f 3658 3659 3660
f 3661 3662 3663
f 3664 3665 3666
f 3667 3668 3669
f 3670 3671 3672
f 3673 3674 3675
f 3676 3677 3678
f 3679 3680 3681
f 3682 3683 3684
f 3685 3686 3687
f 3688 3689 3690
f 3691 3692 3693
f 3694 3695 3696
f 3697 3698 3699
f 3700 3701 3702
f 3703 3704 3705
f 3706 3707 3708
f 3709 3710 3711
f 3712 3713 3714
f 3715 3716 3717
f 3718 3719 3720
f 3721 3722 3723
f 3724 3725 3726
f 3727 3728 3729
f 3730 3731 3732
f 3733 3734 3735
f 3736 3737 3738
f 3739 3740 3741
f 3742 3743 3744
f 3745 3746 3747
f 3748 3749 3750
f 3751 3752 3753
f 3754 3755 3756
f 3757 3758 3759
f 3760 3761 3762
f 3763 3764 3765
f 3766 3767 3768
f 3769 3770 3771
f 3772 3773 3774
f 3775 3776 3777
f 3778 3779 3780
f 3781 3782 3783
f 3784 3785 3786
f 3787 3788 3789
f 3790 3791 3792
f 3793 3794 3795
f 3796 3797 3798
f 3799 3800 3801
f 3802 3803 3804
f 3805 3806 3807
f 3808 3809 3810
f 3811 3812 3813
f 3814 3815 3816
f 3817 3818 3819
f 3820 3821 3822
f 3823 3824 3825
f 3826 3827 3828
f 3829 3830 3831
f 3832 3833 3834
f 3835 3836 3837
f 3838 3839 3840
f 3841 3842 3843
f 3844 3845 3846
f 3847 3848 3849
f 3850 3851 3852
f 3853 3854 3855
f 3856 3857 3858
f 3859 3860 3861
f 3862 3863 3864
f 3865 3866 3867
f 3868 3869 3870
f 3871 3872 3873
f 3874 3875 3876
f 3877 3878 3879
f 3880 3881 3882
f 3883 3884 3885
f 3886 3887 3888
f 3889 3890 3891
f 3892 3893 3894
f 3895 3896 3897
f 3898 3899 3900
f 3901 3902 3903
f 3904 3905 3906
f 3907 3908 3909
f 3910 3911 3912
f 3913 3914 3915
f 3916 3917 3918
f 3919 3920 3921
f 3922 3923 3924
f 3925 3926 3927
f 3928 3929 3930
f 3931 3932 3933
f 3934 3935 3936
f 3937 3938 3939
f 3940 3941 3942
f 3943 3944 3945
f 3946 3947 3948
f 3949 3950 3951
f 3952 3953 3954
f 3955 3956 3957
f 3958 3959 3960
f 3961 3962 3963
f 3964 3965 3966
f 3967 3968 3969
f 3970 3971 3972
f 3973 3974 3975
f 3976 3977 3978
f 3979 3980 3981
f 3982 3983 3984
f 3985 3986 3987
f 3988 3989 3990
f 3991 3992 3993
f 3994 3995 3996
f 3997 3998 3999
f 4000 4001 4002
f 4003 4004 4005
f 4006 4007 4008
f 4009 4010 4011
f 4012 4013 4014
f 4015 4016 4017
f 4018 4019 4020
f 4021 4022 4023
f 4024 4025 4026
f 4027 4028 4029
f 4030 4031 4032
f 4033 4034 4035
f 4036 4037 4038
f 4039 4040 4041
f 4042 4043 4044
f 4045 4046 4047
f 4048 4049 4050
f 4051 4052 4053
f 4054 4055 4056
f 4057 4058 4059
f 4060 4061 4062
f 4063 4064 4065
f 4066 4067 4068
f 4069 4070 4071
f 4072 4073 4074
f 4075 4076 4077
f 4078 4079 4080

o geometry_8
usemtl material_2
v -0.00335089 0.38941464 0.19942807
v 0.00626304 0.37626526 0.21186632
v 0.01650758 0.38785338 0.19460641
v 0.00626304 0.37626526 0.21186632
v 0.01400621 0.35751525 0.21478614
v 0.02670982 0.36910337 0.20363367
v 0.01650758 0.38785338 0.19460641
v 0.02670982 0.36910337 0.20363367
v 0.03143526 0.37723017 0.18542185
v 0.00626304 0.37626526 0.21186632
v 0.02670982 0.36910337 0.20363367
v 0.01650758 0.38785338 0.19460641
v -0.00335089 0.38941464 0.19942807
v 0.01650758 0.38785338 0.19460641
v 0.00000000 0.39501524 0.18000001
v 0.01650758 0.38785338 0.19460641
v 0.03143526 0.37723017 0.18542185
v 0.02044678 0.38785338 0.17176735
v 0.00000000 0.39501524 0.18000001
v 0.02044678 0.38785338 0.17176735
v 0.00335089 0.38941464 0.16057195
v 0.01650758 0.38785338 0.19460641
v 0.02044678 0.38785338 0.17176735
v 0.00000000 0.39501524 0.18000001
v -0.00335089 0.38941464 0.19942807
v 0.00000000 0.39501524 0.18000001
v -0.02044678 0.38785338 0.18823265
v 0.00000000 0.39501524 0.18000001
v 0.00335089 0.38941464 0.16057195
v -0.01650758 0.38785338 0.16539359
v -0.02044678 0.38785338 0.18823265
v -0.01650758 0.38785338 0.16539359
v -0.03143526 0.37723017 0.17457815
v 0.00000000 0.39501524 0.18000001
v -0.01650758 0.38785338 0.16539359
v -0.02044678 0.38785338 0.18823265
v -0.00335089 0.38941464 0.19942807
v -0.02044678 0.38785338 0.18823265
v -0.01657601 0.37626526 0.20792711
v -0.02044678 0.38785338 0.18823265
v -0.03143526 0.37723017 0.17457815
v -0.03308359 0.36910337 0.19332069
v -0.01657601 0.37626526 0.20792711
v -0.03308359 0.36910337 0.19332069
v -0.02484991 0.35751525 0.20808437
v -0.02044678 0.38785338 0.18823265
v -0.03308359 0.36910337 0.19332069
v -0.01657601 0.37626526 0.20792711
v -0.00335089 0.38941464 0.19942807
v -0.01657601 0.37626526 0.20792711
v 0.00626304 0.37626526 0.21186632
v -0.01657601 0.37626526 0.20792711
v -0.02484991 0.35751525 0.20808437
v -0.00637377 0.35751525 0.21695437
v 0.00626304 0.37626526 0.21186632
v -0.00637377 0.35751525 0.21695437
v 0.01400621 0.35751525 0.21478614
v -0.01657601 0.37626526 0.20792711
v -0.00637377 0.35751525 0.21695437
v 0.00626304 0.37626526 0.21186632
v 0.00335089 0.38941464 0.16057195
v 0.02044678 0.38785338 0.17176735
v 0.01657601 0.37626526 0.15207289
v 0.02044678 0.38785338 0.17176735
v 0.03143526 0.37723017 0.18542185
v 0.03308359 0.36910337 0.16667931
v 0.01657601 0.37626526 0.15207289
v 0.03308359 0.36910337 0.16667931
v 0.02484991 0.35751525 0.15191562
v 0.02044678 0.38785338 0.17176735
v 0.03308359 0.36910337 0.16667931
v 0.01657601 0.37626526 0.15207289
v 0.03143526 0.37723017 0.18542185
v 0.02670982 0.36910337 0.20363367
v 0.03695437 0.35751525 0.18637377
v 0.02670982 0.36910337 0.20363367
v 0.01400621 0.35751525 0.21478614
v 0.02670982 0.34592712 0.20363367
v 0.03695437 0.35751525 0.18637377
v 0.02670982 0.34592712 0.20363367
v 0.03143526 0.33780032 0.18542185
v 0.02670982 0.36910337 0.20363367
v 0.02670982 0.34592712 0.20363367
v 0.03695437 0.35751525 0.18637377
v 0.01400621 0.35751525 0.21478614
v -0.00637377 0.35751525 0.21695437
v 0.00626304 0.33876523 0.21186632
v -0.00637377 0.35751525 0.21695437
v -0.02484991 0.35751525 0.20808437
v -0.01657601 0.33876523 0.20792711
v 0.00626304 0.33876523 0.21186632
v -0.01657601 0.33876523 0.20792711
v -0.00335089 0.32561585 0.19942807
v -0.00637377 0.35751525 0.21695437
v -0.01657601 0.33876523 0.20792711
v 0.00626304 0.33876523 0.21186632
v -0.02484991 0.35751525 0.20808437
v -0.03308359 0.36910337 0.19332069
v -0.03308359 0.34592712 0.19332069
v -0.03308359 0.36910337 0.19332069
v -0.03143526 0.37723017 0.17457815
v -0.03695437 0.35751525 0.17362623
v -0.03308359 0.34592712 0.19332069
v -0.03695437 0.35751525 0.17362623
v -0.03143526 0.33780032 0.17457815
v -0.03308359 0.36910337 0.19332069
v -0.03695437 0.35751525 0.17362623
v -0.03308359 0.34592712 0.19332069
v -0.03143526 0.37723017 0.17457815
v -0.01650758 0.38785338 0.16539359
v -0.02670982 0.36910337 0.15636633
v -0.01650758 0.38785338 0.16539359
v 0.00335089 0.38941464 0.16057195
v -0.00626304 0.37626526 0.14813370
v -0.02670982 0.36910337 0.15636633
v -0.00626304 0.37626526 0.14813370
v -0.01400621 0.35751525 0.14521386
v -0.01650758 0.38785338 0.16539359
v -0.00626304 0.37626526 0.14813370
v -0.02670982 0.36910337 0.15636633
v 0.00335089 0.32561585 0.16057195
v 0.01657601 0.33876523 0.15207289
v 0.02044678 0.32717711 0.17176735
v 0.01657601 0.33876523 0.15207289
v 0.02484991 0.35751525 0.15191562
v 0.03308359 0.34592712 0.16667931
v 0.02044678 0.32717711 0.17176735
v 0.03308359 0.34592712 0.16667931
v 0.03143526 0.33780032 0.18542185
v 0.01657601 0.33876523 0.15207289
v 0.03308359 0.34592712 0.16667931
v 0.02044678 0.32717711 0.17176735
v 0.00335089 0.32561585 0.16057195
v 0.02044678 0.32717711 0.17176735
v 0.00000000 0.32001525 0.18000001
v 0.02044678 0.32717711 0.17176735
v 0.03143526 0.33780032 0.18542185
v 0.01650758 0.32717711 0.19460641
v 0.00000000 0.32001525 0.18000001
v 0.01650758 0.32717711 0.19460641
v -0.00335089 0.32561585 0.19942807
v 0.02044678 0.32717711 0.17176735
v 0.01650758 0.32717711 0.19460641
v 0.00000000 0.32001525 0.18000001
v 0.00335089 0.32561585 0.16057195
v 0.00000000 0.32001525 0.18000001
v -0.01650758 0.32717711 0.16539359
v 0.00000000 0.32001525 0.18000001
v -0.00335089 0.32561585 0.19942807
v -0.02044678 0.32717711 0.18823265
v -0.01650758 0.32717711 0.16539359
v -0.02044678 0.32717711 0.18823265
v -0.03143526 0.33780032 0.17457815
v 0.00000000 0.32001525 0.18000001
v -0.02044678 0.32717711 0.18823265
v -0.01650758 0.32717711 0.16539359
v 0.00335089 0.32561585 0.16057195
v -0.01650758 0.32717711 0.16539359
v -0.00626304 0.33876523 0.14813370
v -0.01650758 0.32717711 0.16539359
v -0.03143526 0.33780032 0.17457815
v -0.02670982 0.34592712 0.15636633
v -0.00626304 0.33876523 0.14813370
v -0.02670982 0.34592712 0.15636633
v -0.01400621 0.35751525 0.14521386
v -0.01650758 0.32717711 0.16539359
v -0.02670982 0.34592712 0.15636633
v -0.00626304 0.33876523 0.14813370
v 0.00335089 0.32561585 0.16057195
v -0.00626304 0.33876523 0.14813370
v 0.01657601 0.33876523 0.15207289
v -0.00626304 0.33876523 0.14813370
v -0.01400621 0.35751525 0.14521386
v 0.00637377 0.35751525 0.14304563
v 0.01657601 0.33876523 0.15207289
v 0.00637377 0.35751525 0.14304563
v 0.02484991 0.35751525 0.15191562
v -0.00626304 0.33876523 0.14813370
v 0.00637377 0.35751525 0.14304563
v 0.01657601 0.33876523 0.15207289
v 0.03143526 0.33780032 0.18542185
v 0.03308359 0.34592712 0.16667931
v 0.03695437 0.35751525 0.18637377
v 0.03308359 0.34592712 0.16667931
v 0.02484991 0.35751525 0.15191562
v 0.03308359 0.36910337 0.16667931
v 0.03695437 0.35751525 0.18637377
v 0.03308359 0.36910337 0.16667931
v 0.03143526 0.37723017 0.18542185
v 0.03308359 0.34592712 0.16667931
v 0.03308359 0.36910337 0.16667931
v 0.03695437 0.35751525 0.18637377
v -0.00335089 0.32561585 0.19942807
v 0.01650758 0.32717711 0.19460641
v 0.00626304 0.33876523 0.21186632
v 0.01650758 0.32717711 0.19460641
v 0.03143526 0.33780032 0.18542185
v 0.02670982 0.34592712 0.20363367
v 0.00626304 0.33876523 0.21186632
v 0.02670982 0.34592712 0.20363367
v 0.01400621 0.35751525 0.21478614
v 0.01650758 0.32717711 0.19460641
v 0.02670982 0.34592712 0.20363367
v 0.00626304 0.33876523 0.21186632
v -0.03143526 0.33780032 0.17457815
v -0.02044678 0.32717711 0.18823265
v -0.03308359 0.34592712 0.19332069
v -0.02044678 0.32717711 0.18823265
v -0.00335089 0.32561585 0.19942807
v -0.01657601 0.33876523 0.20792711
v -0.03308359 0.34592712 0.19332069
v -0.01657601 0.33876523 0.20792711
v -0.02484991 0.35751525 0.20808437
v -0.02044678 0.32717711 0.18823265
v -0.01657601 0.33876523 0.20792711
v -0.03308359 0.34592712 0.19332069
v -0.01400621 0.35751525 0.14521386
v -0.02670982 0.34592712 0.15636633
v -0.02670982 0.36910337 0.15636633
v -0.02670982 0.34592712 0.15636633
v -0.03143526 0.33780032 0.17457815
v -0.03695437 0.35751525 0.17362623
v -0.02670982 0.36910337 0.15636633
v -0.03695437 0.35751525 0.17362623
v -0.03143526 0.37723017 0.17457815
v -0.02670982 0.34592712 0.15636633
v -0.03695437 0.35751525 0.17362623
v -0.02670982 0.36910337 0.15636633
v 0.02484991 0.35751525 0.15191562
v 0.00637377 0.35751525 0.14304563
v 0.01657601 0.37626526 0.15207289
v 0.00637377 0.35751525 0.14304563
v -0.01400621 0.35751525 0.14521386
v -0.00626304 0.37626526 0.14813370
v 0.01657601 0.37626526 0.15207289
v -0.00626304 0.37626526 0.14813370
v 0.00335089 0.38941464 0.16057195
v 0.00637377 0.35751525 0.14304563
v -0.00626304 0.37626526 0.14813370
v 0.01657601 0.37626526 0.15207289
f 4081 4082 4083
f 4084 4085 4086
f 4087 4088 4089
f 4090 4091 4092
f 4093 4094 4095
f 4096 4097 4098
f 4099 4100 4101
f 4102 4103 4104
f 4105 4106 4107
f 4108 4109 4110
f 4111 4112 4113
f 4114 4115 4116
f 4117 4118 4119
f 4120 4121 4122
f 4123 4124 4125
f 4126 4127 4128
f 4129 4130 4131
f 4132 4133 4134
f 4135 4136 4137
f 4138 4139 4140
f 4141 4142 4143
f 4144 4145 4146
f 4147 4148 4149
f 4150 4151 4152
f 4153 4154 4155
f 4156 4157 4158
f 4159 4160 4161
f 4162 4163 4164
f 4165 4166 4167
f 4168 4169 4170
f 4171 4172 4173
f 4174 4175 4176
f 4177 4178 4179
f 4180 4181 4182
f 4183 4184 4185
f 4186 4187 4188
f 4189 4190 4191
f 4192 4193 4194
f 4195 4196 4197
f 4198 4199 4200
f 4201 4202 4203
f 4204 4205 4206
f 4207 4208 4209
f 4210 4211 4212
f 4213 4214 4215
f 4216 4217 4218
f 4219 4220 4221
f 4222 4223 4224
f 4225 4226 4227
f 4228 4229 4230
f 4231 4232 4233
f 4234 4235 4236
f 4237 4238 4239
f 4240 4241 4242
f 4243 4244 4245
f 4246 4247 4248
f 4249 4250 4251
f 4252 4253 4254
f 4255 4256 4257
f 4258 4259 4260
f 4261 4262 4263
f 4264 4265 4266
f 4267 4268 4269
f 4270 4271 4272
f 4273 4274 4275
f 4276 4277 4278
f 4279 4280 4281
f 4282 4283 4284
f 4285 4286 4287
f 4288 4289 4290
f 4291 4292 4293
f 4294 4295 4296
f 4297 4298 4299
f 4300 4301 4302
f 4303 4304 4305
f 4306 4307 4308
f 4309 4310 4311
f 4312 4313 4314
f 4315 4316 4317
f 4318 4319 4320

o geometry_7
usemtl material_3
v 0.00956065 0.30126524 0.12456845
v -0.00000000 0.30126524 0.18000001
v -0.02484712 0.30126524 0.12953533
v 0.00956065 0.30126524 0.12456845
v -0.02484712 0.30126524 0.12953533
v 0.00956065 0.33876523 0.12456845
v 0.00956065 0.33876523 0.12456845
v -0.02484712 0.30126524 0.12953533
v -0.02484712 0.33876523 0.12953533
v 0.00956065 0.33876523 0.12456845
v -0.02484712 0.33876523 0.12953533
v 0.00000000 0.33876523 0.18000001
v -0.02484712 0.30126524 0.12953533
v -0.00000000 0.30126524 0.18000001
v -0.04976413 0.30126524 0.15377799
v -0.02484712 0.30126524 0.12953533
v -0.04976413 0.30126524 0.15377799
v -0.02484712 0.33876523 0.12953533
v -0.02484712 0.33876523 0.12953533
v -0.04976413 0.30126524 0.15377799
v -0.04976413 0.33876523 0.15377799
v -0.02484712 0.33876523 0.12953533
v -0.04976413 0.33876523 0.15377799
v 0.00000000 0.33876523 0.18000001
v -0.04976413 0.30126524 0.15377799
v -0.00000000 0.30126524 0.18000001
v -0.05567294 0.30126524 0.18803658
v -0.04976413 0.30126524 0.15377799
v -0.05567294 0.30126524 0.18803658
v -0.04976413 0.33876523 0.15377799
v -0.04976413 0.33876523 0.15377799
v -0.05567294 0.30126524 0.18803658
v -0.05567294 0.33876523 0.18803658
v -0.04976413 0.33876523 0.15377799
v -0.05567294 0.33876523 0.18803658
v 0.00000000 0.33876523 0.18000001
v -0.05567294 0.30126524 0.18803658
v -0.00000000 0.30126524 0.18000001
v -0.04031657 0.30126524 0.21922545
v -0.05567294 0.30126524 0.18803658
v -0.04031657 0.30126524 0.21922545
v -0.05567294 0.33876523 0.18803658
v -0.05567294 0.33876523 0.18803658
v -0.04031657 0.30126524 0.21922545
v -0.04031657 0.33876523 0.21922545
v -0.05567294 0.33876523 0.18803658
v -0.04031657 0.33876523 0.21922545
v 0.00000000 0.33876523 0.18000001
v -0.04031657 0.30126524 0.21922545
v -0.00000000 0.30126524 0.18000001
v -0.00956065 0.30126524 0.23543155
v -0.04031657 0.30126524 0.21922545
v -0.00956065 0.30126524 0.23543155
v -0.04031657 0.33876523 0.21922545
v -0.04031657 0.33876523 0.21922545
v -0.00956065 0.30126524 0.23543155
v -0.00956065 0.33876523 0.23543155
v -0.04031657 0.33876523 0.21922545
v -0.00956065 0.33876523 0.23543155
v 0.00000000 0.33876523 0.18000001
v -0.00956065 0.30126524 0.23543155
v -0.00000000 0.30126524 0.18000001
v 0.02484712 0.30126524 0.23046467
v -0.00956065 0.30126524 0.23543155
v 0.02484712 0.30126524 0.23046467
v -0.00956065 0.33876523 0.23543155
v -0.00956065 0.33876523 0.23543155
v 0.02484712 0.30126524 0.23046467
v 0.02484712 0.33876523 0.23046467
v -0.00956065 0.33876523 0.23543155
v 0.02484712 0.33876523 0.23046467
v 0.00000000 0.33876523 0.18000001
v 0.02484712 0.30126524 0.23046467
v -0.00000000 0.30126524 0.18000001
v 0.04976413 0.30126524 0.20622201
v 0.02484712 0.30126524 0.23046467
v 0.04976413 0.30126524 0.20622201
v 0.02484712 0.33876523 0.23046467
v 0.02484712 0.33876523 0.23046467
v 0.04976413 0.30126524 0.20622201
v 0.04976413 0.33876523 0.20622201
v 0.02484712 0.33876523 0.23046467
v 0.04976413 0.33876523 0.20622201
v 0.00000000 0.33876523 0.18000001
v 0.04976413 0.30126524 0.20622201
v -0.00000000 0.30126524 0.18000001
v 0.05567294 0.30126524 0.17196342
v 0.04976413 0.30126524 0.20622201
v 0.05567294 0.30126524 0.17196342
v 0.04976413 0.33876523 0.20622201
v 0.04976413 0.33876523 0.20622201
v 0.05567294 0.30126524 0.17196342
v 0.05567294 0.33876523 0.17196342
v 0.04976413 0.33876523 0.20622201
v 0.05567294 0.33876523 0.17196342
v 0.00000000 0.33876523 0.18000001
v 0.05567294 0.30126524 0.17196342
v -0.00000000 0.30126524 0.18000001
v 0.04031657 0.30126524 0.14077455
v 0.05567294 0.30126524 0.17196342
v 0.04031657 0.30126524 0.14077455
v 0.05567294 0.33876523 0.17196342
v 0.05567294 0.33876523 0.17196342
v 0.04031657 0.30126524 0.14077455
v 0.04031657 0.33876523 0.14077455
v 0.05567294 0.33876523 0.17196342
v 0.04031657 0.33876523 0.14077455
v 0.00000000 0.33876523 0.18000001
v 0.04031657 0.30126524 0.14077455
v -0.00000000 0.30126524 0.18000001
v 0.00956065 0.30126524 0.12456845
v 0.04031657 0.30126524 0.14077455
v 0.00956065 0.30126524 0.12456845
v 0.04031657 0.33876523 0.14077455
v 0.04031657 0.33876523 0.14077455
v 0.00956065 0.30126524 0.12456845
v 0.00956065 0.33876523 0.12456845
v 0.04031657 0.33876523 0.14077455
v 0.00956065 0.33876523 0.12456845
v 0.00000000 0.33876523 0.18000001
f 4321 4322 4323
f 4324 4325 4326
f 4327 4328 4329
f 4330 4331 4332
f 4333 4334 4335
f 4336 4337 4338
f 4339 4340 4341
f 4342 4343 4344
f 4345 4346 4347
f 4348 4349 4350
f 4351 4352 4353
f 4354 4355 4356
f 4357 4358 4359
f 4360 4361 4362
f 4363 4364 4365
f 4366 4367 4368
f 4369 4370 4371
f 4372 4373 4374
f 4375 4376 4377
f 4378 4379 4380
f 4381 4382 4383
f 4384 4385 4386
f 4387 4388 4389
f 4390 4391 4392
f 4393 4394 4395
f 4396 4397 4398
f 4399 4400 4401
f 4402 4403 4404
f 4405 4406 4407
f 4408 4409 4410
f 4411 4412 4413
f 4414 4415 4416
f 4417 4418 4419
f 4420 4421 4422
f 4423 4424 4425
f 4426 4427 4428
f 4429 4430 4431
f 4432 4433 4434
f 4435 4436 4437
f 4438 4439 4440

o geometry_6
usemtl material_4
v -0.00246039 0.32387769 0.21114348
v 0.00678320 0.29508445 0.24010697
v 0.01487000 0.32333168 0.20748532
v 0.00678320 0.29508445 0.24010697
v 0.01950999 0.26145044 0.28060240
v 0.03154860 0.29352185 0.23538910
v 0.01487000 0.32333168 0.20748532
v 0.03154860 0.29352185 0.23538910
v 0.02849124 0.31419879 0.20523691
v 0.00678320 0.29508445 0.24010697
v 0.03154860 0.29352185 0.23538910
v 0.01487000 0.32333168 0.20748532
v 0.01950999 0.26145044 0.28060240
v 0.03902946 0.21891050 0.32293075
v 0.05974765 0.24834546 0.27510107
v 0.03902946 0.21891050 0.32293075
v 0.06845728 0.17525923 0.35713872
v 0.09073467 0.20034541 0.31655115
v 0.05974765 0.24834546 0.27510107
v 0.09073467 0.20034541 0.31655115
v 0.09933899 0.23077953 0.26946771
v 0.03902946 0.21891050 0.32293075
v 0.09073467 0.20034541 0.31655115
v 0.05974765 0.24834546 0.27510107
v 0.02849124 0.31419879 0.20523691
v 0.06496046 0.27803370 0.23152174
v 0.05766392 0.29321367 0.20626333
v 0.06496046 0.27803370 0.23152174
v 0.09933899 0.23077953 0.26946771
v 0.10204211 0.25450644 0.23436940
v 0.05766392 0.29321367 0.20626333
v 0.10204211 0.25450644 0.23436940
v 0.08980253 0.26794240 0.19770315
v 0.06496046 0.27803370 0.23152174
v 0.10204211 0.25450644 0.23436940
v 0.05766392 0.29321367 0.20626333
v 0.01950999 0.26145044 0.28060240
v 0.05974765 0.24834546 0.27510107
v 0.03154860 0.29352185 0.23538910
v 0.05974765 0.24834546 0.27510107
v 0.09933899 0.23077953 0.26946771
v 0.06496046 0.27803370 0.23152174
v 0.03154860 0.29352185 0.23538910
v 0.06496046 0.27803370 0.23152174
v 0.02849124 0.31419879 0.20523691
v 0.05974765 0.24834546 0.27510107
v 0.06496046 0.27803370 0.23152174
v 0.03154860 0.29352185 0.23538910
v -0.00246039 0.32387769 0.21114348
v 0.01487000 0.32333168 0.20748532
v -0.00553102 0.34099820 0.19340125
v 0.01487000 0.32333168 0.20748532
v 0.02849124 0.31419879 0.20523691
v 0.01345697 0.34457600 0.19134893
v -0.00553102 0.34099820 0.19340125
v 0.01345697 0.34457600 0.19134893
v -0.00265615 0.35030842 0.18254621
v 0.01487000 0.32333168 0.20748532
v 0.01345697 0.34457600 0.19134893
v -0.00553102 0.34099820 0.19340125
v 0.02849124 0.31419879 0.20523691
v 0.05766392 0.29321367 0.20626333
v 0.03544507 0.32750010 0.18211628
v 0.05766392 0.29321367 0.20626333
v 0.08980253 0.26794240 0.19770315
v 0.06578894 0.29496208 0.17709732
v 0.03544507 0.32750010 0.18211628
v 0.06578894 0.29496208 0.17709732
v 0.03854286 0.31937614 0.16884267
v 0.05766392 0.29321367 0.20626333
v 0.06578894 0.29496208 0.17709732
v 0.03544507 0.32750010 0.18211628
v -0.00265615 0.35030842 0.18254621
v 0.01290785 0.33829695 0.17696902
v 0.00564372 0.34120673 0.16728790
v 0.01290785 0.33829695 0.17696902
v 0.03854286 0.31937614 0.16884267
v 0.01840676 0.33009297 0.15755773
v 0.00564372 0.34120673 0.16728790
v 0.01840676 0.33009297 0.15755773
v 0.00967792 0.32112008 0.14627510
v 0.01290785 0.33829695 0.17696902
v 0.01840676 0.33009297 0.15755773
v 0.00564372 0.34120673 0.16728790
v 0.02849124 0.31419879 0.20523691
v 0.03544507 0.32750010 0.18211628
v 0.01345697 0.34457600 0.19134893
v 0.03544507 0.32750010 0.18211628
v 0.03854286 0.31937614 0.16884267
v 0.01290785 0.33829695 0.17696902
v 0.01345697 0.34457600 0.19134893
v 0.01290785 0.33829695 0.17696902
v -0.00265615 0.35030842 0.18254621
v 0.03544507 0.32750010 0.18211628
v 0.01290785 0.33829695 0.17696902
v 0.01345697 0.34457600 0.19134893
v -0.00246039 0.32387769 0.21114348
v -0.00553102 0.34099820 0.19340125
v -0.02001225 0.32344443 0.20220761
v -0.00553102 0.34099820 0.19340125
v -0.00265615 0.35030842 0.18254621
v -0.01157798 0.34366092 0.18351418
v -0.02001225 0.32344443 0.20220761
v -0.01157798 0.34366092 0.18351418
v -0.03713037 0.31815851 0.19324894
v -0.00553102 0.34099820 0.19340125
v -0.01157798 0.34366092 0.18351418
v -0.02001225 0.32344443 0.20220761
v -0.00265615 0.35030842 0.18254621
v 0.00564372 0.34120673 0.16728790
v -0.01266447 0.34558266 0.16851349
v 0.00564372 0.34120673 0.16728790
v 0.00967792 0.32112008 0.14627510
v -0.00835597 0.32345980 0.15445240
v -0.01266447 0.34558266 0.16851349
v -0.00835597 0.32345980 0.15445240
v -0.03422723 0.31551236 0.15181158
v 0.00564372 0.34120673 0.16728790
v -0.00835597 0.32345980 0.15445240
v -0.01266447 0.34558266 0.16851349
v -0.03713037 0.31815851 0.19324894
v -0.03180286 0.32056555 0.17106611
v -0.06443357 0.29756331 0.18143716
v -0.03180286 0.32056555 0.17106611
v -0.03422723 0.31551236 0.15181158
v -0.05782759 0.29532197 0.15673006
v -0.06443357 0.29756331 0.18143716
v -0.05782759 0.29532197 0.15673006
v -0.09071071 0.27127132 0.16553549
v -0.03180286 0.32056555 0.17106611
v -0.05782759 0.29532197 0.15673006
v -0.06443357 0.29756331 0.18143716
v -0.00265615 0.35030842 0.18254621
v -0.01266447 0.34558266 0.16851349
v -0.01157798 0.34366092 0.18351418
v -0.01266447 0.34558266 0.16851349
v -0.03422723 0.31551236 0.15181158
v -0.03180286 0.32056555 0.17106611
v -0.01157798 0.34366092 0.18351418
v -0.03180286 0.32056555 0.17106611
v -0.03713037 0.31815851 0.19324894
v -0.01266447 0.34558266 0.16851349
v -0.03180286 0.32056555 0.17106611
v -0.01157798 0.34366092 0.18351418
v -0.00246039 0.32387769 0.21114348
v -0.02001225 0.32344443 0.20220761
v -0.02603272 0.29531878 0.23216490
v -0.02001225 0.32344443 0.20220761
v -0.03713037 0.31815851 0.19324894
v -0.04635804 0.29730606 0.22197187
v -0.02603272 0.29531878 0.23216490
v -0.04635804 0.29730606 0.22197187
v -0.04885165 0.26627144 0.26264563
v -0.02001225 0.32344443 0.20220761
v -0.04635804 0.29730606 0.22197187
v -0.02603272 0.29531878 0.23216490
v -0.03713037 0.31815851 0.19324894
v -0.06443357 0.29756331 0.18143716
v -0.07365911 0.27678064 0.21197832
v -0.06443357 0.29756331 0.18143716
v -0.09071071 0.27127132 0.16553549
v -0.11219204 0.24753171 0.19219299
v -0.07365911 0.27678064 0.21197832
v -0.11219204 0.24753171 0.19219299
v -0.12785791 0.23280157 0.23424080
v -0.06443357 0.29756331 0.18143716
v -0.11219204 0.24753171 0.19219299
v -0.07365911 0.27678064 0.21197832
v -0.04885165 0.26627144 0.26264563
v -0.08497315 0.24820600 0.25068259
v -0.08803064 0.22224678 0.30053923
v -0.08497315 0.24820600 0.25068259
v -0.12785791 0.23280157 0.23424080
v -0.13317002 0.20197451 0.27263758
v -0.08803064 0.22224678 0.30053923
v -0.13317002 0.20197451 0.27263758
v -0.12715361 0.17924286 0.32036176
v -0.08497315 0.24820600 0.25068259
v -0.13317002 0.20197451 0.27263758
v -0.08803064 0.22224678 0.30053923
v -0.03713037 0.31815851 0.19324894
v -0.07365911 0.27678064 0.21197832
v -0.04635804 0.29730606 0.22197187
v -0.07365911 0.27678064 0.21197832
v -0.12785791 0.23280157 0.23424080
v -0.08497315 0.24820600 0.25068259
v -0.04635804 0.29730606 0.22197187
v -0.08497315 0.24820600 0.25068259
v -0.04885165 0.26627144 0.26264563
v -0.07365911 0.27678064 0.21197832
v -0.08497315 0.24820600 0.25068259
v -0.04635804 0.29730606 0.22197187
v -0.00246039 0.32387769 0.21114348
v -0.02603272 0.29531878 0.23216490
v 0.00678320 0.29508445 0.24010697
v -0.02603272 0.29531878 0.23216490
v -0.04885165 0.26627144 0.26264563
v -0.01983242 0.26379502 0.27170765
v 0.00678320 0.29508445 0.24010697
v -0.01983242 0.26379502 0.27170765
v 0.01950999 0.26145044 0.28060240
v -0.02603272 0.29531878 0.23216490
v -0.01983242 0.26379502 0.27170765
v 0.00678320 0.29508445 0.24010697
v -0.04885165 0.26627144 0.26264563
v -0.08803064 0.22224678 0.30053923
v -0.04938075 0.21994190 0.31879616
v -0.08803064 0.22224678 0.30053923
v -0.12715361 0.17924286 0.32036176
v -0.08359962 0.17556961 0.35420695
v -0.04938075 0.21994190 0.31879616
v -0.08359962 0.17556961 0.35420695
v -0.03250873 0.17183569 0.36819896
v -0.08803064 0.22224678 0.30053923
v -0.08359962 0.17556961 0.35420695
v -0.04938075 0.21994190 0.31879616
v 0.01950999 0.26145044 0.28060240
v 0.00033809 0.21924528 0.32631040
v 0.03902946 0.21891050 0.32293075
v 0.00033809 0.21924528 0.32631040
v -0.03250873 0.17183569 0.36819896
v 0.01721386 0.17245652 0.36895061
v 0.03902946 0.21891050 0.32293075
v 0.01721386 0.17245652 0.36895061
v 0.06845728 0.17525923 0.35713872
v 0.00033809 0.21924528 0.32631040
v 0.01721386 0.17245652 0.36895061
v 0.03902946 0.21891050 0.32293075
v -0.04885165 0.26627144 0.26264563
v -0.04938075 0.21994190 0.31879616
v -0.01983242 0.26379502 0.27170765
v -0.04938075 0.21994190 0.31879616
v -0.03250873 0.17183569 0.36819896
v 0.00033809 0.21924528 0.32631040
v -0.01983242 0.26379502 0.27170765
v 0.00033809 0.21924528 0.32631040
v 0.01950999 0.26145044 0.28060240
v -0.04938075 0.21994190 0.31879616
v 0.00033809 0.21924528 0.32631040
v -0.01983242 0.26379502 0.27170765
v 0.00967792 0.32112008 0.14627510
v 0.01840676 0.33009297 0.15755773
v 0.02249025 0.29475495 0.12440307
v 0.01840676 0.33009297 0.15755773
v 0.03854286 0.31937614 0.16884267
v 0.04164986 0.29933494 0.13862632
v 0.02249025 0.29475495 0.12440307
v 0.04164986 0.29933494 0.13862632
v 0.05215812 0.25972316 0.09804961
v 0.01840676 0.33009297 0.15755773
v 0.04164986 0.29933494 0.13862632
v 0.02249025 0.29475495 0.12440307
v 0.03854286 0.31937614 0.16884267
v 0.06578894 0.29496208 0.17709732
v 0.07873460 0.27598444 0.14745849
v 0.06578894 0.29496208 0.17709732
v 0.08980253 0.26794240 0.19770315
v 0.11495860 0.25265399 0.16394377
v 0.07873460 0.27598444 0.14745849
v 0.11495860 0.25265399 0.16394377
v 0.12782578 0.22799286 0.12999608
v 0.06578894 0.29496208 0.17709732
v 0.11495860 0.25265399 0.16394377
v 0.07873460 0.27598444 0.14745849
v 0.05215812 0.25972316 0.09804961
v 0.08431847 0.25174046 0.10941317
v 0.08948953 0.21779725 0.06286659
v 0.08431847 0.25174046 0.10941317
v 0.12782578 0.22799286 0.12999608
v 0.13166009 0.20467499 0.08419471
v 0.08948953 0.21779725 0.06286659
v 0.13166009 0.20467499 0.08419471
v 0.12693608 0.17273711 0.04131718
v 0.08431847 0.25174046 0.10941317
v 0.13166009 0.20467499 0.08419471
v 0.08948953 0.21779725 0.06286659
v 0.03854286 0.31937614 0.16884267
v 0.07873460 0.27598444 0.14745849
v 0.04164986 0.29933494 0.13862632
v 0.07873460 0.27598444 0.14745849
v 0.12782578 0.22799286 0.12999608
v 0.08431847 0.25174046 0.10941317
v 0.04164986 0.29933494 0.13862632
v 0.08431847 0.25174046 0.10941317
v 0.05215812 0.25972316 0.09804961
v 0.07873460 0.27598444 0.14745849
v 0.08431847 0.25174046 0.10941317
v 0.04164986 0.29933494 0.13862632
v 0.08980253 0.26794240 0.19770315
v 0.10204211 0.25450644 0.23436940
v 0.14248234 0.22550052 0.20606920
v 0.10204211 0.25450644 0.23436940
v 0.09933899 0.23077953 0.26946771
v 0.14528981 0.20451257 0.24815410
v 0.14248234 0.22550052 0.20606920
v 0.14528981 0.20451257 0.24815410
v 0.18749848 0.17774862 0.21067357
v 0.10204211 0.25450644 0.23436940
v 0.14528981 0.20451257 0.24815410
v 0.14248234 0.22550052 0.20606920
v 0.09933899 0.23077953 0.26946771
v 0.09073467 0.20034541 0.31655115
v 0.14627330 0.17669664 0.30513743
v 0.09073467 0.20034541 0.31655115
v 0.06845728 0.17525923 0.35713872
v 0.11328263 0.14843403 0.33663350
v 0.14627330 0.17669664 0.30513743
v 0.11328263 0.14843403 0.33663350
v 0.14320165 0.12088156 0.30400002
v 0.09073467 0.20034541 0.31655115
v 0.11328263 0.14843403 0.33663350
v 0.14627330 0.17669664 0.30513743
v 0.18749848 0.17774862 0.21067357
v 0.17777622 0.14875154 0.26461568
v 0.18901837 0.13082871 0.20942877
v 0.17777622 0.14875154 0.26461568
v 0.14320165 0.12088156 0.30400002
v 0.15711127 0.09657168 0.26105163
v 0.18901837 0.13082871 0.20942877
v 0.15711127 0.09657168 0.26105163
v 0.16119011 0.08608193 0.20663363
v 0.17777622 0.14875154 0.26461568
v 0.15711127 0.09657168 0.26105163
v 0.18901837 0.13082871 0.20942877
v 0.09933899 0.23077953 0.26946771
v 0.14627330 0.17669664 0.30513743
v 0.14528981 0.20451257 0.24815410
v 0.14627330 0.17669664 0.30513743
v 0.14320165 0.12088156 0.30400002
v 0.17777622 0.14875154 0.26461568
v 0.14528981 0.20451257 0.24815410
v 0.17777622 0.14875154 0.26461568
v 0.18749848 0.17774862 0.21067357
v 0.14627330 0.17669664 0.30513743
v 0.17777622 0.14875154 0.26461568
v 0.14528981 0.20451257 0.24815410
v 0.06845728 0.17525923 0.35713872
v 0.01721386 0.17245652 0.36895061
v 0.05185834 0.13281697 0.36463502
v 0.01721386 0.17245652 0.36895061
v -0.03250873 0.17183569 0.36819896
v -0.00120001 0.12578979 0.37271801
v 0.05185834 0.13281697 0.36463502
v -0.00120001 0.12578979 0.37271801
v 0.03389497 0.09085570 0.34722367
v 0.01721386 0.17245652 0.36895061
v -0.00120001 0.12578979 0.37271801
v 0.05185834 0.13281697 0.36463502
v -0.03250873 0.17183569 0.36819896
v -0.08359962 0.17556961 0.35420695
v -0.06436644 0.13057834 0.35943696
v -0.08359962 0.17556961 0.35420695
v -0.12715361 0.17924286 0.32036176
v -0.11673165 0.12853722 0.33453721
v -0.06436644 0.13057834 0.35943696
v -0.11673165 0.12853722 0.33453721
v -0.08359777 0.09175619 0.32623559
v -0.08359962 0.17556961 0.35420695
v -0.11673165 0.12853722 0.33453721
v -0.06436644 0.13057834 0.35943696
v 0.03389497 0.09085570 0.34722367
v -0.03120061 0.08620368 0.33925340
v 0.00932296 0.05349206 0.31703210
v -0.03120061 0.08620368 0.33925340
v -0.08359777 0.09175619 0.32623559
v -0.05296938 0.05474491 0.29941443
v 0.00932296 0.05349206 0.31703210
v -0.05296938 0.05474491 0.29941443
v -0.01889656 0.02892741 0.27205613
v -0.03120061 0.08620368 0.33925340
v -0.05296938 0.05474491 0.29941443
v 0.00932296 0.05349206 0.31703210
v -0.03250873 0.17183569 0.36819896
v -0.06436644 0.13057834 0.35943696
v -0.00120001 0.12578979 0.37271801
v -0.06436644 0.13057834 0.35943696
v -0.08359777 0.09175619 0.32623559
v -0.03120061 0.08620368 0.33925340
v -0.00120001 0.12578979 0.37271801
v -0.03120061 0.08620368 0.33925340
v 0.03389497 0.09085570 0.34722367
v -0.06436644 0.13057834 0.35943696
v -0.03120061 0.08620368 0.33925340
v -0.00120001 0.12578979 0.37271801
v -0.12715361 0.17924286 0.32036176
v -0.13317002 0.20197451 0.27263758
v -0.15634261 0.14963634 0.28857926
v -0.13317002 0.20197451 0.27263758
v -0.12785791 0.23280157 0.23424080
v -0.17576867 0.17949562 0.25440964
v -0.15634261 0.14963634 0.28857926
v -0.17576867 0.17949562 0.25440964
v -0.17726174 0.12101971 0.24874844
v -0.13317002 0.20197451 0.27263758
v -0.17576867 0.17949562 0.25440964
v -0.15634261 0.14963634 0.28857926
v -0.12785791 0.23280157 0.23424080
v -0.11219204 0.24753171 0.19219299
v -0.15840834 0.20081797 0.19459704
v -0.11219204 0.24753171 0.19219299
v -0.09071071 0.27127132 0.16553549
v -0.14081097 0.22705428 0.15637003
v -0.15840834 0.20081797 0.19459704
v -0.14081097 0.22705428 0.15637003
v -0.18835057 0.17321946 0.14802764
v -0.11219204 0.24753171 0.19219299
v -0.14081097 0.22705428 0.15637003
v -0.15840834 0.20081797 0.19459704
v -0.17726174 0.12101971 0.24874844
v -0.18837555 0.14402014 0.19593915
v -0.17448474 0.10140977 0.20238528
v -0.18837555 0.14402014 0.19593915
v -0.18835057 0.17321946 0.14802764
v -0.19099157 0.12452832 0.14597078
v -0.17448474 0.10140977 0.20238528
v -0.19099157 0.12452832 0.14597078
v -0.15896043 0.08455315 0.14992328
v -0.18837555 0.14402014 0.19593915
v -0.19099157 0.12452832 0.14597078
v -0.17448474 0.10140977 0.20238528
v -0.12785791 0.23280157 0.23424080
v -0.15840834 0.20081797 0.19459704
v -0.17576867 0.17949562 0.25440964
v -0.15840834 0.20081797 0.19459704
v -0.18835057 0.17321946 0.14802764
v -0.18837555 0.14402014 0.19593915
v -0.17576867 0.17949562 0.25440964
v -0.18837555 0.14402014 0.19593915
v -0.17726174 0.12101971 0.24874844
v -0.15840834 0.20081797 0.19459704
v -0.18837555 0.14402014 0.19593915
v -0.17576867 0.17949562 0.25440964
v -0.09071071 0.27127132 0.16553549
v -0.05782759 0.29532197 0.15673006
v -0.10525823 0.24835721 0.13160315
v -0.05782759 0.29532197 0.15673006
v -0.03422723 0.31551236 0.15181158
v -0.06278281 0.27981091 0.12421702
v -0.10525823 0.24835721 0.13160315
v -0.06278281 0.27981091 0.12421702
v -0.10525346 0.23209292 0.08958942
v -0.05782759 0.29532197 0.15673006
v -0.06278281 0.27981091 0.12421702
v -0.10525823 0.24835721 0.13160315
v -0.03422723 0.31551236 0.15181158
v -0.00835597 0.32345980 0.15445240
v -0.02959478 0.29831073 0.12002672
v -0.00835597 0.32345980 0.15445240
v 0.00967792 0.32112008 0.14627510
v -0.00311737 0.30079579 0.11579122
v -0.02959478 0.29831073 0.12002672
v -0.00311737 0.30079579 0.11579122
v -0.02229179 0.26087430 0.07846508
v -0.00835597 0.32345980 0.15445240
v -0.00311737 0.30079579 0.11579122
v -0.02959478 0.29831073 0.12002672
v -0.10525346 0.23209292 0.08958942
v -0.06055961 0.24628253 0.07828748
v -0.09779953 0.20100877 0.04849327
v -0.06055961 0.24628253 0.07828748
v -0.02229179 0.26087430 0.07846508
v -0.04517832 0.21712656 0.03752061
v -0.09779953 0.20100877 0.04849327
v -0.04517832 0.21712656 0.03752061
v -0.07096533 0.17305990 0.00122038
v -0.06055961 0.24628253 0.07828748
v -0.04517832 0.21712656 0.03752061
v -0.09779953 0.20100877 0.04849327
v -0.03422723 0.31551236 0.15181158
v -0.02959478 0.29831073 0.12002672
v -0.06278281 0.27981091 0.12421702
v -0.02959478 0.29831073 0.12002672
v -0.02229179 0.26087430 0.07846508
v -0.06055961 0.24628253 0.07828748
v -0.06278281 0.27981091 0.12421702
v -0.06055961 0.24628253 0.07828748
v -0.10525346 0.23209292 0.08958942
v -0.02959478 0.29831073 0.12002672
v -0.06055961 0.24628253 0.07828748
v -0.06278281 0.27981091 0.12421702
v 0.01961682 0.02560528 0.08635091
v 0.05323600 0.05488048 0.05494568
v 0.05637920 0.02404709 0.10930447
v 0.05323600 0.05488048 0.05494568
v 0.08543337 0.08529296 0.03629119
v 0.09710420 0.05792994 0.08472916
v 0.05637920 0.02404709 0.10930447
v 0.09710420 0.05792994 0.08472916
v 0.09902289 0.03302464 0.13693418
v 0.05323600 0.05488048 0.05494568
v 0.09710420 0.05792994 0.08472916
v 0.05637920 0.02404709 0.10930447
v 0.08543337 0.08529296 0.03629119
v 0.11451145 0.12709811 0.02391743
v 0.13647375 0.09969773 0.06705260
v 0.11451145 0.12709811 0.02391743
v 0.12693608 0.17273711 0.04131718
v 0.15535606 0.14633402 0.06988099
v 0.13647375 0.09969773 0.06705260
v 0.15535606 0.14633402 0.06988099
v 0.17486385 0.12299538 0.11189981
v 0.11451145 0.12709811 0.02391743
v 0.15535606 0.14633402 0.06988099
v 0.13647375 0.09969773 0.06705260
v 0.09902289 0.03302464 0.13693418
v 0.14433412 0.07167608 0.12399334
v 0.13240197 0.05726049 0.16963577
v 0.14433412 0.07167608 0.12399334
v 0.17486385 0.12299538 0.11189981
v 0.17359884 0.09939530 0.16133356
v 0.13240197 0.05726049 0.16963577
v 0.17359884 0.09939530 0.16133356
v 0.16119011 0.08608193 0.20663363
v 0.14433412 0.07167608 0.12399334
v 0.17359884 0.09939530 0.16133356
v 0.13240197 0.05726049 0.16963577
v 0.08543337 0.08529296 0.03629119
v 0.13647375 0.09969773 0.06705260
v 0.09710420 0.05792994 0.08472916
v 0.13647375 0.09969773 0.06705260
v 0.17486385 0.12299538 0.11189981
v 0.14433412 0.07167608 0.12399334
v 0.09710420 0.05792994 0.08472916
v 0.14433412 0.07167608 0.12399334
v 0.09902289 0.03302464 0.13693418
v 0.13647375 0.09969773 0.06705260
v 0.14433412 0.07167608 0.12399334
v 0.09710420 0.05792994 0.08472916
v 0.01961682 0.02560528 0.08635091
v 0.05637920 0.02404709 0.10930447
v 0.00753612 0.01083205 0.13547353
v 0.05637920 0.02404709 0.10930447
v 0.09902289 0.03302464 0.13693418
v 0.05290327 0.00593650 0.15908368
v 0.00753612 0.01083205 0.13547353
v 0.05290327 0.00593650 0.15908368
v 0.00285360 0.00000000 0.17911361
v 0.05637920 0.02404709 0.10930447
v 0.05290327 0.00593650 0.15908368
v 0.00753612 0.01083205 0.13547353
v 0.09902289 0.03302464 0.13693418
v 0.13240197 0.05726049 0.16963577
v 0.09611259 0.02791427 0.19835316
v 0.13240197 0.05726049 0.16963577
v 0.16119011 0.08608193 0.20663363
v 0.12511285 0.05759381 0.23220611
v 0.09611259 0.02791427 0.19835316
v 0.12511285 0.05759381 0.23220611
v 0.08384988 0.03242374 0.25050724
v 0.13240197 0.05726049 0.16963577
v 0.12511285 0.05759381 0.23220611
v 0.09611259 0.02791427 0.19835316
v 0.00285360 0.00000000 0.17911361
v 0.04019164 0.00720370 0.21674958
v -0.00749753 0.00593853 0.22774899
v 0.04019164 0.00720370 0.21674958
v 0.08384988 0.03242374 0.25050724
v 0.03351837 0.02119764 0.26373768
v -0.00749753 0.00593853 0.22774899
v 0.03351837 0.02119764 0.26373768
v -0.01889656 0.02892741 0.27205613
v 0.04019164 0.00720370 0.21674958
v 0.03351837 0.02119764 0.26373768
v -0.00749753 0.00593853 0.22774899
v 0.09902289 0.03302464 0.13693418
v 0.09611259 0.02791427 0.19835316
v 0.05290327 0.00593650 0.15908368
v 0.09611259 0.02791427 0.19835316
v 0.08384988 0.03242374 0.25050724
v 0.04019164 0.00720370 0.21674958
v 0.05290327 0.00593650 0.15908368
v 0.04019164 0.00720370 0.21674958
v 0.00285360 0.00000000 0.17911361
v 0.09611259 0.02791427 0.19835316
v 0.04019164 0.00720370 0.21674958
v 0.05290327 0.00593650 0.15908368
v 0.01961682 0.02560528 0.08635091
v 0.00753612 0.01083205 0.13547353
v -0.03072232 0.02533086 0.09705304
v 0.00753612 0.01083205 0.13547353
v 0.00285360 0.00000000 0.17911361
v -0.04372134 0.00907382 0.13902651
v -0.03072232 0.02533086 0.09705304
v -0.04372134 0.00907382 0.13902651
v -0.08021489 0.03369358 0.10712682
v 0.00753612 0.01083205 0.13547353
v -0.04372134 0.00907382 0.13902651
v -0.03072232 0.02533086 0.09705304
v 0.00285360 0.00000000 0.17911361
v -0.00749753 0.00593853 0.22774899
v -0.05471824 0.01171680 0.20322712
v -0.00749753 0.00593853 0.22774899
v -0.01889656 0.02892741 0.27205613
v -0.05834871 0.02129153 0.25121367
v -0.05471824 0.01171680 0.20322712
v -0.05834871 0.02129153 0.25121367
v -0.10322265 0.03104319 0.21930930
v -0.00749753 0.00593853 0.22774899
v -0.05834871 0.02129153 0.25121367
v -0.05471824 0.01171680 0.20322712
v -0.08021489 0.03369358 0.10712682
v -0.09818400 0.02447614 0.16701147
v -0.12278583 0.05257379 0.13073508
v -0.09818400 0.02447614 0.16701147
v -0.10322265 0.03104319 0.21930930
v -0.13715951 0.05758571 0.18882315
v -0.12278583 0.05257379 0.13073508
v -0.13715951 0.05758571 0.18882315
v -0.15896043 0.08455315 0.14992328
v -0.09818400 0.02447614 0.16701147
v -0.13715951 0.05758571 0.18882315
v -0.12278583 0.05257379 0.13073508
v 0.00285360 0.00000000 0.17911361
v -0.05471824 0.01171680 0.20322712
v -0.04372134 0.00907382 0.13902651
v -0.05471824 0.01171680 0.20322712
v -0.10322265 0.03104319 0.21930930
v -0.09818400 0.02447614 0.16701147
v -0.04372134 0.00907382 0.13902651
v -0.09818400 0.02447614 0.16701147
v -0.08021489 0.03369358 0.10712682
v -0.05471824 0.01171680 0.20322712
v -0.09818400 0.02447614 0.16701147
v -0.04372134 0.00907382 0.13902651
v 0.01961682 0.02560528 0.08635091
v -0.03072232 0.02533086 0.09705304
v -0.00461488 0.05349278 0.04716984
v -0.03072232 0.02533086 0.09705304
v -0.08021489 0.03369358 0.10712682
v -0.05709539 0.05628482 0.05885048
v -0.00461488 0.05349278 0.04716984
v -0.05709539 0.05628482 0.05885048
v -0.03131719 0.08635154 0.01761970
v -0.03072232 0.02533086 0.09705304
v -0.05709539 0.05628482 0.05885048
v -0.00461488 0.05349278 0.04716984
v -0.08021489 0.03369358 0.10712682
v -0.12278583 0.05257379 0.13073508
v -0.11891317 0.07339583 0.08070762
v -0.12278583 0.05257379 0.13073508
v -0.15896043 0.08455315 0.14992328
v -0.15961979 0.09755500 0.10131097
v -0.11891317 0.07339583 0.08070762
v -0.15961979 0.09755500 0.10131097
v -0.14052665 0.12369600 0.05421672
v -0.12278583 0.05257379 0.13073508
v -0.15961979 0.09755500 0.10131097
v -0.11891317 0.07339583 0.08070762
v -0.03131719 0.08635154 0.01761970
v -0.09157202 0.09839509 0.02414755
v -0.05655613 0.12932228 -0.00415985
v -0.09157202 0.09839509 0.02414755
v -0.14052665 0.12369600 0.05421672
v -0.11295838 0.14992648 0.01943479
v -0.05655613 0.12932228 -0.00415985
v -0.11295838 0.14992648 0.01943479
v -0.07096533 0.17305990 0.00122038
v -0.09157202 0.09839509 0.02414755
v -0.11295838 0.14992648 0.01943479
v -0.05655613 0.12932228 -0.00415985
v -0.08021489 0.03369358 0.10712682
v -0.11891317 0.07339583 0.08070762
v -0.05709539 0.05628482 0.05885048
v -0.11891317 0.07339583 0.08070762
v -0.14052665 0.12369600 0.05421672
v -0.09157202 0.09839509 0.02414755
v -0.05709539 0.05628482 0.05885048
v -0.09157202 0.09839509 0.02414755
v -0.03131719 0.08635154 0.01761970
v -0.11891317 0.07339583 0.08070762
v -0.09157202 0.09839509 0.02414755
v -0.05709539 0.05628482 0.05885048
v 0.01961682 0.02560528 0.08635091
v -0.00461488 0.05349278 0.04716984
v 0.05323600 0.05488048 0.05494568
v -0.00461488 0.05349278 0.04716984
v -0.03131719 0.08635154 0.01761970
v 0.02584739 0.08461635 0.01914777
v 0.05323600 0.05488048 0.05494568
v 0.02584739 0.08461635 0.01914777
v 0.08543337 0.08529296 0.03629119
v -0.00461488 0.05349278 0.04716984
v 0.02584739 0.08461635 0.01914777
v 0.05323600 0.05488048 0.05494568
v -0.03131719 0.08635154 0.01761970
v -0.05655613 0.12932228 -0.00415985
v 0.00043198 0.13002092 -0.00869669
v -0.05655613 0.12932228 -0.00415985
v -0.07096533 0.17305990 0.00122038
v -0.01749642 0.17625225 -0.01123226
v 0.00043198 0.13002092 -0.00869669
v -0.01749642 0.17625225 -0.01123226
v 0.02914749 0.17220399 -0.00697340
v -0.05655613 0.12932228 -0.00415985
v -0.01749642 0.17625225 -0.01123226
v 0.00043198 0.13002092 -0.00869669
v 0.08543337 0.08529296 0.03629119
v 0.06501415 0.12943853 -0.00265557
v 0.11451145 0.12709811 0.02391743
v 0.06501415 0.12943853 -0.00265557
v 0.02914749 0.17220399 -0.00697340
v 0.08082208 0.17907099 0.00577223
v 0.11451145 0.12709811 0.02391743
v 0.08082208 0.17907099 0.00577223
v 0.12693608 0.17273711 0.04131718
v 0.06501415 0.12943853 -0.00265557
v 0.08082208 0.17907099 0.00577223
v 0.11451145 0.12709811 0.02391743
v -0.03131719 0.08635154 0.01761970
v 0.00043198 0.13002092 -0.00869669
v 0.02584739 0.08461635 0.01914777
v 0.00043198 0.13002092 -0.00869669
v 0.02914749 0.17220399 -0.00697340
v 0.06501415 0.12943853 -0.00265557
v 0.02584739 0.08461635 0.01914777
v 0.06501415 0.12943853 -0.00265557
v 0.08543337 0.08529296 0.03629119
v 0.00043198 0.13002092 -0.00869669
v 0.06501415 0.12943853 -0.00265557
v 0.02584739 0.08461635 0.01914777
v 0.16119011 0.08608193 0.20663363
v 0.17359884 0.09939530 0.16133356
v 0.18901837 0.13082871 0.20942877
v 0.17359884 0.09939530 0.16133356
v 0.17486385 0.12299538 0.11189981
v 0.19475864 0.15066317 0.16314791
v 0.18901837 0.13082871 0.20942877
v 0.19475864 0.15066317 0.16314791
v 0.18749848 0.17774862 0.21067357
v 0.17359884 0.09939530 0.16133356
v 0.19475864 0.15066317 0.16314791
v 0.18901837 0.13082871 0.20942877
v 0.17486385 0.12299538 0.11189981
v 0.15535606 0.14633402 0.06988099
v 0.18075009 0.17260204 0.10610567
v 0.15535606 0.14633402 0.06988099
v 0.12693608 0.17273711 0.04131718
v 0.13166009 0.20467499 0.08419471
v 0.18075009 0.17260204 0.10610567
v 0.13166009 0.20467499 0.08419471
v 0.12782578 0.22799286 0.12999608
v 0.15535606 0.14633402 0.06988099
v 0.13166009 0.20467499 0.08419471
v 0.18075009 0.17260204 0.10610567
v 0.18749848 0.17774862 0.21067357
v 0.16410145 0.20099008 0.16117296
v 0.14248234 0.22550052 0.20606920
v 0.16410145 0.20099008 0.16117296
v 0.12782578 0.22799286 0.12999608
v 0.11495860 0.25265399 0.16394377
v 0.14248234 0.22550052 0.20606920
v 0.11495860 0.25265399 0.16394377
v 0.08980253 0.26794240 0.19770315
v 0.16410145 0.20099008 0.16117296
v 0.11495860 0.25265399 0.16394377
v 0.14248234 0.22550052 0.20606920
v 0.17486385 0.12299538 0.11189981
v 0.18075009 0.17260204 0.10610567
v 0.19475864 0.15066317 0.16314791
v 0.18075009 0.17260204 0.10610567
v 0.12782578 0.22799286 0.12999608
v 0.16410145 0.20099008 0.16117296
v 0.19475864 0.15066317 0.16314791
v 0.16410145 0.20099008 0.16117296
v 0.18749848 0.17774862 0.21067357
v 0.18075009 0.17260204 0.10610567
v 0.16410145 0.20099008 0.16117296
v 0.19475864 0.15066317 0.16314791
v -0.01889656 0.02892741 0.27205613
v 0.03351837 0.02119764 0.26373768
v 0.00932296 0.05349206 0.31703210
v 0.03351837 0.02119764 0.26373768
v 0.08384988 0.03242374 0.25050724
v 0.06244618 0.05849173 0.30023083
v 0.00932296 0.05349206 0.31703210
v 0.06244618 0.05849173 0.30023083
v 0.03389497 0.09085570 0.34722367
v 0.03351837 0.02119764 0.26373768
v 0.06244618 0.05849173 0.30023083
v 0.00932296 0.05349206 0.31703210
v 0.08384988 0.03242374 0.25050724
v 0.12511285 0.05759381 0.23220611
v 0.11264562 0.07451733 0.28452912
v 0.12511285 0.05759381 0.23220611
v 0.16119011 0.08608193 0.20663363
v 0.15711127 0.09657168 0.26105163
v 0.11264562 0.07451733 0.28452912
v 0.15711127 0.09657168 0.26105163
v 0.14320165 0.12088156 0.30400002
v 0.12511285 0.05759381 0.23220611
v 0.15711127 0.09657168 0.26105163
v 0.11264562 0.07451733 0.28452912
v 0.03389497 0.09085570 0.34722367
v 0.09151586 0.09750684 0.33151975
v 0.05185834 0.13281697 0.36463502
v 0.09151586 0.09750684 0.33151975
v 0.14320165 0.12088156 0.30400002
v 0.11328263 0.14843403 0.33663350
v 0.05185834 0.13281697 0.36463502
v 0.11328263 0.14843403 0.33663350
v 0.06845728 0.17525923 0.35713872
v 0.09151586 0.09750684 0.33151975
v 0.11328263 0.14843403 0.33663350
v 0.05185834 0.13281697 0.36463502
v 0.08384988 0.03242374 0.25050724
v 0.11264562 0.07451733 0.28452912
v 0.06244618 0.05849173 0.30023083
v 0.11264562 0.07451733 0.28452912
v 0.14320165 0.12088156 0.30400002
v 0.09151586 0.09750684 0.33151975
v 0.06244618 0.05849173 0.30023083
v 0.09151586 0.09750684 0.33151975
v 0.03389497 0.09085570 0.34722367
v 0.11264562 0.07451733 0.28452912
v 0.09151586 0.09750684 0.33151975
v 0.06244618 0.05849173 0.30023083
v -0.15896043 0.08455315 0.14992328
v -0.13715951 0.05758571 0.18882315
v -0.17448474 0.10140977 0.20238528
v -0.13715951 0.05758571 0.18882315
v -0.10322265 0.03104319 0.21930930
v -0.14155574 0.07653341 0.23889001
v -0.17448474 0.10140977 0.20238528
v -0.14155574 0.07653341 0.23889001
v -0.17726174 0.12101971 0.24874844
v -0.13715951 0.05758571 0.18882315
v -0.14155574 0.07653341 0.23889001
v -0.17448474 0.10140977 0.20238528
v -0.10322265 0.03104319 0.21930930
v -0.05834871 0.02129153 0.25121367
v -0.09834660 0.05855839 0.27780044
v -0.05834871 0.02129153 0.25121367
v -0.01889656 0.02892741 0.27205613
v -0.05296938 0.05474491 0.29941443
v -0.09834660 0.05855839 0.27780044
v -0.05296938 0.05474491 0.29941443
v -0.08359777 0.09175619 0.32623559
v -0.05834871 0.02129153 0.25121367
v -0.05296938 0.05474491 0.29941443
v -0.09834660 0.05855839 0.27780044
v -0.17726174 0.12101971 0.24874844
v -0.13533817 0.09804621 0.29218546
v -0.15634261 0.14963634 0.28857926
v -0.13533817 0.09804621 0.29218546
v -0.08359777 0.09175619 0.32623559
v -0.11673165 0.12853722 0.33453721
v -0.15634261 0.14963634 0.28857926
v -0.11673165 0.12853722 0.33453721
v -0.12715361 0.17924286 0.32036176
v -0.13533817 0.09804621 0.29218546
v -0.11673165 0.12853722 0.33453721
v -0.15634261 0.14963634 0.28857926
v -0.10322265 0.03104319 0.21930930
v -0.09834660 0.05855839 0.27780044
v -0.14155574 0.07653341 0.23889001
v -0.09834660 0.05855839 0.27780044
v -0.08359777 0.09175619 0.32623559
v -0.13533817 0.09804621 0.29218546
v -0.14155574 0.07653341 0.23889001
v -0.13533817 0.09804621 0.29218546
v -0.17726174 0.12101971 0.24874844
v -0.09834660 0.05855839 0.27780044
v -0.13533817 0.09804621 0.29218546
v -0.14155574 0.07653341 0.23889001
v -0.07096533 0.17305990 0.00122038
v -0.11295838 0.14992648 0.01943479
v -0.09779953 0.20100877 0.04849327
v -0.11295838 0.14992648 0.01943479
v -0.14052665 0.12369600 0.05421672
v -0.14232458 0.17349789 0.05605896
v -0.09779953 0.20100877 0.04849327
v -0.14232458 0.17349789 0.05605896
v -0.10525346 0.23209292 0.08958942
v -0.11295838 0.14992648 0.01943479
v -0.14232458 0.17349789 0.05605896
v -0.09779953 0.20100877 0.04849327
v -0.14052665 0.12369600 0.05421672
v -0.15961979 0.09755500 0.10131097
v -0.17666829 0.14555499 0.09480076
v -0.15961979 0.09755500 0.10131097
v -0.15896043 0.08455315 0.14992328
v -0.19099157 0.12452832 0.14597078
v -0.17666829 0.14555499 0.09480076
v -0.19099157 0.12452832 0.14597078
v -0.18835057 0.17321946 0.14802764
v -0.15961979 0.09755500 0.10131097
v -0.19099157 0.12452832 0.14597078
v -0.17666829 0.14555499 0.09480076
v -0.10525346 0.23209292 0.08958942
v -0.14519307 0.20396946 0.11223277
v -0.10525823 0.24835721 0.13160315
v -0.14519307 0.20396946 0.11223277
v -0.18835057 0.17321946 0.14802764
v -0.14081097 0.22705428 0.15637003
v -0.10525823 0.24835721 0.13160315
v -0.14081097 0.22705428 0.15637003
v -0.09071071 0.27127132 0.16553549
v -0.14519307 0.20396946 0.11223277
v -0.14081097 0.22705428 0.15637003
v -0.10525823 0.24835721 0.13160315
v -0.14052665 0.12369600 0.05421672
v -0.17666829 0.14555499 0.09480076
v -0.14232458 0.17349789 0.05605896
v -0.17666829 0.14555499 0.09480076
v -0.18835057 0.17321946 0.14802764
v -0.14519307 0.20396946 0.11223277
v -0.14232458 0.17349789 0.05605896
v -0.14519307 0.20396946 0.11223277
v -0.10525346 0.23209292 0.08958942
v -0.17666829 0.14555499 0.09480076
v -0.14519307 0.20396946 0.11223277
v -0.14232458 0.17349789 0.05605896
v 0.12693608 0.17273711 0.04131718
v 0.08082208 0.17907099 0.00577223
v 0.08948953 0.21779725 0.06286659
v 0.08082208 0.17907099 0.00577223
v 0.02914749 0.17220399 -0.00697340
v 0.05054502 0.22168531 0.04348239
v 0.08948953 0.21779725 0.06286659
v 0.05054502 0.22168531 0.04348239
v 0.05215812 0.25972316 0.09804961
v 0.08082208 0.17907099 0.00577223
v 0.05054502 0.22168531 0.04348239
v 0.08948953 0.21779725 0.06286659
v 0.02914749 0.17220399 -0.00697340
v -0.01749642 0.17625225 -0.01123226
v 0.00127234 0.21826465 0.03397661
v -0.01749642 0.17625225 -0.01123226
v -0.07096533 0.17305990 0.00122038
v -0.04517832 0.21712656 0.03752061
v 0.00127234 0.21826465 0.03397661
v -0.04517832 0.21712656 0.03752061
v -0.02229179 0.26087430 0.07846508
v -0.01749642 0.17625225 -0.01123226
v -0.04517832 0.21712656 0.03752061
v 0.00127234 0.21826465 0.03397661
v 0.05215812 0.25972316 0.09804961
v 0.02039382 0.27072695 0.08433138
v 0.02249025 0.29475495 0.12440307
v 0.02039382 0.27072695 0.08433138
v -0.02229179 0.26087430 0.07846508
v -0.00311737 0.30079579 0.11579122
v 0.02249025 0.29475495 0.12440307
v -0.00311737 0.30079579 0.11579122
v 0.00967792 0.32112008 0.14627510
v 0.02039382 0.27072695 0.08433138
v -0.00311737 0.30079579 0.11579122
v 0.02249025 0.29475495 0.12440307
v 0.02914749 0.17220399 -0.00697340
v 0.00127234 0.21826465 0.03397661
v 0.05054502 0.22168531 0.04348239
v 0.00127234 0.21826465 0.03397661
v -0.02229179 0.26087430 0.07846508
v 0.02039382 0.27072695 0.08433138
v 0.05054502 0.22168531 0.04348239
v 0.02039382 0.27072695 0.08433138
v 0.05215812 0.25972316 0.09804961
v 0.00127234 0.21826465 0.03397661
v 0.02039382 0.27072695 0.08433138
v 0.05054502 0.22168531 0.04348239
f 4441 4442 4443
f 4444 4445 4446
f 4447 4448 4449
f 4450 4451 4452
f 4453 4454 4455
f 4456 4457 4458
f 4459 4460 4461
f 4462 4463 4464
f 4465 4466 4467
f 4468 4469 4470
f 4471 4472 4473
f 4474 4475 4476
f 4477 4478 4479
f 4480 4481 4482
f 4483 4484 4485
f 4486 4487 4488
f 4489 4490 4491
f 4492 4493 4494
f 4495 4496 4497
f 4498 4499 4500
f 4501 4502 4503
f 4504 4505 4506
f 4507 4508 4509
f 4510 4511 4512
f 4513 4514 4515
f 4516 4517 4518
f 4519 4520 4521
f 4522 4523 4524
f 4525 4526 4527
f 4528 4529 4530
f 4531 4532 4533
f 4534 4535 4536
f 4537 4538 4539
f 4540 4541 4542
f 4543 4544 4545
f 4546 4547 4548
f 4549 4550 4551
f 4552 4553 4554
f 4555 4556 4557
f 4558 4559 4560
f 4561 4562 4563
f 4564 4565 4566
f 4567 4568 4569
f 4570 4571 4572
f 4573 4574 4575
f 4576 4577 4578
f 4579 4580 4581
f 4582 4583 4584
f 4585 4586 4587
f 4588 4589 4590
f 4591 4592 4593
f 4594 4595 4596
f 4597 4598 4599
f 4600 4601 4602
f 4603 4604 4605
f 4606 4607 4608
f 4609 4610 4611
f 4612 4613 4614
f 4615 4616 4617
f 4618 4619 4620
f 4621 4622 4623
f 4624 4625 4626
f 4627 4628 4629
f 4630 4631 4632
f 4633 4634 4635
f 4636 4637 4638
f 4639 4640 4641
f 4642 4643 4644
f 4645 4646 4647
f 4648 4649 4650
f 4651 4652 4653
f 4654 4655 4656
f 4657 4658 4659
f 4660 4661 4662
f 4663 4664 4665
f 4666 4667 4668
f 4669 4670 4671
f 4672 4673 4674
f 4675 4676 4677
f 4678 4679 4680
f 4681 4682 4683
f 4684 4685 4686
f 4687 4688 4689
f 4690 4691 4692
f 4693 4694 4695
f 4696 4697 4698
f 4699 4700 4701
f 4702 4703 4704
f 4705 4706 4707
f 4708 4709 4710
f 4711 4712 4713
f 4714 4715 4716
f 4717 4718 4719
f 4720 4721 4722
f 4723 4724 4725
f 4726 4727 4728
f 4729 4730 4731
f 4732 4733 4734
f 4735 4736 4737
f 4738 4739 4740
f 4741 4742 4743
f 4744 4745 4746
f 4747 4748 4749
f 4750 4751 4752
f 4753 4754 4755
f 4756 4757 4758
f 4759 4760 4761
f 4762 4763 4764
f 4765 4766 4767
f 4768 4769 4770
f 4771 4772 4773
f 4774 4775 4776
f 4777 4778 4779
f 4780 4781 4782
f 4783 4784 4785
f 4786 4787 4788
f 4789 4790 4791
f 4792 4793 4794
f 4795 4796 4797
f 4798 4799 4800
f 4801 4802 4803
f 4804 4805 4806
f 4807 4808 4809
f 4810 4811 4812
f 4813 4814 4815
f 4816 4817 4818
f 4819 4820 4821
f 4822 4823 4824
f 4825 4826 4827
f 4828 4829 4830
f 4831 4832 4833
f 4834 4835 4836
f 4837 4838 4839
f 4840 4841 4842
f 4843 4844 4845
f 4846 4847 4848
f 4849 4850 4851
f 4852 4853 4854
f 4855 4856 4857
f 4858 4859 4860
f 4861 4862 4863
f 4864 4865 4866
f 4867 4868 4869
f 4870 4871 4872
f 4873 4874 4875
f 4876 4877 4878
f 4879 4880 4881
f 4882 4883 4884
f 4885 4886 4887
f 4888 4889 4890
f 4891 4892 4893
f 4894 4895 4896
f 4897 4898 4899
f 4900 4901 4902
f 4903 4904 4905
f 4906 4907 4908
f 4909 4910 4911
f 4912 4913 4914
f 4915 4916 4917
f 4918 4919 4920
f 4921 4922 4923
f 4924 4925 4926
f 4927 4928 4929
f 4930 4931 4932
f 4933 4934 4935
f 4936 4937 4938
f 4939 4940 4941
f 4942 4943 4944
f 4945 4946 4947
f 4948 4949 4950
f 4951 4952 4953
f 4954 4955 4956
f 4957 4958 4959
f 4960 4961 4962
f 4963 4964 4965
f 4966 4967 4968
f 4969 4970 4971
f 4972 4973 4974
f 4975 4976 4977
f 4978 4979 4980
f 4981 4982 4983
f 4984 4985 4986
f 4987 4988 4989
f 4990 4991 4992
f 4993 4994 4995
f 4996 4997 4998
f 4999 5000 5001
f 5002 5003 5004
f 5005 5006 5007
f 5008 5009 5010
f 5011 5012 5013
f 5014 5015 5016
f 5017 5018 5019
f 5020 5021 5022
f 5023 5024 5025
f 5026 5027 5028
f 5029 5030 5031
f 5032 5033 5034
f 5035 5036 5037
f 5038 5039 5040
f 5041 5042 5043
f 5044 5045 5046
f 5047 5048 5049
f 5050 5051 5052
f 5053 5054 5055
f 5056 5057 5058
f 5059 5060 5061
f 5062 5063 5064
f 5065 5066 5067
f 5068 5069 5070
f 5071 5072 5073
f 5074 5075 5076
f 5077 5078 5079
f 5080 5081 5082
f 5083 5084 5085
f 5086 5087 5088
f 5089 5090 5091
f 5092 5093 5094
f 5095 5096 5097
f 5098 5099 5100
f 5101 5102 5103
f 5104 5105 5106
f 5107 5108 5109
f 5110 5111 5112
f 5113 5114 5115
f 5116 5117 5118
f 5119 5120 5121
f 5122 5123 5124
f 5125 5126 5127
f 5128 5129 5130
f 5131 5132 5133
f 5134 5135 5136
f 5137 5138 5139
f 5140 5141 5142
f 5143 5144 5145
f 5146 5147 5148
f 5149 5150 5151
f 5152 5153 5154
f 5155 5156 5157
f 5158 5159 5160
f 5161 5162 5163
f 5164 5165 5166
f 5167 5168 5169
f 5170 5171 5172
f 5173 5174 5175
f 5176 5177 5178
f 5179 5180 5181
f 5182 5183 5184
f 5185 5186 5187
f 5188 5189 5190
f 5191 5192 5193
f 5194 5195 5196
f 5197 5198 5199
f 5200 5201 5202
f 5203 5204 5205
f 5206 5207 5208
f 5209 5210 5211
f 5212 5213 5214
f 5215 5216 5217
f 5218 5219 5220
f 5221 5222 5223
f 5224 5225 5226
f 5227 5228 5229
f 5230 5231 5232
f 5233 5234 5235
f 5236 5237 5238
f 5239 5240 5241
f 5242 5243 5244
f 5245 5246 5247
f 5248 5249 5250
f 5251 5252 5253
f 5254 5255 5256
f 5257 5258 5259
f 5260 5261 5262
f 5263 5264 5265
f 5266 5267 5268
f 5269 5270 5271
f 5272 5273 5274
f 5275 5276 5277
f 5278 5279 5280
f 5281 5282 5283
f 5284 5285 5286
f 5287 5288 5289
f 5290 5291 5292
f 5293 5294 5295
f 5296 5297 5298
f 5299 5300 5301
f 5302 5303 5304
f 5305 5306 5307
f 5308 5309 5310
f 5311 5312 5313
f 5314 5315 5316
f 5317 5318 5319
f 5320 5321 5322
f 5323 5324 5325
f 5326 5327 5328
f 5329 5330 5331
f 5332 5333 5334
f 5335 5336 5337
f 5338 5339 5340
f 5341 5342 5343
f 5344 5345 5346
f 5347 5348 5349
f 5350 5351 5352
f 5353 5354 5355
f 5356 5357 5358
f 5359 5360 5361
f 5362 5363 5364
f 5365 5366 5367
f 5368 5369 5370
f 5371 5372 5373
f 5374 5375 5376
f 5377 5378 5379
f 5380 5381 5382
f 5383 5384 5385
f 5386 5387 5388
f 5389 5390 5391
f 5392 5393 5394
f 5395 5396 5397
f 5398 5399 5400

o geometry_5
usemtl material_2
v 0.14307772 0.40733886 -0.06157716
v 0.12715441 0.39366347 -0.05786874
v 0.13904281 0.40571514 -0.04071084
v 0.12715441 0.39366347 -0.05786874
v 0.12104202 0.37416345 -0.05180995
v 0.12609054 0.38621512 -0.03496982
v 0.13904281 0.40571514 -0.04071084
v 0.12609054 0.38621512 -0.03496982
v 0.14126778 0.39466697 -0.02261918
v 0.12715441 0.39366347 -0.05786874
v 0.12609054 0.38621512 -0.03496982
v 0.13904281 0.40571514 -0.04071084
v 0.14307772 0.40733886 -0.06157716
v 0.13904281 0.40571514 -0.04071084
v 0.16000000 0.41316345 -0.05000000
v 0.13904281 0.40571514 -0.04071084
v 0.14126778 0.39466697 -0.02261918
v 0.15893614 0.40571514 -0.02710108
v 0.16000000 0.41316345 -0.05000000
v 0.15893614 0.40571514 -0.02710108
v 0.17692228 0.40733886 -0.03842285
v 0.13904281 0.40571514 -0.04071084
v 0.15893614 0.40571514 -0.02710108
v 0.16000000 0.41316345 -0.05000000
v 0.14307772 0.40733886 -0.06157716
v 0.16000000 0.41316345 -0.05000000
v 0.16106386 0.40571514 -0.07289892
v 0.16000000 0.41316345 -0.05000000
v 0.17692228 0.40733886 -0.03842285
v 0.18095720 0.40571514 -0.05928916
v 0.16106386 0.40571514 -0.07289892
v 0.18095720 0.40571514 -0.05928916
v 0.17873223 0.39466697 -0.07738082
v 0.16000000 0.41316345 -0.05000000
v 0.18095720 0.40571514 -0.05928916
v 0.16106386 0.40571514 -0.07289892
v 0.14307772 0.40733886 -0.06157716
v 0.16106386 0.40571514 -0.07289892
v 0.14076418 0.39366347 -0.07776207
v 0.16106386 0.40571514 -0.07289892
v 0.17873223 0.39466697 -0.07738082
v 0.16172136 0.38621512 -0.08705124
v 0.14076418 0.39366347 -0.07776207
v 0.16172136 0.38621512 -0.08705124
v 0.14419633 0.37416345 -0.08565451
v 0.16106386 0.40571514 -0.07289892
v 0.16172136 0.38621512 -0.08705124
v 0.14076418 0.39366347 -0.07776207
v 0.14307772 0.40733886 -0.06157716
v 0.14076418 0.39366347 -0.07776207
v 0.12715441 0.39366347 -0.05786874
v 0.14076418 0.39366347 -0.07776207
v 0.14419633 0.37416345 -0.08565451
v 0.12781191 0.37416345 -0.07202106
v 0.12715441 0.39366347 -0.05786874
v 0.12781191 0.37416345 -0.07202106
v 0.12104202 0.37416345 -0.05180995
v 0.14076418 0.39366347 -0.07776207
v 0.12781191 0.37416345 -0.07202106
v 0.12715441 0.39366347 -0.05786874
v 0.17692228 0.40733886 -0.03842285
v 0.15893614 0.40571514 -0.02710108
v 0.17923583 0.39366347 -0.02223792
v 0.15893614 0.40571514 -0.02710108
v 0.14126778 0.39466697 -0.02261918
v 0.15827863 0.38621512 -0.01294876
v 0.17923583 0.39366347 -0.02223792
v 0.15827863 0.38621512 -0.01294876
v 0.17580368 0.37416345 -0.01434549
v 0.15893614 0.40571514 -0.02710108
v 0.15827863 0.38621512 -0.01294876
v 0.17923583 0.39366347 -0.02223792
v 0.14126778 0.39466697 -0.02261918
v 0.12609054 0.38621512 -0.03496982
v 0.13797894 0.37416345 -0.01781191
v 0.12609054 0.38621512 -0.03496982
v 0.12104202 0.37416345 -0.05180995
v 0.12609054 0.36211181 -0.03496982
v 0.13797894 0.37416345 -0.01781191
v 0.12609054 0.36211181 -0.03496982
v 0.14126778 0.35365996 -0.02261918
v 0.12609054 0.38621512 -0.03496982
v 0.12609054 0.36211181 -0.03496982
v 0.13797894 0.37416345 -0.01781191
v 0.12104202 0.37416345 -0.05180995
v 0.12781191 0.37416345 -0.07202106
v 0.12715441 0.35466346 -0.05786874
v 0.12781191 0.37416345 -0.07202106
v 0.14419633 0.37416345 -0.08565451
v 0.14076418 0.35466346 -0.07776207
v 0.12715441 0.35466346 -0.05786874
v 0.14076418 0.35466346 -0.07776207
v 0.14307772 0.34098807 -0.06157716
v 0.12781191 0.37416345 -0.07202106
v 0.14076418 0.35466346 -0.07776207
v 0.12715441 0.35466346 -0.05786874
v 0.14419633 0.37416345 -0.08565451
v 0.16172136 0.38621512 -0.08705124
v 0.16172136 0.36211181 -0.08705124
v 0.16172136 0.38621512 -0.08705124
v 0.17873223 0.39466697 -0.07738082
v 0.18202105 0.37416345 -0.08218809
v 0.16172136 0.36211181 -0.08705124
v 0.18202105 0.37416345 -0.08218809
v 0.17873223 0.35365996 -0.07738082
v 0.16172136 0.38621512 -0.08705124
v 0.18202105 0.37416345 -0.08218809
v 0.16172136 0.36211181 -0.08705124
v 0.17873223 0.39466697 -0.07738082
v 0.18095720 0.40571514 -0.05928916
v 0.19390945 0.38621512 -0.06503018
v 0.18095720 0.40571514 -0.05928916
v 0.17692228 0.40733886 -0.03842285
v 0.19284560 0.39366347 -0.04213126
v 0.19390945 0.38621512 -0.06503018
v 0.19284560 0.39366347 -0.04213126
v 0.19895798 0.37416345 -0.04819005
v 0.18095720 0.40571514 -0.05928916
v 0.19284560 0.39366347 -0.04213126
v 0.19390945 0.38621512 -0.06503018
v 0.17692228 0.34098807 -0.03842285
v 0.17923583 0.35466346 -0.02223792
v 0.15893614 0.34261179 -0.02710108
v 0.17923583 0.35466346 -0.02223792
v 0.17580368 0.37416345 -0.01434549
v 0.15827863 0.36211181 -0.01294876
v 0.15893614 0.34261179 -0.02710108
v 0.15827863 0.36211181 -0.01294876
v 0.14126778 0.35365996 -0.02261918
v 0.17923583 0.35466346 -0.02223792
v 0.15827863 0.36211181 -0.01294876
v 0.15893614 0.34261179 -0.02710108
v 0.17692228 0.34098807 -0.03842285
v 0.15893614 0.34261179 -0.02710108
v 0.16000000 0.33516347 -0.05000000
v 0.15893614 0.34261179 -0.02710108
v 0.14126778 0.35365996 -0.02261918
v 0.13904281 0.34261179 -0.04071084
v 0.16000000 0.33516347 -0.05000000
v 0.13904281 0.34261179 -0.04071084
v 0.14307772 0.34098807 -0.06157716
v 0.15893614 0.34261179 -0.02710108
v 0.13904281 0.34261179 -0.04071084
v 0.16000000 0.33516347 -0.05000000
v 0.17692228 0.34098807 -0.03842285
v 0.16000000 0.33516347 -0.05000000
v 0.18095720 0.34261179 -0.05928916
v 0.16000000 0.33516347 -0.05000000
v 0.14307772 0.34098807 -0.06157716
v 0.16106386 0.34261179 -0.07289892
v 0.18095720 0.34261179 -0.05928916
v 0.16106386 0.34261179 -0.07289892
v 0.17873223 0.35365996 -0.07738082
v 0.16000000 0.33516347 -0.05000000
v 0.16106386 0.34261179 -0.07289892
v 0.18095720 0.34261179 -0.05928916
v 0.17692228 0.34098807 -0.03842285
v 0.18095720 0.34261179 -0.05928916
v 0.19284560 0.35466346 -0.04213126
v 0.18095720 0.34261179 -0.05928916
v 0.17873223 0.35365996 -0.07738082
v 0.19390945 0.36211181 -0.06503018
v 0.19284560 0.35466346 -0.04213126
v 0.19390945 0.36211181 -0.06503018
v 0.19895798 0.37416345 -0.04819005
v 0.18095720 0.34261179 -0.05928916
v 0.19390945 0.36211181 -0.06503018
v 0.19284560 0.35466346 -0.04213126
v 0.17692228 0.34098807 -0.03842285
v 0.19284560 0.35466346 -0.04213126
v 0.17923583 0.35466346 -0.02223792
v 0.19284560 0.35466346 -0.04213126
v 0.19895798 0.37416345 -0.04819005
v 0.19218808 0.37416345 -0.02797894
v 0.17923583 0.35466346 -0.02223792
v 0.19218808 0.37416345 -0.02797894
v 0.17580368 0.37416345 -0.01434549
v 0.19284560 0.35466346 -0.04213126
v 0.19218808 0.37416345 -0.02797894
v 0.17923583 0.35466346 -0.02223792
v 0.14126778 0.35365996 -0.02261918
v 0.15827863 0.36211181 -0.01294876
v 0.13797894 0.37416345 -0.01781191
v 0.15827863 0.36211181 -0.01294876
v 0.17580368 0.37416345 -0.01434549
v 0.15827863 0.38621512 -0.01294876
v 0.13797894 0.37416345 -0.01781191
v 0.15827863 0.38621512 -0.01294876
v 0.14126778 0.39466697 -0.02261918
v 0.15827863 0.36211181 -0.01294876
v 0.15827863 0.38621512 -0.01294876
v 0.13797894 0.37416345 -0.01781191
v 0.14307772 0.34098807 -0.06157716
v 0.13904281 0.34261179 -0.04071084
v 0.12715441 0.35466346 -0.05786874
v 0.13904281 0.34261179 -0.04071084
v 0.14126778 0.35365996 -0.02261918
v 0.12609054 0.36211181 -0.03496982
v 0.12715441 0.35466346 -0.05786874
v 0.12609054 0.36211181 -0.03496982
v 0.12104202 0.37416345 -0.05180995
v 0.13904281 0.34261179 -0.04071084
v 0.12609054 0.36211181 -0.03496982
v 0.12715441 0.35466346 -0.05786874
v 0.17873223 0.35365996 -0.07738082
v 0.16106386 0.34261179 -0.07289892
v 0.16172136 0.36211181 -0.08705124
v 0.16106386 0.34261179 -0.07289892
v 0.14307772 0.34098807 -0.06157716
v 0.14076418 0.35466346 -0.07776207
v 0.16172136 0.36211181 -0.08705124
v 0.14076418 0.35466346 -0.07776207
v 0.14419633 0.37416345 -0.08565451
v 0.16106386 0.34261179 -0.07289892
v 0.14076418 0.35466346 -0.07776207
v 0.16172136 0.36211181 -0.08705124
v 0.19895798 0.37416345 -0.04819005
v 0.19390945 0.36211181 -0.06503018
v 0.19390945 0.38621512 -0.06503018
v 0.19390945 0.36211181 -0.06503018
v 0.17873223 0.35365996 -0.07738082
v 0.18202105 0.37416345 -0.08218809
v 0.19390945 0.38621512 -0.06503018
v 0.18202105 0.37416345 -0.08218809
v 0.17873223 0.39466697 -0.07738082
v 0.19390945 0.36211181 -0.06503018
v 0.18202105 0.37416345 -0.08218809
v 0.19390945 0.38621512 -0.06503018
v 0.17580368 0.37416345 -0.01434549
v 0.19218808 0.37416345 -0.02797894
v 0.17923583 0.39366347 -0.02223792
v 0.19218808 0.37416345 -0.02797894
v 0.19895798 0.37416345 -0.04819005
v 0.19284560 0.39366347 -0.04213126
v 0.17923583 0.39366347 -0.02223792
v 0.19284560 0.39366347 -0.04213126
v 0.17692228 0.40733886 -0.03842285
v 0.19218808 0.37416345 -0.02797894
v 0.19284560 0.39366347 -0.04213126
v 0.17923583 0.39366347 -0.02223792
f 5401 5402 5403
f 5404 5405 5406
f 5407 5408 5409
f 5410 5411 5412
f 5413 5414 5415
f 5416 5417 5418
f 5419 5420 5421
f 5422 5423 5424
f 5425 5426 5427
f 5428 5429 5430
f 5431 5432 5433
f 5434 5435 5436
f 5437 5438 5439
f 5440 5441 5442
f 5443 5444 5445
f 5446 5447 5448
f 5449 5450 5451
f 5452 5453 5454
f 5455 5456 5457
f 5458 5459 5460
f 5461 5462 5463
f 5464 5465 5466
f 5467 5468 5469
f 5470 5471 5472
f 5473 5474 5475
f 5476 5477 5478
f 5479 5480 5481
f 5482 5483 5484
f 5485 5486 5487
f 5488 5489 5490
f 5491 5492 5493
f 5494 5495 5496
f 5497 5498 5499
f 5500 5501 5502
f 5503 5504 5505
f 5506 5507 5508
f 5509 5510 5511
f 5512 5513 5514
f 5515 5516 5517
f 5518 5519 5520
f 5521 5522 5523
f 5524 5525 5526
f 5527 5528 5529
f 5530 5531 5532
f 5533 5534 5535
f 5536 5537 5538
f 5539 5540 5541
f 5542 5543 5544
f 5545 5546 5547
f 5548 5549 5550
f 5551 5552 5553
f 5554 5555 5556
f 5557 5558 5559
f 5560 5561 5562
f 5563 5564 5565
f 5566 5567 5568
f 5569 5570 5571
f 5572 5573 5574
f 5575 5576 5577
f 5578 5579 5580
f 5581 5582 5583
f 5584 5585 5586
f 5587 5588 5589
f 5590 5591 5592
f 5593 5594 5595
f 5596 5597 5598
f 5599 5600 5601
f 5602 5603 5604
f 5605 5606 5607
f 5608 5609 5610
f 5611 5612 5613
f 5614 5615 5616
f 5617 5618 5619
f 5620 5621 5622
f 5623 5624 5625
f 5626 5627 5628
f 5629 5630 5631
f 5632 5633 5634
f 5635 5636 5637
f 5638 5639 5640

o geometry_4
usemtl material_3
v 0.20828213 0.31566346 -0.01696842
v 0.16000000 0.31566346 -0.05000000
v 0.21847655 0.31566346 -0.05165641
v 0.20828213 0.31566346 -0.01696842
v 0.21847655 0.31566346 -0.05165641
v 0.20828213 0.35466346 -0.01696842
v 0.20828213 0.35466346 -0.01696842
v 0.21847655 0.31566346 -0.05165641
v 0.21847655 0.35466346 -0.05165641
v 0.20828213 0.35466346 -0.01696842
v 0.21847655 0.35466346 -0.05165641
v 0.16000000 0.35466346 -0.05000000
v 0.21847655 0.31566346 -0.05165641
v 0.16000000 0.31566346 -0.05000000
v 0.20633490 0.31566346 -0.08571172
v 0.21847655 0.31566346 -0.05165641
v 0.20633490 0.31566346 -0.08571172
v 0.21847655 0.35466346 -0.05165641
v 0.21847655 0.35466346 -0.05165641
v 0.20633490 0.31566346 -0.08571172
v 0.20633490 0.35466346 -0.08571172
v 0.21847655 0.35466346 -0.05165641
v 0.20633490 0.35466346 -0.08571172
v 0.16000000 0.35466346 -0.05000000
v 0.20633490 0.31566346 -0.08571172
v 0.16000000 0.31566346 -0.05000000
v 0.17649491 0.31566346 -0.10612636
v 0.20633490 0.31566346 -0.08571172
v 0.17649491 0.31566346 -0.10612636
v 0.20633490 0.35466346 -0.08571172
v 0.20633490 0.35466346 -0.08571172
v 0.17649491 0.31566346 -0.10612636
v 0.17649491 0.35466346 -0.10612636
v 0.20633490 0.35466346 -0.08571172
v 0.17649491 0.35466346 -0.10612636
v 0.16000000 0.35466346 -0.05000000
v 0.17649491 0.31566346 -0.10612636
v 0.16000000 0.31566346 -0.05000000
v 0.14035441 0.31566346 -0.10510264
v 0.17649491 0.31566346 -0.10612636
v 0.14035441 0.31566346 -0.10510264
v 0.17649491 0.35466346 -0.10612636
v 0.17649491 0.35466346 -0.10612636
v 0.14035441 0.31566346 -0.10510264
v 0.14035441 0.35466346 -0.10510264
v 0.17649491 0.35466346 -0.10612636
v 0.14035441 0.35466346 -0.10510264
v 0.16000000 0.35466346 -0.05000000
v 0.14035441 0.31566346 -0.10510264
v 0.16000000 0.31566346 -0.05000000
v 0.11171786 0.31566346 -0.08303159
v 0.14035441 0.31566346 -0.10510264
v 0.11171786 0.31566346 -0.08303159
v 0.14035441 0.35466346 -0.10510264
v 0.14035441 0.35466346 -0.10510264
v 0.11171786 0.31566346 -0.08303159
v 0.11171786 0.35466346 -0.08303159
v 0.14035441 0.35466346 -0.10510264
v 0.11171786 0.35466346 -0.08303159
v 0.16000000 0.35466346 -0.05000000
v 0.11171786 0.31566346 -0.08303159
v 0.16000000 0.31566346 -0.05000000
v 0.10152345 0.31566346 -0.04834359
v 0.11171786 0.31566346 -0.08303159
v 0.10152345 0.31566346 -0.04834359
v 0.11171786 0.35466346 -0.08303159
v 0.11171786 0.35466346 -0.08303159
v 0.10152345 0.31566346 -0.04834359
v 0.10152345 0.35466346 -0.04834359
v 0.11171786 0.35466346 -0.08303159
v 0.10152345 0.35466346 -0.04834359
v 0.16000000 0.35466346 -0.05000000
v 0.10152345 0.31566346 -0.04834359
v 0.16000000 0.31566346 -0.05000000
v 0.11366510 0.31566346 -0.01428828
v 0.10152345 0.31566346 -0.04834359
v 0.11366510 0.31566346 -0.01428828
v 0.10152345 0.35466346 -0.04834359
v 0.10152345 0.35466346 -0.04834359
v 0.11366510 0.31566346 -0.01428828
v 0.11366510 0.35466346 -0.01428828
v 0.10152345 0.35466346 -0.04834359
v 0.11366510 0.35466346 -0.01428828
v 0.16000000 0.35466346 -0.05000000
v 0.11366510 0.31566346 -0.01428828
v 0.16000000 0.31566346 -0.05000000
v 0.14350510 0.31566346 0.00612636
v 0.11366510 0.31566346 -0.01428828
v 0.14350510 0.31566346 0.00612636
v 0.11366510 0.35466346 -0.01428828
v 0.11366510 0.35466346 -0.01428828
v 0.14350510 0.31566346 0.00612636
v 0.14350510 0.35466346 0.00612636
v 0.11366510 0.35466346 -0.01428828
v 0.14350510 0.35466346 0.00612636
v 0.16000000 0.35466346 -0.05000000
v 0.14350510 0.31566346 0.00612636
v 0.16000000 0.31566346 -0.05000000
v 0.17964558 0.31566346 0.00510264
v 0.14350510 0.31566346 0.00612636
v 0.17964558 0.31566346 0.00510264
v 0.14350510 0.35466346 0.00612636
v 0.14350510 0.35466346 0.00612636
v 0.17964558 0.31566346 0.00510264
v 0.17964558 0.35466346 0.00510264
v 0.14350510 0.35466346 0.00612636
v 0.17964558 0.35466346 0.00510264
v 0.16000000 0.35466346 -0.05000000
v 0.17964558 0.31566346 0.00510264
v 0.16000000 0.31566346 -0.05000000
v 0.20828213 0.31566346 -0.01696842
v 0.17964558 0.31566346 0.00510264
v 0.20828213 0.31566346 -0.01696842
v 0.17964558 0.35466346 0.00510264
v 0.17964558 0.35466346 0.00510264
v 0.20828213 0.31566346 -0.01696842
v 0.20828213 0.35466346 -0.01696842
v 0.17964558 0.35466346 0.00510264
v 0.20828213 0.35466346 -0.01696842
v 0.16000000 0.35466346 -0.05000000
f 5641 5642 5643
f 5644 5645 5646
f 5647 5648 5649
f 5650 5651 5652
f 5653 5654 5655
f 5656 5657 5658
f 5659 5660 5661
f 5662 5663 5664
f 5665 5666 5667
f 5668 5669 5670
f 5671 5672 5673
f 5674 5675 5676
f 5677 5678 5679
f 5680 5681 5682
f 5683 5684 5685
f 5686 5687 5688
f 5689 5690 5691
f 5692 5693 5694
f 5695 5696 5697
f 5698 5699 5700
f 5701 5702 5703
f 5704 5705 5706
f 5707 5708 5709
f 5710 5711 5712
f 5713 5714 5715
f 5716 5717 5718
f 5719 5720 5721
f 5722 5723 5724
f 5725 5726 5727
f 5728 5729 5730
f 5731 5732 5733
f 5734 5735 5736
f 5737 5738 5739
f 5740 5741 5742
f 5743 5744 5745
f 5746 5747 5748
f 5749 5750 5751
f 5752 5753 5754
f 5755 5756 5757
f 5758 5759 5760

o geometry_3
usemtl material_4
v 0.13610499 0.34033903 -0.06997293
v 0.09733623 0.31138197 -0.07240787
v 0.12787023 0.33837524 -0.05483134
v 0.09733623 0.31138197 -0.07240787
v 0.06103649 0.27802107 -0.07335721
v 0.09192559 0.30630520 -0.05060174
v 0.12787023 0.33837524 -0.05483134
v 0.09192559 0.30630520 -0.05060174
v 0.12405195 0.32958534 -0.03161432
v 0.09733623 0.31138197 -0.07240787
v 0.09192559 0.30630520 -0.05060174
v 0.12787023 0.33837524 -0.05483134
v 0.06103649 0.27802107 -0.07335721
v 0.00791326 0.22841404 -0.06886972
v 0.04388472 0.25955087 -0.03587084
v 0.00791326 0.22841404 -0.06886972
v -0.03474910 0.18002941 -0.05651269
v -0.00686674 0.21054888 -0.01461609
v 0.04388472 0.25955087 -0.03587084
v -0.00686674 0.21054888 -0.01461609
v 0.02671697 0.24326701 0.01022263
v 0.00791326 0.22841404 -0.06886972
v -0.00686674 0.21054888 -0.01461609
v 0.04388472 0.25955087 -0.03587084
v 0.12405195 0.32958534 -0.03161432
v 0.08281485 0.28668985 -0.01454644
v 0.11274634 0.31024283 -0.00227658
v 0.08281485 0.28668985 -0.01454644
v 0.02671697 0.24326701 0.01022263
v 0.07286274 0.26035982 0.02223639
v 0.11274634 0.31024283 -0.00227658
v 0.07286274 0.26035982 0.02223639
v 0.10935182 0.28248316 0.03077177
v 0.08281485 0.28668985 -0.01454644
v 0.07286274 0.26035982 0.02223639
v 0.11274634 0.31024283 -0.00227658
v 0.06103649 0.27802107 -0.07335721
v 0.04388472 0.25955087 -0.03587084
v 0.09192559 0.30630520 -0.05060174
v 0.04388472 0.25955087 -0.03587084
v 0.02671697 0.24326701 0.01022263
v 0.08281485 0.28668985 -0.01454644
v 0.09192559 0.30630520 -0.05060174
v 0.08281485 0.28668985 -0.01454644
v 0.12405195 0.32958534 -0.03161432
v 0.04388472 0.25955087 -0.03587084
v 0.08281485 0.28668985 -0.01454644
v 0.09192559 0.30630520 -0.05060174
v 0.13610499 0.34033903 -0.06997293
v 0.12787023 0.33837524 -0.05483134
v 0.15021957 0.35619891 -0.05987097
v 0.12787023 0.33837524 -0.05483134
v 0.12405195 0.32958534 -0.03161432
v 0.14561334 0.35725787 -0.04500017
v 0.15021957 0.35619891 -0.05987097
v 0.14561334 0.35725787 -0.04500017
v 0.15730621 0.36705053 -0.04816047
v 0.12787023 0.33837524 -0.05483134
v 0.14561334 0.35725787 -0.04500017
v 0.15021957 0.35619891 -0.05987097
v 0.12405195 0.32958534 -0.03161432
v 0.11274634 0.31024283 -0.00227658
v 0.13796605 0.34023058 -0.02161348
v 0.11274634 0.31024283 -0.00227658
v 0.10935182 0.28248316 0.03077177
v 0.13286568 0.31099367 0.01127884
v 0.13796605 0.34023058 -0.02161348
v 0.13286568 0.31099367 0.01127884
v 0.16224155 0.33243588 -0.00899278
v 0.11274634 0.31024283 -0.00227658
v 0.13286568 0.31099367 0.01127884
v 0.13796605 0.34023058 -0.02161348
v 0.15730621 0.36705053 -0.04816047
v 0.15764746 0.36020687 -0.03223899
v 0.17055632 0.35679993 -0.04098554
v 0.15764746 0.36020687 -0.03223899
v 0.16224155 0.33243588 -0.00899278
v 0.17253682 0.34251010 -0.02010726
v 0.17055632 0.35679993 -0.04098554
v 0.17253682 0.34251010 -0.02010726
v 0.19142072 0.34098816 -0.02995999
v 0.15764746 0.36020687 -0.03223899
v 0.17253682 0.34251010 -0.02010726
v 0.17055632 0.35679993 -0.04098554
v 0.12405195 0.32958534 -0.03161432
v 0.13796605 0.34023058 -0.02161348
v 0.14561334 0.35725787 -0.04500017
v 0.13796605 0.34023058 -0.02161348
v 0.16224155 0.33243588 -0.00899278
v 0.15764746 0.36020687 -0.03223899
v 0.14561334 0.35725787 -0.04500017
v 0.15764746 0.36020687 -0.03223899
v 0.15730621 0.36705053 -0.04816047
v 0.13796605 0.34023058 -0.02161348
v 0.15764746 0.36020687 -0.03223899
v 0.14561334 0.35725787 -0.04500017
v 0.13610499 0.34033903 -0.06997293
v 0.15021957 0.35619891 -0.05987097
v 0.14708722 0.33902952 -0.08011158
v 0.15021957 0.35619891 -0.05987097
v 0.15730621 0.36705053 -0.04816047
v 0.15862024 0.35746753 -0.06468455
v 0.14708722 0.33902952 -0.08011158
v 0.15862024 0.35746753 -0.06468455
v 0.16399290 0.32688922 -0.08988697
v 0.15021957 0.35619891 -0.05987097
v 0.15862024 0.35746753 -0.06468455
v 0.14708722 0.33902952 -0.08011158
v 0.15730621 0.36705053 -0.04816047
v 0.17055632 0.35679993 -0.04098554
v 0.17624137 0.35411730 -0.05896537
v 0.17055632 0.35679993 -0.04098554
v 0.19142072 0.34098816 -0.02995999
v 0.19079967 0.34232432 -0.04895383
v 0.17624137 0.35411730 -0.05896537
v 0.19079967 0.34232432 -0.04895383
v 0.19704895 0.32739091 -0.06384901
v 0.17055632 0.35679993 -0.04098554
v 0.19079967 0.34232432 -0.04895383
v 0.17624137 0.35411730 -0.05896537
v 0.16399290 0.32688922 -0.08988697
v 0.18022002 0.34113917 -0.07630564
v 0.18443704 0.30904526 -0.11063596
v 0.18022002 0.34113917 -0.07630564
v 0.19704895 0.32739091 -0.06384901
v 0.21043338 0.31124952 -0.09458505
v 0.18443704 0.30904526 -0.11063596
v 0.21043338 0.31124952 -0.09458505
v 0.21781085 0.28129539 -0.13331684
v 0.18022002 0.34113917 -0.07630564
v 0.21043338 0.31124952 -0.09458505
v 0.18443704 0.30904526 -0.11063596
v 0.15730621 0.36705053 -0.04816047
v 0.17624137 0.35411730 -0.05896537
v 0.15862024 0.35746753 -0.06468455
v 0.17624137 0.35411730 -0.05896537
v 0.19704895 0.32739091 -0.06384901
v 0.18022002 0.34113917 -0.07630564
v 0.15862024 0.35746753 -0.06468455
v 0.18022002 0.34113917 -0.07630564
v 0.16399290 0.32688922 -0.08988697
v 0.17624137 0.35411730 -0.05896537
v 0.18022002 0.34113917 -0.07630564
v 0.15862024 0.35746753 -0.06468455
v 0.13610499 0.34033903 -0.06997293
v 0.14708722 0.33902952 -0.08011158
v 0.11740223 0.31211948 -0.10128280
v 0.14708722 0.33902952 -0.08011158
v 0.16399290 0.32688922 -0.08988697
v 0.13633756 0.31174162 -0.10914291
v 0.11740223 0.31211948 -0.10128280
v 0.13633756 0.31174162 -0.10914291
v 0.10178513 0.27822384 -0.13241638
v 0.14708722 0.33902952 -0.08011158
v 0.13633756 0.31174162 -0.10914291
v 0.11740223 0.31211948 -0.10128280
v 0.16399290 0.32688922 -0.08988697
v 0.18443704 0.30904526 -0.11063596
v 0.16548377 0.28711775 -0.13321057
v 0.18443704 0.30904526 -0.11063596
v 0.21781085 0.28129539 -0.13331684
v 0.19357082 0.26072249 -0.16247323
v 0.16548377 0.28711775 -0.13321057
v 0.19357082 0.26072249 -0.16247323
v 0.16943567 0.24076718 -0.19421329
v 0.18443704 0.30904526 -0.11063596
v 0.19357082 0.26072249 -0.16247323
v 0.16548377 0.28711775 -0.13321057
v 0.10178513 0.27822384 -0.13241638
v 0.12825234 0.26445821 -0.16128430
v 0.08736166 0.23459983 -0.18550205
v 0.12825234 0.26445821 -0.16128430
v 0.16943567 0.24076718 -0.19421329
v 0.12988336 0.21630631 -0.21377821
v 0.08736166 0.23459983 -0.18550205
v 0.12988336 0.21630631 -0.21377821
v 0.08098633 0.18054877 -0.22732551
v 0.12825234 0.26445821 -0.16128430
v 0.12988336 0.21630631 -0.21377821
v 0.08736166 0.23459983 -0.18550205
v 0.16399290 0.32688922 -0.08988697
v 0.16548377 0.28711775 -0.13321057
v 0.13633756 0.31174162 -0.10914291
v 0.16548377 0.28711775 -0.13321057
v 0.16943567 0.24076718 -0.19421329
v 0.12825234 0.26445821 -0.16128430
v 0.13633756 0.31174162 -0.10914291
v 0.12825234 0.26445821 -0.16128430
v 0.10178513 0.27822384 -0.13241638
v 0.16548377 0.28711775 -0.13321057
v 0.12825234 0.26445821 -0.16128430
v 0.13633756 0.31174162 -0.10914291
v 0.13610499 0.34033903 -0.06997293
v 0.11740223 0.31211948 -0.10128280
v 0.09733623 0.31138197 -0.07240787
v 0.11740223 0.31211948 -0.10128280
v 0.10178513 0.27822384 -0.13241638
v 0.08059166 0.27747196 -0.10682516
v 0.09733623 0.31138197 -0.07240787
v 0.08059166 0.27747196 -0.10682516
v 0.06103649 0.27802107 -0.07335721
v 0.11740223 0.31211948 -0.10128280
v 0.08059166 0.27747196 -0.10682516
v 0.09733623 0.31138197 -0.07240787
v 0.10178513 0.27822384 -0.13241638
v 0.08736166 0.23459983 -0.18550205
v 0.05127032 0.23339058 -0.15876168
v 0.08736166 0.23459983 -0.18550205
v 0.08098633 0.18054877 -0.22732551
v 0.03061029 0.18397805 -0.20224930
v 0.05127032 0.23339058 -0.15876168
v 0.03061029 0.18397805 -0.20224930
v -0.00384673 0.18692145 -0.16587293
v 0.08736166 0.23459983 -0.18550205
v 0.03061029 0.18397805 -0.20224930
v 0.05127032 0.23339058 -0.15876168
v 0.06103649 0.27802107 -0.07335721
v 0.02306155 0.23368245 -0.11066426
v 0.00791326 0.22841404 -0.06886972
v 0.02306155 0.23368245 -0.11066426
v -0.00384673 0.18692145 -0.16587293
v -0.02446004 0.18306535 -0.11117828
v 0.00791326 0.22841404 -0.06886972
v -0.02446004 0.18306535 -0.11117828
v -0.03474910 0.18002941 -0.05651269
v 0.02306155 0.23368245 -0.11066426
v -0.02446004 0.18306535 -0.11117828
v 0.00791326 0.22841404 -0.06886972
v 0.10178513 0.27822384 -0.13241638
v 0.05127032 0.23339058 -0.15876168
v 0.08059166 0.27747196 -0.10682516
v 0.05127032 0.23339058 -0.15876168
v -0.00384673 0.18692145 -0.16587293
v 0.02306155 0.23368245 -0.11066426
v 0.08059166 0.27747196 -0.10682516
v 0.02306155 0.23368245 -0.11066426
v 0.06103649 0.27802107 -0.07335721
v 0.05127032 0.23339058 -0.15876168
v 0.02306155 0.23368245 -0.11066426
v 0.08059166 0.27747196 -0.10682516
v 0.19142072 0.34098816 -0.02995999
v 0.17253682 0.34251010 -0.02010726
v 0.20075585 0.30795076 -0.00555201
v 0.17253682 0.34251010 -0.02010726
v 0.16224155 0.33243588 -0.00899278
v 0.18676181 0.31198663 0.01191839
v 0.20075585 0.30795076 -0.00555201
v 0.18676181 0.31198663 0.01191839
v 0.21495922 0.27641174 0.03709333
v 0.17253682 0.34251010 -0.02010726
v 0.18676181 0.31198663 0.01191839
v 0.20075585 0.30795076 -0.00555201
v 0.16224155 0.33243588 -0.00899278
v 0.13286568 0.31099367 0.01127884
v 0.15963733 0.29384297 0.03763874
v 0.13286568 0.31099367 0.01127884
v 0.10935182 0.28248316 0.03077177
v 0.12443130 0.26544338 0.06405681
v 0.15963733 0.29384297 0.03763874
v 0.12443130 0.26544338 0.06405681
v 0.15375708 0.23975804 0.08970419
v 0.13286568 0.31099367 0.01127884
v 0.12443130 0.26544338 0.06405681
v 0.15963733 0.29384297 0.03763874
v 0.21495922 0.27641174 0.03709333
v 0.19318201 0.25749370 0.06358433
v 0.22959191 0.23178597 0.08217827
v 0.19318201 0.25749370 0.06358433
v 0.15375708 0.23975804 0.08970419
v 0.19336317 0.20874575 0.12043167
v 0.22959191 0.23178597 0.08217827
v 0.19336317 0.20874575 0.12043167
v 0.24434420 0.18120041 0.13051933
v 0.19318201 0.25749370 0.06358433
v 0.19336317 0.20874575 0.12043167
v 0.22959191 0.23178597 0.08217827
v 0.16224155 0.33243588 -0.00899278
v 0.15963733 0.29384297 0.03763874
v 0.18676181 0.31198663 0.01191839
v 0.15963733 0.29384297 0.03763874
v 0.15375708 0.23975804 0.08970419
v 0.19318201 0.25749370 0.06358433
v 0.18676181 0.31198663 0.01191839
v 0.19318201 0.25749370 0.06358433
v 0.21495922 0.27641174 0.03709333
v 0.15963733 0.29384297 0.03763874
v 0.19318201 0.25749370 0.06358433
v 0.18676181 0.31198663 0.01191839
v 0.10935182 0.28248316 0.03077177
v 0.07286274 0.26035982 0.02223639
v 0.07338378 0.23642500 0.07210585
v 0.07286274 0.26035982 0.02223639
v 0.02671697 0.24326701 0.01022263
v 0.02941865 0.21026005 0.05525365
v 0.07338378 0.23642500 0.07210585
v 0.02941865 0.21026005 0.05525365
v 0.04839449 0.18675397 0.10962984
v 0.07286274 0.26035982 0.02223639
v 0.02941865 0.21026005 0.05525365
v 0.07338378 0.23642500 0.07210585
v 0.02671697 0.24326701 0.01022263
v -0.00686674 0.21054888 -0.01461609
v -0.02439769 0.18231171 0.03230210
v -0.00686674 0.21054888 -0.01461609
v -0.03474910 0.18002941 -0.05651269
v -0.03742307 0.15524589 -0.01046989
v -0.02439769 0.18231171 0.03230210
v -0.03742307 0.15524589 -0.01046989
v -0.01933141 0.12907340 0.02742844
v -0.00686674 0.21054888 -0.01461609
v -0.03742307 0.15524589 -0.01046989
v -0.02439769 0.18231171 0.03230210
v 0.04839449 0.18675397 0.10962984
v 0.01199347 0.15744837 0.07869796
v 0.05074628 0.13152812 0.11206777
v 0.01199347 0.15744837 0.07869796
v -0.01933141 0.12907340 0.02742844
v 0.01539168 0.10179481 0.06820465
v 0.05074628 0.13152812 0.11206777
v 0.01539168 0.10179481 0.06820465
v 0.06230155 0.08712839 0.09050769
v 0.01199347 0.15744837 0.07869796
v 0.01539168 0.10179481 0.06820465
v 0.05074628 0.13152812 0.11206777
v 0.02671697 0.24326701 0.01022263
v -0.02439769 0.18231171 0.03230210
v 0.02941865 0.21026005 0.05525365
v -0.02439769 0.18231171 0.03230210
v -0.01933141 0.12907340 0.02742844
v 0.01199347 0.15744837 0.07869796
v 0.02941865 0.21026005 0.05525365
v 0.01199347 0.15744837 0.07869796
v 0.04839449 0.18675397 0.10962984
v -0.02439769 0.18231171 0.03230210
v 0.01199347 0.15744837 0.07869796
v 0.02941865 0.21026005 0.05525365
v -0.03474910 0.18002941 -0.05651269
v -0.02446004 0.18306535 -0.11117828
v -0.03494124 0.13420096 -0.07650235
v -0.02446004 0.18306535 -0.11117828
v -0.00384673 0.18692145 -0.16587293
v -0.02372887 0.13354160 -0.13537480
v -0.03494124 0.13420096 -0.07650235
v -0.02372887 0.13354160 -0.13537480
v -0.00867638 0.09303699 -0.09221004
v -0.02446004 0.18306535 -0.11117828
v -0.02372887 0.13354160 -0.13537480
v -0.03494124 0.13420096 -0.07650235
v -0.00384673 0.18692145 -0.16587293
v 0.03061029 0.18397805 -0.20224930
v 0.01291631 0.13210300 -0.18916383
v 0.03061029 0.18397805 -0.20224930
v 0.08098633 0.18054877 -0.22732551
v 0.05987661 0.13299190 -0.22313674
v 0.01291631 0.13210300 -0.18916383
v 0.05987661 0.13299190 -0.22313674
v 0.05892595 0.09518614 -0.19485155
v 0.03061029 0.18397805 -0.20224930
v 0.05987661 0.13299190 -0.22313674
v 0.01291631 0.13210300 -0.18916383
v -0.00867638 0.09303699 -0.09221004
v 0.01570873 0.08867802 -0.14477094
v 0.02569872 0.05708616 -0.09936856
v 0.01570873 0.08867802 -0.14477094
v 0.05892595 0.09518614 -0.19485155
v 0.06697904 0.05520682 -0.14864209
v 0.02569872 0.05708616 -0.09936856
v 0.06697904 0.05520682 -0.14864209
v 0.07838672 0.02937869 -0.10739682
v 0.01570873 0.08867802 -0.14477094
v 0.06697904 0.05520682 -0.14864209
v 0.02569872 0.05708616 -0.09936856
v -0.00384673 0.18692145 -0.16587293
v 0.01291631 0.13210300 -0.18916383
v -0.02372887 0.13354160 -0.13537480
v 0.01291631 0.13210300 -0.18916383
v 0.05892595 0.09518614 -0.19485155
v 0.01570873 0.08867802 -0.14477094
v -0.02372887 0.13354160 -0.13537480
v 0.01570873 0.08867802 -0.14477094
v -0.00867638 0.09303699 -0.09221004
v 0.01291631 0.13210300 -0.18916383
v 0.01570873 0.08867802 -0.14477094
v -0.02372887 0.13354160 -0.13537480
v 0.08098633 0.18054877 -0.22732551
v 0.12988336 0.21630631 -0.21377821
v 0.12328654 0.15166679 -0.24281164
v 0.12988336 0.21630631 -0.21377821
v 0.16943567 0.24076718 -0.19421329
v 0.16792542 0.18578686 -0.24548048
v 0.12328654 0.15166679 -0.24281164
v 0.16792542 0.18578686 -0.24548048
v 0.17192551 0.12424572 -0.24728751
v 0.12988336 0.21630631 -0.21377821
v 0.16792542 0.18578686 -0.24548048
v 0.12328654 0.15166679 -0.24281164
v 0.16943567 0.24076718 -0.19421329
v 0.19357082 0.26072249 -0.16247323
v 0.21968661 0.21189038 -0.21050620
v 0.19357082 0.26072249 -0.16247323
v 0.21781085 0.28129539 -0.13331684
v 0.24646789 0.23467477 -0.17405777
v 0.21968661 0.21189038 -0.21050620
v 0.24646789 0.23467477 -0.17405777
v 0.27183279 0.18699625 -0.21140033
v 0.19357082 0.26072249 -0.16247323
v 0.24646789 0.23467477 -0.17405777
v 0.21968661 0.21189038 -0.21050620
v 0.17192551 0.12424572 -0.24728751
v 0.22466870 0.15459612 -0.23643483
v 0.21672377 0.10546933 -0.21940805
v 0.22466870 0.15459612 -0.23643483
v 0.27183279 0.18699625 -0.21140033
v 0.27290756 0.13570620 -0.21372399
v 0.21672377 0.10546933 -0.21940805
v 0.27290756 0.13570620 -0.21372399
v 0.25895697 0.08495443 -0.19089009
v 0.22466870 0.15459612 -0.23643483
v 0.27290756 0.13570620 -0.21372399
v 0.21672377 0.10546933 -0.21940805
v 0.16943567 0.24076718 -0.19421329
v 0.21968661 0.21189038 -0.21050620
v 0.16792542 0.18578686 -0.24548048
v 0.21968661 0.21189038 -0.21050620
v 0.27183279 0.18699625 -0.21140033
v 0.22466870 0.15459612 -0.23643483
v 0.16792542 0.18578686 -0.24548048
v 0.22466870 0.15459612 -0.23643483
v 0.17192551 0.12424572 -0.24728751
v 0.21968661 0.21189038 -0.21050620
v 0.22466870 0.15459612 -0.23643483
v 0.16792542 0.18578686 -0.24548048
v 0.21781085 0.28129539 -0.13331684
v 0.21043338 0.31124952 -0.09458505
v 0.25354409 0.25991789 -0.12426010
v 0.21043338 0.31124952 -0.09458505
v 0.19704895 0.32739091 -0.06384901
v 0.23832688 0.28803614 -0.08252514
v 0.25354409 0.25991789 -0.12426010
v 0.23832688 0.28803614 -0.08252514
v 0.29159376 0.23973462 -0.10462120
v 0.21043338 0.31124952 -0.09458505
v 0.23832688 0.28803614 -0.08252514
v 0.25354409 0.25991789 -0.12426010
v 0.19704895 0.32739091 -0.06384901
v 0.19079967 0.34232432 -0.04895383
v 0.22216250 0.30811611 -0.05252201
v 0.19079967 0.34232432 -0.04895383
v 0.19142072 0.34098816 -0.02995999
v 0.21675859 0.30792058 -0.02461945
v 0.22216250 0.30811611 -0.05252201
v 0.21675859 0.30792058 -0.02461945
v 0.26264518 0.27144957 -0.02568156
v 0.19079967 0.34232432 -0.04895383
v 0.21675859 0.30792058 -0.02461945
v 0.22216250 0.30811611 -0.05252201
v 0.29159376 0.23973462 -0.10462120
v 0.27904060 0.26372844 -0.05755164
v 0.32438666 0.21527651 -0.08162929
v 0.27904060 0.26372844 -0.05755164
v 0.26264518 0.27144957 -0.02568156
v 0.31499624 0.23156925 -0.03029170
v 0.32438666 0.21527651 -0.08162929
v 0.31499624 0.23156925 -0.03029170
v 0.35900462 0.18216446 -0.03665893
v 0.27904060 0.26372844 -0.05755164
v 0.31499624 0.23156925 -0.03029170
v 0.32438666 0.21527651 -0.08162929
v 0.19704895 0.32739091 -0.06384901
v 0.22216250 0.30811611 -0.05252201
v 0.23832688 0.28803614 -0.08252514
v 0.22216250 0.30811611 -0.05252201
v 0.26264518 0.27144957 -0.02568156
v 0.27904060 0.26372844 -0.05755164
v 0.23832688 0.28803614 -0.08252514
v 0.27904060 0.26372844 -0.05755164
v 0.29159376 0.23973462 -0.10462120
v 0.22216250 0.30811611 -0.05252201
v 0.27904060 0.26372844 -0.05755164
v 0.23832688 0.28803614 -0.08252514
v 0.24158977 0.03041857 0.00931861
v 0.25460204 0.05617951 0.04803333
v 0.19567771 0.02452692 0.03772722
v 0.25460204 0.05617951 0.04803333
v 0.25915775 0.09199185 0.09520978
v 0.20720285 0.05924930 0.08661497
v 0.19567771 0.02452692 0.03772722
v 0.20720285 0.05924930 0.08661497
v 0.15683164 0.03924308 0.06011801
v 0.25460204 0.05617951 0.04803333
v 0.20720285 0.05924930 0.08661497
v 0.19567771 0.02452692 0.03772722
v 0.25915775 0.09199185 0.09520978
v 0.25553715 0.13989793 0.12187498
v 0.20891762 0.10471214 0.12505279
v 0.25553715 0.13989793 0.12187498
v 0.24434420 0.18120041 0.13051933
v 0.20100299 0.15344936 0.14629936
v 0.20891762 0.10471214 0.12505279
v 0.20100299 0.15344936 0.14629936
v 0.14801876 0.12974787 0.14487389
v 0.25553715 0.13989793 0.12187498
v 0.20100299 0.15344936 0.14629936
v 0.20891762 0.10471214 0.12505279
v 0.15683164 0.03924308 0.06011801
v 0.15466557 0.07551805 0.10934660
v 0.10880382 0.05839383 0.08445220
v 0.15466557 0.07551805 0.10934660
v 0.14801876 0.12974787 0.14487389
v 0.10783749 0.10481394 0.12271328
v 0.10880382 0.05839383 0.08445220
v 0.10783749 0.10481394 0.12271328
v 0.06230155 0.08712839 0.09050769
v 0.15466557 0.07551805 0.10934660
v 0.10783749 0.10481394 0.12271328
v 0.10880382 0.05839383 0.08445220
v 0.25915775 0.09199185 0.09520978
v 0.20891762 0.10471214 0.12505279
v 0.20720285 0.05924930 0.08661497
v 0.20891762 0.10471214 0.12505279
v 0.14801876 0.12974787 0.14487389
v 0.15466557 0.07551805 0.10934660
v 0.20720285 0.05924930 0.08661497
v 0.15466557 0.07551805 0.10934660
v 0.15683164 0.03924308 0.06011801
v 0.20891762 0.10471214 0.12505279
v 0.15466557 0.07551805 0.10934660
v 0.20720285 0.05924930 0.08661497
v 0.24158977 0.03041857 0.00931861
v 0.19567771 0.02452692 0.03772722
v 0.20091243 0.00933658 -0.01928811
v 0.19567771 0.02452692 0.03772722
v 0.15683164 0.03924308 0.06011801
v 0.16105054 0.00864253 0.00674900
v 0.20091243 0.00933658 -0.01928811
v 0.16105054 0.00864253 0.00674900
v 0.15995342 0.00000000 -0.05245236
v 0.19567771 0.02452692 0.03772722
v 0.16105054 0.00864253 0.00674900
v 0.20091243 0.00933658 -0.01928811
v 0.15683164 0.03924308 0.06011801
v 0.10880382 0.05839383 0.08445220
v 0.10660782 0.02485094 0.03262821
v 0.10880382 0.05839383 0.08445220
v 0.06230155 0.08712839 0.09050769
v 0.05472994 0.05782861 0.04720037
v 0.10660782 0.02485094 0.03262821
v 0.05472994 0.05782861 0.04720037
v 0.05790355 0.03825502 -0.00046947
v 0.10880382 0.05839383 0.08445220
v 0.05472994 0.05782861 0.04720037
v 0.10660782 0.02485094 0.03262821
v 0.15995342 0.00000000 -0.05245236
v 0.10978423 0.00832247 -0.02650509
v 0.11432227 0.01012735 -0.07774084
v 0.10978423 0.00832247 -0.02650509
v 0.05790355 0.03825502 -0.00046947
v 0.06515992 0.02463764 -0.05247431
v 0.11432227 0.01012735 -0.07774084
v 0.06515992 0.02463764 -0.05247431
v 0.07838672 0.02937869 -0.10739682
v 0.10978423 0.00832247 -0.02650509
v 0.06515992 0.02463764 -0.05247431
v 0.11432227 0.01012735 -0.07774084
v 0.15683164 0.03924308 0.06011801
v 0.10660782 0.02485094 0.03262821
v 0.16105054 0.00864253 0.00674900
v 0.10660782 0.02485094 0.03262821
v 0.05790355 0.03825502 -0.00046947
v 0.10978423 0.00832247 -0.02650509
v 0.16105054 0.00864253 0.00674900
v 0.10978423 0.00832247 -0.02650509
v 0.15995342 0.00000000 -0.05245236
v 0.10660782 0.02485094 0.03262821
v 0.10978423 0.00832247 -0.02650509
v 0.16105054 0.00864253 0.00674900
v 0.24158977 0.03041857 0.00931861
v 0.20091243 0.00933658 -0.01928811
v 0.25393519 0.02405283 -0.04787056
v 0.20091243 0.00933658 -0.01928811
v 0.15995342 0.00000000 -0.05245236
v 0.21295972 0.00833567 -0.07167811
v 0.25393519 0.02405283 -0.04787056
v 0.21295972 0.00833567 -0.07167811
v 0.26702541 0.03860249 -0.09705689
v 0.20091243 0.00933658 -0.01928811
v 0.21295972 0.00833567 -0.07167811
v 0.25393519 0.02405283 -0.04787056
v 0.15995342 0.00000000 -0.05245236
v 0.11432227 0.01012735 -0.07774084
v 0.16398188 0.00986878 -0.10892377
v 0.11432227 0.01012735 -0.07774084
v 0.07838672 0.02937869 -0.10739682
v 0.12029621 0.03020083 -0.13680665
v 0.16398188 0.00986878 -0.10892377
v 0.12029621 0.03020083 -0.13680665
v 0.16716909 0.03445670 -0.16200259
v 0.11432227 0.01012735 -0.07774084
v 0.12029621 0.03020083 -0.13680665
v 0.16398188 0.00986878 -0.10892377
v 0.26702541 0.03860249 -0.09705689
v 0.21706894 0.02458150 -0.13449378
v 0.26477090 0.05901933 -0.14859214
v 0.21706894 0.02458150 -0.13449378
v 0.16716909 0.03445670 -0.16200259
v 0.21442376 0.05496002 -0.18327871
v 0.26477090 0.05901933 -0.14859214
v 0.21442376 0.05496002 -0.18327871
v 0.25895697 0.08495443 -0.19089009
v 0.21706894 0.02458150 -0.13449378
v 0.21442376 0.05496002 -0.18327871
v 0.26477090 0.05901933 -0.14859214
v 0.15995342 0.00000000 -0.05245236
v 0.16398188 0.00986878 -0.10892377
v 0.21295972 0.00833567 -0.07167811
v 0.16398188 0.00986878 -0.10892377
v 0.16716909 0.03445670 -0.16200259
v 0.21706894 0.02458150 -0.13449378
v 0.21295972 0.00833567 -0.07167811
v 0.21706894 0.02458150 -0.13449378
v 0.26702541 0.03860249 -0.09705689
v 0.16398188 0.00986878 -0.10892377
v 0.21706894 0.02458150 -0.13449378
v 0.21295972 0.00833567 -0.07167811
v 0.24158977 0.03041857 0.00931861
v 0.25393519 0.02405283 -0.04787056
v 0.29067281 0.05299198 -0.00165734
v 0.25393519 0.02405283 -0.04787056
v 0.26702541 0.03860249 -0.09705689
v 0.30465940 0.05753594 -0.05326391
v 0.29067281 0.05299198 -0.00165734
v 0.30465940 0.05753594 -0.05326391
v 0.33158648 0.08893964 -0.01151934
v 0.25393519 0.02405283 -0.04787056
v 0.30465940 0.05753594 -0.05326391
v 0.29067281 0.05299198 -0.00165734
v 0.26702541 0.03860249 -0.09705689
v 0.26477090 0.05901933 -0.14859214
v 0.30760789 0.07757013 -0.11867974
v 0.26477090 0.05901933 -0.14859214
v 0.25895697 0.08495443 -0.19089009
v 0.30338266 0.10324471 -0.16712674
v 0.30760789 0.07757013 -0.11867974
v 0.30338266 0.10324471 -0.16712674
v 0.34130391 0.12785651 -0.12936880
v 0.26477090 0.05901933 -0.14859214
v 0.30338266 0.10324471 -0.16712674
v 0.30760789 0.07757013 -0.11867974
v 0.33158648 0.08893964 -0.01151934
v 0.34353983 0.10726506 -0.06952376
v 0.35853863 0.13936937 -0.02527844
v 0.34353983 0.10726506 -0.06952376
v 0.34130391 0.12785651 -0.12936880
v 0.35760444 0.15372060 -0.08558952
v 0.35853863 0.13936937 -0.02527844
v 0.35760444 0.15372060 -0.08558952
v 0.35900462 0.18216446 -0.03665893
v 0.34353983 0.10726506 -0.06952376
v 0.35760444 0.15372060 -0.08558952
v 0.35853863 0.13936937 -0.02527844
v 0.26702541 0.03860249 -0.09705689
v 0.30760789 0.07757013 -0.11867974
v 0.30465940 0.05753594 -0.05326391
v 0.30760789 0.07757013 -0.11867974
v 0.34130391 0.12785651 -0.12936880
v 0.34353983 0.10726506 -0.06952376
v 0.30465940 0.05753594 -0.05326391
v 0.34353983 0.10726506 -0.06952376
v 0.33158648 0.08893964 -0.01151934
v 0.30760789 0.07757013 -0.11867974
v 0.34353983 0.10726506 -0.06952376
v 0.30465940 0.05753594 -0.05326391
v 0.24158977 0.03041857 0.00931861
v 0.29067281 0.05299198 -0.00165734
v 0.25460204 0.05617951 0.04803333
v 0.29067281 0.05299198 -0.00165734
v 0.33158648 0.08893964 -0.01151934
v 0.29849097 0.08573587 0.04702457
v 0.25460204 0.05617951 0.04803333
v 0.29849097 0.08573587 0.04702457
v 0.25915775 0.09199185 0.09520978
v 0.29067281 0.05299198 -0.00165734
v 0.29849097 0.08573587 0.04702457
v 0.25460204 0.05617951 0.04803333
v 0.33158648 0.08893964 -0.01151934
v 0.35853863 0.13936937 -0.02527844
v 0.34372550 0.13526990 0.03042869
v 0.35853863 0.13936937 -0.02527844
v 0.35900462 0.18216446 -0.03665893
v 0.34767246 0.17980641 0.01744565
v 0.34372550 0.13526990 0.03042869
v 0.34767246 0.17980641 0.01744565
v 0.32192647 0.18567502 0.06002085
v 0.35853863 0.13936937 -0.02527844
v 0.34767246 0.17980641 0.01744565
v 0.34372550 0.13526990 0.03042869
v 0.25915775 0.09199185 0.09520978
v 0.30128503 0.13825224 0.09025784
v 0.25553715 0.13989793 0.12187498
v 0.30128503 0.13825224 0.09025784
v 0.32192647 0.18567502 0.06002085
v 0.29042754 0.18267164 0.10120296
v 0.25553715 0.13989793 0.12187498
v 0.29042754 0.18267164 0.10120296
v 0.24434420 0.18120041 0.13051933
v 0.30128503 0.13825224 0.09025784
v 0.29042754 0.18267164 0.10120296
v 0.25553715 0.13989793 0.12187498
v 0.33158648 0.08893964 -0.01151934
v 0.34372550 0.13526990 0.03042869
v 0.29849097 0.08573587 0.04702457
v 0.34372550 0.13526990 0.03042869
v 0.32192647 0.18567502 0.06002085
v 0.30128503 0.13825224 0.09025784
v 0.29849097 0.08573587 0.04702457
v 0.30128503 0.13825224 0.09025784
v 0.25915775 0.09199185 0.09520978
v 0.34372550 0.13526990 0.03042869
v 0.30128503 0.13825224 0.09025784
v 0.29849097 0.08573587 0.04702457
v 0.06230155 0.08712839 0.09050769
v 0.10783749 0.10481394 0.12271328
v 0.05074628 0.13152812 0.11206777
v 0.10783749 0.10481394 0.12271328
v 0.14801876 0.12974787 0.14487389
v 0.09535047 0.15005283 0.14191200
v 0.05074628 0.13152812 0.11206777
v 0.09535047 0.15005283 0.14191200
v 0.04839449 0.18675397 0.10962984
v 0.10783749 0.10481394 0.12271328
v 0.09535047 0.15005283 0.14191200
v 0.05074628 0.13152812 0.11206777
v 0.14801876 0.12974787 0.14487389
v 0.20100299 0.15344936 0.14629936
v 0.14826263 0.18342352 0.14793043
v 0.20100299 0.15344936 0.14629936
v 0.24434420 0.18120041 0.13051933
v 0.19336317 0.20874575 0.12043167
v 0.14826263 0.18342352 0.14793043
v 0.19336317 0.20874575 0.12043167
v 0.15375708 0.23975804 0.08970419
v 0.20100299 0.15344936 0.14629936
v 0.19336317 0.20874575 0.12043167
v 0.14826263 0.18342352 0.14793043
v 0.04839449 0.18675397 0.10962984
v 0.10767496 0.21352589 0.10948563
v 0.07338378 0.23642500 0.07210585
v 0.10767496 0.21352589 0.10948563
v 0.15375708 0.23975804 0.08970419
v 0.12443130 0.26544338 0.06405681
v 0.07338378 0.23642500 0.07210585
v 0.12443130 0.26544338 0.06405681
v 0.10935182 0.28248316 0.03077177
v 0.10767496 0.21352589 0.10948563
v 0.12443130 0.26544338 0.06405681
v 0.07338378 0.23642500 0.07210585
v 0.14801876 0.12974787 0.14487389
v 0.14826263 0.18342352 0.14793043
v 0.09535047 0.15005283 0.14191200
v 0.14826263 0.18342352 0.14793043
v 0.15375708 0.23975804 0.08970419
v 0.10767496 0.21352589 0.10948563
v 0.09535047 0.15005283 0.14191200
v 0.10767496 0.21352589 0.10948563
v 0.04839449 0.18675397 0.10962984
v 0.14826263 0.18342352 0.14793043
v 0.10767496 0.21352589 0.10948563
v 0.09535047 0.15005283 0.14191200
v 0.07838672 0.02937869 -0.10739682
v 0.06515992 0.02463764 -0.05247431
v 0.02569872 0.05708616 -0.09936856
v 0.06515992 0.02463764 -0.05247431
v 0.05790355 0.03825502 -0.00046947
v 0.02174062 0.06000649 -0.04393851
v 0.02569872 0.05708616 -0.09936856
v 0.02174062 0.06000649 -0.04393851
v -0.00867638 0.09303699 -0.09221004
v 0.06515992 0.02463764 -0.05247431
v 0.02174062 0.06000649 -0.04393851
v 0.02569872 0.05708616 -0.09936856
v 0.05790355 0.03825502 -0.00046947
v 0.05472994 0.05782861 0.04720037
v 0.01494632 0.07671452 0.01273437
v 0.05472994 0.05782861 0.04720037
v 0.06230155 0.08712839 0.09050769
v 0.01539168 0.10179481 0.06820465
v 0.01494632 0.07671452 0.01273437
v 0.01539168 0.10179481 0.06820465
v -0.01933141 0.12907340 0.02742844
v 0.05472994 0.05782861 0.04720037
v 0.01539168 0.10179481 0.06820465
v 0.01494632 0.07671452 0.01273437
v -0.00867638 0.09303699 -0.09221004
v -0.02343232 0.10242240 -0.03493098
v -0.03494124 0.13420096 -0.07650235
v -0.02343232 0.10242240 -0.03493098
v -0.01933141 0.12907340 0.02742844
v -0.03742307 0.15524589 -0.01046989
v -0.03494124 0.13420096 -0.07650235
v -0.03742307 0.15524589 -0.01046989
v -0.03474910 0.18002941 -0.05651269
v -0.02343232 0.10242240 -0.03493098
v -0.03742307 0.15524589 -0.01046989
v -0.03494124 0.13420096 -0.07650235
v 0.05790355 0.03825502 -0.00046947
v 0.01494632 0.07671452 0.01273437
v 0.02174062 0.06000649 -0.04393851
v 0.01494632 0.07671452 0.01273437
v -0.01933141 0.12907340 0.02742844
v -0.02343232 0.10242240 -0.03493098
v 0.02174062 0.06000649 -0.04393851
v -0.02343232 0.10242240 -0.03493098
v -0.00867638 0.09303699 -0.09221004
v 0.01494632 0.07671452 0.01273437
v -0.02343232 0.10242240 -0.03493098
v 0.02174062 0.06000649 -0.04393851
v 0.25895697 0.08495443 -0.19089009
v 0.21442376 0.05496002 -0.18327871
v 0.21672377 0.10546933 -0.21940805
v 0.21442376 0.05496002 -0.18327871
v 0.16716909 0.03445670 -0.16200259
v 0.16484982 0.07731644 -0.21147989
v 0.21672377 0.10546933 -0.21940805
v 0.16484982 0.07731644 -0.21147989
v 0.17192551 0.12424572 -0.24728751
v 0.21442376 0.05496002 -0.18327871
v 0.16484982 0.07731644 -0.21147989
v 0.21672377 0.10546933 -0.21940805
v 0.16716909 0.03445670 -0.16200259
v 0.12029621 0.03020083 -0.13680665
v 0.11397392 0.05559249 -0.18185550
v 0.12029621 0.03020083 -0.13680665
v 0.07838672 0.02937869 -0.10739682
v 0.06697904 0.05520682 -0.14864209
v 0.11397392 0.05559249 -0.18185550
v 0.06697904 0.05520682 -0.14864209
v 0.05892595 0.09518614 -0.19485155
v 0.12029621 0.03020083 -0.13680665
v 0.06697904 0.05520682 -0.14864209
v 0.11397392 0.05559249 -0.18185550
v 0.17192551 0.12424572 -0.24728751
v 0.11167149 0.10354178 -0.22476061
v 0.12328654 0.15166679 -0.24281164
v 0.11167149 0.10354178 -0.22476061
v 0.05892595 0.09518614 -0.19485155
v 0.05987661 0.13299190 -0.22313674
v 0.12328654 0.15166679 -0.24281164
v 0.05987661 0.13299190 -0.22313674
v 0.08098633 0.18054877 -0.22732551
v 0.11167149 0.10354178 -0.22476061
v 0.05987661 0.13299190 -0.22313674
v 0.12328654 0.15166679 -0.24281164
v 0.16716909 0.03445670 -0.16200259
v 0.11397392 0.05559249 -0.18185550
v 0.16484982 0.07731644 -0.21147989
v 0.11397392 0.05559249 -0.18185550
v 0.05892595 0.09518614 -0.19485155
v 0.11167149 0.10354178 -0.22476061
v 0.16484982 0.07731644 -0.21147989
v 0.11167149 0.10354178 -0.22476061
v 0.17192551 0.12424572 -0.24728751
v 0.11397392 0.05559249 -0.18185550
v 0.11167149 0.10354178 -0.22476061
v 0.16484982 0.07731644 -0.21147989
v 0.35900462 0.18216446 -0.03665893
v 0.35760444 0.15372060 -0.08558952
v 0.32438666 0.21527651 -0.08162929
v 0.35760444 0.15372060 -0.08558952
v 0.34130391 0.12785651 -0.12936880
v 0.33962601 0.18416347 -0.12868680
v 0.32438666 0.21527651 -0.08162929
v 0.33962601 0.18416347 -0.12868680
v 0.29159376 0.23973462 -0.10462120
v 0.35760444 0.15372060 -0.08558952
v 0.33962601 0.18416347 -0.12868680
v 0.32438666 0.21527651 -0.08162929
v 0.34130391 0.12785651 -0.12936880
v 0.30338266 0.10324471 -0.16712674
v 0.31636059 0.15155260 -0.17756450
v 0.30338266 0.10324471 -0.16712674
v 0.25895697 0.08495443 -0.19089009
v 0.27290756 0.13570620 -0.21372399
v 0.31636059 0.15155260 -0.17756450
v 0.27290756 0.13570620 -0.21372399
v 0.27183279 0.18699625 -0.21140033
v 0.30338266 0.10324471 -0.16712674
v 0.27290756 0.13570620 -0.21372399
v 0.31636059 0.15155260 -0.17756450
v 0.29159376 0.23973462 -0.10462120
v 0.28952256 0.21470214 -0.16444024
v 0.25354409 0.25991789 -0.12426010
v 0.28952256 0.21470214 -0.16444024
v 0.27183279 0.18699625 -0.21140033
v 0.24646789 0.23467477 -0.17405777
v 0.25354409 0.25991789 -0.12426010
v 0.24646789 0.23467477 -0.17405777
v 0.21781085 0.28129539 -0.13331684
v 0.28952256 0.21470214 -0.16444024
v 0.24646789 0.23467477 -0.17405777
v 0.25354409 0.25991789 -0.12426010
v 0.34130391 0.12785651 -0.12936880
v 0.31636059 0.15155260 -0.17756450
v 0.33962601 0.18416347 -0.12868680
v 0.31636059 0.15155260 -0.17756450
v 0.27183279 0.18699625 -0.21140033
v 0.28952256 0.21470214 -0.16444024
v 0.33962601 0.18416347 -0.12868680
v 0.28952256 0.21470214 -0.16444024
v 0.29159376 0.23973462 -0.10462120
v 0.31636059 0.15155260 -0.17756450
v 0.28952256 0.21470214 -0.16444024
v 0.33962601 0.18416347 -0.12868680
v 0.24434420 0.18120041 0.13051933
v 0.29042754 0.18267164 0.10120296
v 0.22959191 0.23178597 0.08217827
v 0.29042754 0.18267164 0.10120296
v 0.32192647 0.18567502 0.06002085
v 0.26774910 0.23056826 0.05921823
v 0.22959191 0.23178597 0.08217827
v 0.26774910 0.23056826 0.05921823
v 0.21495922 0.27641174 0.03709333
v 0.29042754 0.18267164 0.10120296
v 0.26774910 0.23056826 0.05921823
v 0.22959191 0.23178597 0.08217827
v 0.32192647 0.18567502 0.06002085
v 0.34767246 0.17980641 0.01744565
v 0.29510966 0.22937575 0.01238210
v 0.34767246 0.17980641 0.01744565
v 0.35900462 0.18216446 -0.03665893
v 0.31499624 0.23156925 -0.03029170
v 0.29510966 0.22937575 0.01238210
v 0.31499624 0.23156925 -0.03029170
v 0.26264518 0.27144957 -0.02568156
v 0.34767246 0.17980641 0.01744565
v 0.31499624 0.23156925 -0.03029170
v 0.29510966 0.22937575 0.01238210
v 0.21495922 0.27641174 0.03709333
v 0.24090724 0.28252900 0.00958106
v 0.20075585 0.30795076 -0.00555201
v 0.24090724 0.28252900 0.00958106
v 0.26264518 0.27144957 -0.02568156
v 0.21675859 0.30792058 -0.02461945
v 0.20075585 0.30795076 -0.00555201
v 0.21675859 0.30792058 -0.02461945
v 0.19142072 0.34098816 -0.02995999
v 0.24090724 0.28252900 0.00958106
v 0.21675859 0.30792058 -0.02461945
v 0.20075585 0.30795076 -0.00555201
v 0.32192647 0.18567502 0.06002085
v 0.29510966 0.22937575 0.01238210
v 0.26774910 0.23056826 0.05921823
v 0.29510966 0.22937575 0.01238210
v 0.26264518 0.27144957 -0.02568156
v 0.24090724 0.28252900 0.00958106
v 0.26774910 0.23056826 0.05921823
v 0.24090724 0.28252900 0.00958106
v 0.21495922 0.27641174 0.03709333
v 0.29510966 0.22937575 0.01238210
v 0.24090724 0.28252900 0.00958106
v 0.26774910 0.23056826 0.05921823
f 5761 5762 5763
f 5764 5765 5766
f 5767 5768 5769
f 5770 5771 5772
f 5773 5774 5775
f 5776 5777 5778
f 5779 5780 5781
f 5782 5783 5784
f 5785 5786 5787
f 5788 5789 5790
f 5791 5792 5793
f 5794 5795 5796
f 5797 5798 5799
f 5800 5801 5802
f 5803 5804 5805
f 5806 5807 5808
f 5809 5810 5811
f 5812 5813 5814
f 5815 5816 5817
f 5818 5819 5820
f 5821 5822 5823
f 5824 5825 5826
f 5827 5828 5829
f 5830 5831 5832
f 5833 5834 5835
f 5836 5837 5838
f 5839 5840 5841
f 5842 5843 5844
f 5845 5846 5847
f 5848 5849 5850
f 5851 5852 5853
f 5854 5855 5856
f 5857 5858 5859
f 5860 5861 5862
f 5863 5864 5865
f 5866 5867 5868
f 5869 5870 5871
f 5872 5873 5874
f 5875 5876 5877
f 5878 5879 5880
f 5881 5882 5883
f 5884 5885 5886
f 5887 5888 5889
f 5890 5891 5892
f 5893 5894 5895
f 5896 5897 5898
f 5899 5900 5901
f 5902 5903 5904
f 5905 5906 5907
f 5908 5909 5910
f 5911 5912 5913
f 5914 5915 5916
f 5917 5918 5919
f 5920 5921 5922
f 5923 5924 5925
f 5926 5927 5928
f 5929 5930 5931
f 5932 5933 5934
f 5935 5936 5937
f 5938 5939 5940
f 5941 5942 5943
f 5944 5945 5946
f 5947 5948 5949
f 5950 5951 5952
f 5953 5954 5955
f 5956 5957 5958
f 5959 5960 5961
f 5962 5963 5964
f 5965 5966 5967
f 5968 5969 5970
f 5971 5972 5973
f 5974 5975 5976
f 5977 5978 5979
f 5980 5981 5982
f 5983 5984 5985
f 5986 5987 5988
f 5989 5990 5991
f 5992 5993 5994
f 5995 5996 5997
f 5998 5999 6000
f 6001 6002 6003
f 6004 6005 6006
f 6007 6008 6009
f 6010 6011 6012
f 6013 6014 6015
f 6016 6017 6018
f 6019 6020 6021
f 6022 6023 6024
f 6025 6026 6027
f 6028 6029 6030
f 6031 6032 6033
f 6034 6035 6036
f 6037 6038 6039
f 6040 6041 6042
f 6043 6044 6045
f 6046 6047 6048
f 6049 6050 6051
f 6052 6053 6054
f 6055 6056 6057
f 6058 6059 6060
f 6061 6062 6063
f 6064 6065 6066
f 6067 6068 6069
f 6070 6071 6072
f 6073 6074 6075
f 6076 6077 6078
f 6079 6080 6081
f 6082 6083 6084
f 6085 6086 6087
f 6088 6089 6090
f 6091 6092 6093
f 6094 6095 6096
f 6097 6098 6099
f 6100 6101 6102
f 6103 6104 6105
f 6106 6107 6108
f 6109 6110 6111
f 6112 6113 6114
f 6115 6116 6117
f 6118 6119 6120
f 6121 6122 6123
f 6124 6125 6126
f 6127 6128 6129
f 6130 6131 6132
f 6133 6134 6135
f 6136 6137 6138
f 6139 6140 6141
f 6142 6143 6144
f 6145 6146 6147
f 6148 6149 6150
f 6151 6152 6153
f 6154 6155 6156
f 6157 6158 6159
f 6160 6161 6162
f 6163 6164 6165
f 6166 6167 6168
f 6169 6170 6171
f 6172 6173 6174
f 6175 6176 6177
f 6178 6179 6180
f 6181 6182 6183
f 6184 6185 6186
f 6187 6188 6189
f 6190 6191 6192
f 6193 6194 6195
f 6196 6197 6198
f 6199 6200 6201
f 6202 6203 6204
f 6205 6206 6207
f 6208 6209 6210
f 6211 6212 6213
f 6214 6215 6216
f 6217 6218 6219
f 6220 6221 6222
f 6223 6224 6225
f 6226 6227 6228
f 6229 6230 6231
f 6232 6233 6234
f 6235 6236 6237
f 6238 6239 6240
f 6241 6242 6243
f 6244 6245 6246
f 6247 6248 6249
f 6250 6251 6252
f 6253 6254 6255
f 6256 6257 6258
f 6259 6260 6261
f 6262 6263 6264
f 6265 6266 6267
f 6268 6269 6270
f 6271 6272 6273
f 6274 6275 6276
f 6277 6278 6279
f 6280 6281 6282
f 6283 6284 6285
f 6286 6287 6288
f 6289 6290 6291
f 6292 6293 6294
f 6295 6296 6297
f 6298 6299 6300
f 6301 6302 6303
f 6304 6305 6306
f 6307 6308 6309
f 6310 6311 6312
f 6313 6314 6315
f 6316 6317 6318
f 6319 6320 6321
f 6322 6323 6324
f 6325 6326 6327
f 6328 6329 6330
f 6331 6332 6333
f 6334 6335 6336
f 6337 6338 6339
f 6340 6341 6342
f 6343 6344 6345
f 6346 6347 6348
f 6349 6350 6351
f 6352 6353 6354
f 6355 6356 6357
f 6358 6359 6360
f 6361 6362 6363
f 6364 6365 6366
f 6367 6368 6369
f 6370 6371 6372
f 6373 6374 6375
f 6376 6377 6378
f 6379 6380 6381
f 6382 6383 6384
f 6385 6386 6387
f 6388 6389 6390
f 6391 6392 6393
f 6394 6395 6396
f 6397 6398 6399
f 6400 6401 6402
f 6403 6404 6405
f 6406 6407 6408
f 6409 6410 6411
f 6412 6413 6414
f 6415 6416 6417
f 6418 6419 6420
f 6421 6422 6423
f 6424 6425 6426
f 6427 6428 6429
f 6430 6431 6432
f 6433 6434 6435
f 6436 6437 6438
f 6439 6440 6441
f 6442 6443 6444
f 6445 6446 6447
f 6448 6449 6450
f 6451 6452 6453
f 6454 6455 6456
f 6457 6458 6459
f 6460 6461 6462
f 6463 6464 6465
f 6466 6467 6468
f 6469 6470 6471
f 6472 6473 6474
f 6475 6476 6477
f 6478 6479 6480
f 6481 6482 6483
f 6484 6485 6486
f 6487 6488 6489
f 6490 6491 6492
f 6493 6494 6495
f 6496 6497 6498
f 6499 6500 6501
f 6502 6503 6504
f 6505 6506 6507
f 6508 6509 6510
f 6511 6512 6513
f 6514 6515 6516
f 6517 6518 6519
f 6520 6521 6522
f 6523 6524 6525
f 6526 6527 6528
f 6529 6530 6531
f 6532 6533 6534
f 6535 6536 6537
f 6538 6539 6540
f 6541 6542 6543
f 6544 6545 6546
f 6547 6548 6549
f 6550 6551 6552
f 6553 6554 6555
f 6556 6557 6558
f 6559 6560 6561
f 6562 6563 6564
f 6565 6566 6567
f 6568 6569 6570
f 6571 6572 6573
f 6574 6575 6576
f 6577 6578 6579
f 6580 6581 6582
f 6583 6584 6585
f 6586 6587 6588
f 6589 6590 6591
f 6592 6593 6594
f 6595 6596 6597
f 6598 6599 6600
f 6601 6602 6603
f 6604 6605 6606
f 6607 6608 6609
f 6610 6611 6612
f 6613 6614 6615
f 6616 6617 6618
f 6619 6620 6621
f 6622 6623 6624
f 6625 6626 6627
f 6628 6629 6630
f 6631 6632 6633
f 6634 6635 6636
f 6637 6638 6639
f 6640 6641 6642
f 6643 6644 6645
f 6646 6647 6648
f 6649 6650 6651
f 6652 6653 6654
f 6655 6656 6657
f 6658 6659 6660
f 6661 6662 6663
f 6664 6665 6666
f 6667 6668 6669
f 6670 6671 6672
f 6673 6674 6675
f 6676 6677 6678
f 6679 6680 6681
f 6682 6683 6684
f 6685 6686 6687
f 6688 6689 6690
f 6691 6692 6693
f 6694 6695 6696
f 6697 6698 6699
f 6700 6701 6702
f 6703 6704 6705
f 6706 6707 6708
f 6709 6710 6711
f 6712 6713 6714
f 6715 6716 6717
f 6718 6719 6720

o geometry_2
usemtl material_2
v -0.19086769 0.41803363 -0.09576991
v -0.19962569 0.40383226 -0.08122484
v -0.17824267 0.41634744 -0.07766727
v -0.19962569 0.40383226 -0.08122484
v -0.19953454 0.38358226 -0.07228789
v -0.18333691 0.39609745 -0.06386488
v -0.17824267 0.41634744 -0.07766727
v -0.18333691 0.39609745 -0.06386488
v -0.16315557 0.40487438 -0.06623538
v -0.19962569 0.40383226 -0.08122484
v -0.18333691 0.39609745 -0.06386488
v -0.17824267 0.41634744 -0.07766727
v -0.19086769 0.41803363 -0.09576991
v -0.17824267 0.41634744 -0.07766727
v -0.17000000 0.42408228 -0.10000000
v -0.17824267 0.41634744 -0.07766727
v -0.16315557 0.40487438 -0.06623538
v -0.15371123 0.41634744 -0.08264004
v -0.17000000 0.42408228 -0.10000000
v -0.15371123 0.41634744 -0.08264004
v -0.14913231 0.41803363 -0.10423009
v -0.17824267 0.41634744 -0.07766727
v -0.15371123 0.41634744 -0.08264004
v -0.17000000 0.42408228 -0.10000000
v -0.19086769 0.41803363 -0.09576991
v -0.17000000 0.42408228 -0.10000000
v -0.18628877 0.41634744 -0.11735997
v -0.17000000 0.42408228 -0.10000000
v -0.14913231 0.41803363 -0.10423009
v -0.16175734 0.41634744 -0.12233273
v -0.18628877 0.41634744 -0.11735997
v -0.16175734 0.41634744 -0.12233273
v -0.17684443 0.40487438 -0.13376462
v -0.17000000 0.42408228 -0.10000000
v -0.16175734 0.41634744 -0.12233273
v -0.18628877 0.41634744 -0.11735997
v -0.19086769 0.41803363 -0.09576991
v -0.18628877 0.41634744 -0.11735997
v -0.20459846 0.40383226 -0.10575628
v -0.18628877 0.41634744 -0.11735997
v -0.17684443 0.40487438 -0.13376462
v -0.19635579 0.39609745 -0.12808901
v -0.20459846 0.40383226 -0.10575628
v -0.19635579 0.39609745 -0.12808901
v -0.20799471 0.38358226 -0.11402326
v -0.18628877 0.41634744 -0.11735997
v -0.19635579 0.39609745 -0.12808901
v -0.20459846 0.40383226 -0.10575628
v -0.19086769 0.41803363 -0.09576991
v -0.20459846 0.40383226 -0.10575628
v -0.19962569 0.40383226 -0.08122484
v -0.20459846 0.40383226 -0.10575628
v -0.20799471 0.38358226 -0.11402326
v -0.20969270 0.38358226 -0.09195389
v -0.19962569 0.40383226 -0.08122484
v -0.20969270 0.38358226 -0.09195389
v -0.19953454 0.38358226 -0.07228789
v -0.20459846 0.40383226 -0.10575628
v -0.20969270 0.38358226 -0.09195389
v -0.19962569 0.40383226 -0.08122484
v -0.14913231 0.41803363 -0.10423009
v -0.15371123 0.41634744 -0.08264004
v -0.13540155 0.40383226 -0.09424372
v -0.15371123 0.41634744 -0.08264004
v -0.16315557 0.40487438 -0.06623538
v -0.14364421 0.39609745 -0.07191098
v -0.13540155 0.40383226 -0.09424372
v -0.14364421 0.39609745 -0.07191098
v -0.13200529 0.38358226 -0.08597674
v -0.15371123 0.41634744 -0.08264004
v -0.14364421 0.39609745 -0.07191098
v -0.13540155 0.40383226 -0.09424372
v -0.16315557 0.40487438 -0.06623538
v -0.18333691 0.39609745 -0.06386488
v -0.16195390 0.38358226 -0.06030731
v -0.18333691 0.39609745 -0.06386488
v -0.19953454 0.38358226 -0.07228789
v -0.18333691 0.37106708 -0.06386488
v -0.16195390 0.38358226 -0.06030731
v -0.18333691 0.37106708 -0.06386488
v -0.16315557 0.36229017 -0.06623538
v -0.18333691 0.39609745 -0.06386488
v -0.18333691 0.37106708 -0.06386488
v -0.16195390 0.38358226 -0.06030731
v -0.19953454 0.38358226 -0.07228789
v -0.20969270 0.38358226 -0.09195389
v -0.19962569 0.36333227 -0.08122484
v -0.20969270 0.38358226 -0.09195389
v -0.20799471 0.38358226 -0.11402326
v -0.20459846 0.36333227 -0.10575628
v -0.19962569 0.36333227 -0.08122484
v -0.20459846 0.36333227 -0.10575628
v -0.19086769 0.34913090 -0.09576991
v -0.20969270 0.38358226 -0.09195389
v -0.20459846 0.36333227 -0.10575628
v -0.19962569 0.36333227 -0.08122484
v -0.20799471 0.38358226 -0.11402326
v -0.19635579 0.39609745 -0.12808901
v -0.19635579 0.37106708 -0.12808901
v -0.19635579 0.39609745 -0.12808901
v -0.17684443 0.40487438 -0.13376462
v -0.17804611 0.38358226 -0.13969269
v -0.19635579 0.37106708 -0.12808901
v -0.17804611 0.38358226 -0.13969269
v -0.17684443 0.36229017 -0.13376462
v -0.19635579 0.39609745 -0.12808901
v -0.17804611 0.38358226 -0.13969269
v -0.19635579 0.37106708 -0.12808901
v -0.17684443 0.40487438 -0.13376462
v -0.16175734 0.41634744 -0.12233273
v -0.15666309 0.39609745 -0.13613512
v -0.16175734 0.41634744 -0.12233273
v -0.14913231 0.41803363 -0.10423009
v -0.14037432 0.40383226 -0.11877516
v -0.15666309 0.39609745 -0.13613512
v -0.14037432 0.40383226 -0.11877516
v -0.14046547 0.38358226 -0.12771212
v -0.16175734 0.41634744 -0.12233273
v -0.14037432 0.40383226 -0.11877516
v -0.15666309 0.39609745 -0.13613512
v -0.14913231 0.34913090 -0.10423009
v -0.13540155 0.36333227 -0.09424372
v -0.15371123 0.35081708 -0.08264004
v -0.13540155 0.36333227 -0.09424372
v -0.13200529 0.38358226 -0.08597674
v -0.14364421 0.37106708 -0.07191098
v -0.15371123 0.35081708 -0.08264004
v -0.14364421 0.37106708 -0.07191098
v -0.16315557 0.36229017 -0.06623538
v -0.13540155 0.36333227 -0.09424372
v -0.14364421 0.37106708 -0.07191098
v -0.15371123 0.35081708 -0.08264004
v -0.14913231 0.34913090 -0.10423009
v -0.15371123 0.35081708 -0.08264004
v -0.17000000 0.34308228 -0.10000000
v -0.15371123 0.35081708 -0.08264004
v -0.16315557 0.36229017 -0.06623538
v -0.17824267 0.35081708 -0.07766727
v -0.17000000 0.34308228 -0.10000000
v -0.17824267 0.35081708 -0.07766727
v -0.19086769 0.34913090 -0.09576991
v -0.15371123 0.35081708 -0.08264004
v -0.17824267 0.35081708 -0.07766727
v -0.17000000 0.34308228 -0.10000000
v -0.14913231 0.34913090 -0.10423009
v -0.17000000 0.34308228 -0.10000000
v -0.16175734 0.35081708 -0.12233273
v -0.17000000 0.34308228 -0.10000000
v -0.19086769 0.34913090 -0.09576991
v -0.18628877 0.35081708 -0.11735997
v -0.16175734 0.35081708 -0.12233273
v -0.18628877 0.35081708 -0.11735997
v -0.17684443 0.36229017 -0.13376462
v -0.17000000 0.34308228 -0.10000000
v -0.18628877 0.35081708 -0.11735997
v -0.16175734 0.35081708 -0.12233273
v -0.14913231 0.34913090 -0.10423009
v -0.16175734 0.35081708 -0.12233273
v -0.14037432 0.36333227 -0.11877516
v -0.16175734 0.35081708 -0.12233273
v -0.17684443 0.36229017 -0.13376462
v -0.15666309 0.37106708 -0.13613512
v -0.14037432 0.36333227 -0.11877516
v -0.15666309 0.37106708 -0.13613512
v -0.14046547 0.38358226 -0.12771212
v -0.16175734 0.35081708 -0.12233273
v -0.15666309 0.37106708 -0.13613512
v -0.14037432 0.36333227 -0.11877516
v -0.14913231 0.34913090 -0.10423009
v -0.14037432 0.36333227 -0.11877516
v -0.13540155 0.36333227 -0.09424372
v -0.14037432 0.36333227 -0.11877516
v -0.14046547 0.38358226 -0.12771212
v -0.13030730 0.38358226 -0.10804611
v -0.13540155 0.36333227 -0.09424372
v -0.13030730 0.38358226 -0.10804611
v -0.13200529 0.38358226 -0.08597674
v -0.14037432 0.36333227 -0.11877516
v -0.13030730 0.38358226 -0.10804611
v -0.13540155 0.36333227 -0.09424372
v -0.16315557 0.36229017 -0.06623538
v -0.14364421 0.37106708 -0.07191098
v -0.16195390 0.38358226 -0.06030731
v -0.14364421 0.37106708 -0.07191098
v -0.13200529 0.38358226 -0.08597674
v -0.14364421 0.39609745 -0.07191098
v -0.16195390 0.38358226 -0.06030731
v -0.14364421 0.39609745 -0.07191098
v -0.16315557 0.40487438 -0.06623538
v -0.14364421 0.37106708 -0.07191098
v -0.14364421 0.39609745 -0.07191098
v -0.16195390 0.38358226 -0.06030731
v -0.19086769 0.34913090 -0.09576991
v -0.17824267 0.35081708 -0.07766727
v -0.19962569 0.36333227 -0.08122484
v -0.17824267 0.35081708 -0.07766727
v -0.16315557 0.36229017 -0.06623538
v -0.18333691 0.37106708 -0.06386488
v -0.19962569 0.36333227 -0.08122484
v -0.18333691 0.37106708 -0.06386488
v -0.19953454 0.38358226 -0.07228789
v -0.17824267 0.35081708 -0.07766727
v -0.18333691 0.37106708 -0.06386488
v -0.19962569 0.36333227 -0.08122484
v -0.17684443 0.36229017 -0.13376462
v -0.18628877 0.35081708 -0.11735997
v -0.19635579 0.37106708 -0.12808901
v -0.18628877 0.35081708 -0.11735997
v -0.19086769 0.34913090 -0.09576991
v -0.20459846 0.36333227 -0.10575628
v -0.19635579 0.37106708 -0.12808901
v -0.20459846 0.36333227 -0.10575628
v -0.20799471 0.38358226 -0.11402326
v -0.18628877 0.35081708 -0.11735997
v -0.20459846 0.36333227 -0.10575628
v -0.19635579 0.37106708 -0.12808901
v -0.14046547 0.38358226 -0.12771212
v -0.15666309 0.37106708 -0.13613512
v -0.15666309 0.39609745 -0.13613512
v -0.15666309 0.37106708 -0.13613512
v -0.17684443 0.36229017 -0.13376462
v -0.17804611 0.38358226 -0.13969269
v -0.15666309 0.39609745 -0.13613512
v -0.17804611 0.38358226 -0.13969269
v -0.17684443 0.40487438 -0.13376462
v -0.15666309 0.37106708 -0.13613512
v -0.17804611 0.38358226 -0.13969269
v -0.15666309 0.39609745 -0.13613512
v -0.13200529 0.38358226 -0.08597674
v -0.13030730 0.38358226 -0.10804611
v -0.13540155 0.40383226 -0.09424372
v -0.13030730 0.38358226 -0.10804611
v -0.14046547 0.38358226 -0.12771212
v -0.14037432 0.40383226 -0.11877516
v -0.13540155 0.40383226 -0.09424372
v -0.14037432 0.40383226 -0.11877516
v -0.14913231 0.41803363 -0.10423009
v -0.13030730 0.38358226 -0.10804611
v -0.14037432 0.40383226 -0.11877516
v -0.13540155 0.40383226 -0.09424372
f 6721 6722 6723
f 6724 6725 6726
f 6727 6728 6729
f 6730 6731 6732
f 6733 6734 6735
f 6736 6737 6738
f 6739 6740 6741
f 6742 6743 6744
f 6745 6746 6747
f 6748 6749 6750
f 6751 6752 6753
f 6754 6755 6756
f 6757 6758 6759
f 6760 6761 6762
f 6763 6764 6765
f 6766 6767 6768
f 6769 6770 6771
f 6772 6773 6774
f 6775 6776 6777
f 6778 6779 6780
f 6781 6782 6783
f 6784 6785 6786
f 6787 6788 6789
f 6790 6791 6792
f 6793 6794 6795
f 6796 6797 6798
f 6799 6800 6801
f 6802 6803 6804
f 6805 6806 6807
f 6808 6809 6810
f 6811 6812 6813
f 6814 6815 6816
f 6817 6818 6819
f 6820 6821 6822
f 6823 6824 6825
f 6826 6827 6828
f 6829 6830 6831
f 6832 6833 6834
f 6835 6836 6837
f 6838 6839 6840
f 6841 6842 6843
f 6844 6845 6846
f 6847 6848 6849
f 6850 6851 6852
f 6853 6854 6855
f 6856 6857 6858
f 6859 6860 6861
f 6862 6863 6864
f 6865 6866 6867
f 6868 6869 6870
f 6871 6872 6873
f 6874 6875 6876
f 6877 6878 6879
f 6880 6881 6882
f 6883 6884 6885
f 6886 6887 6888
f 6889 6890 6891
f 6892 6893 6894
f 6895 6896 6897
f 6898 6899 6900
f 6901 6902 6903
f 6904 6905 6906
f 6907 6908 6909
f 6910 6911 6912
f 6913 6914 6915
f 6916 6917 6918
f 6919 6920 6921
f 6922 6923 6924
f 6925 6926 6927
f 6928 6929 6930
f 6931 6932 6933
f 6934 6935 6936
f 6937 6938 6939
f 6940 6941 6942
f 6943 6944 6945
f 6946 6947 6948
f 6949 6950 6951
f 6952 6953 6954
f 6955 6956 6957
f 6958 6959 6960

o geometry_1
usemtl material_3
v -0.11046095 0.32283226 -0.11206916
v -0.17000000 0.32283226 -0.10000000
v -0.12892598 0.32283226 -0.14476033
v -0.11046095 0.32283226 -0.11206916
v -0.12892598 0.32283226 -0.14476033
v -0.11046095 0.36333227 -0.11206916
v -0.11046095 0.36333227 -0.11206916
v -0.12892598 0.32283226 -0.14476033
v -0.12892598 0.36333227 -0.14476033
v -0.11046095 0.36333227 -0.11206916
v -0.12892598 0.36333227 -0.14476033
v -0.17000000 0.36333227 -0.10000000
v -0.12892598 0.32283226 -0.14476033
v -0.17000000 0.32283226 -0.10000000
v -0.16307987 0.32283226 -0.16035457
v -0.12892598 0.32283226 -0.14476033
v -0.16307987 0.32283226 -0.16035457
v -0.12892598 0.36333227 -0.14476033
v -0.12892598 0.36333227 -0.14476033
v -0.16307987 0.32283226 -0.16035457
v -0.16307987 0.36333227 -0.16035457
v -0.12892598 0.36333227 -0.14476033
v -0.16307987 0.36333227 -0.16035457
v -0.17000000 0.36333227 -0.10000000
v -0.16307987 0.32283226 -0.16035457
v -0.17000000 0.32283226 -0.10000000
v -0.19987704 0.32283226 -0.15289542
v -0.16307987 0.32283226 -0.16035457
v -0.19987704 0.32283226 -0.15289542
v -0.16307987 0.36333227 -0.16035457
v -0.16307987 0.36333227 -0.16035457
v -0.19987704 0.32283226 -0.15289542
v -0.19987704 0.36333227 -0.15289542
v -0.16307987 0.36333227 -0.16035457
v -0.19987704 0.36333227 -0.15289542
v -0.17000000 0.36333227 -0.10000000
v -0.19987704 0.32283226 -0.15289542
v -0.17000000 0.32283226 -0.10000000
v -0.22526218 0.32283226 -0.12523201
v -0.19987704 0.32283226 -0.15289542
v -0.22526218 0.32283226 -0.12523201
v -0.19987704 0.36333227 -0.15289542
v -0.19987704 0.36333227 -0.15289542
v -0.22526218 0.32283226 -0.12523201
v -0.22526218 0.36333227 -0.12523201
v -0.19987704 0.36333227 -0.15289542
v -0.22526218 0.36333227 -0.12523201
v -0.17000000 0.36333227 -0.10000000
v -0.22526218 0.32283226 -0.12523201
v -0.17000000 0.32283226 -0.10000000
v -0.22953905 0.32283226 -0.08793084
v -0.22526218 0.32283226 -0.12523201
v -0.22953905 0.32283226 -0.08793084
v -0.22526218 0.36333227 -0.12523201
v -0.22526218 0.36333227 -0.12523201
v -0.22953905 0.32283226 -0.08793084
v -0.22953905 0.36333227 -0.08793084
v -0.22526218 0.36333227 -0.12523201
v -0.22953905 0.36333227 -0.08793084
v -0.17000000 0.36333227 -0.10000000
v -0.22953905 0.32283226 -0.08793084
v -0.17000000 0.32283226 -0.10000000
v -0.21107402 0.32283226 -0.05523967
v -0.22953905 0.32283226 -0.08793084
v -0.21107402 0.32283226 -0.05523967
v -0.22953905 0.36333227 -0.08793084
v -0.22953905 0.36333227 -0.08793084
v -0.21107402 0.32283226 -0.05523967
v -0.21107402 0.36333227 -0.05523967
v -0.22953905 0.36333227 -0.08793084
v -0.21107402 0.36333227 -0.05523967
v -0.17000000 0.36333227 -0.10000000
v -0.21107402 0.32283226 -0.05523967
v -0.17000000 0.32283226 -0.10000000
v -0.17692012 0.32283226 -0.03964543
v -0.21107402 0.32283226 -0.05523967
v -0.17692012 0.32283226 -0.03964543
v -0.21107402 0.36333227 -0.05523967
v -0.21107402 0.36333227 -0.05523967
v -0.17692012 0.32283226 -0.03964543
v -0.17692012 0.36333227 -0.03964543
v -0.21107402 0.36333227 -0.05523967
v -0.17692012 0.36333227 -0.03964543
v -0.17000000 0.36333227 -0.10000000
v -0.17692012 0.32283226 -0.03964543
v -0.17000000 0.32283226 -0.10000000
v -0.14012296 0.32283226 -0.04710458
v -0.17692012 0.32283226 -0.03964543
v -0.14012296 0.32283226 -0.04710458
v -0.17692012 0.36333227 -0.03964543
v -0.17692012 0.36333227 -0.03964543
v -0.14012296 0.32283226 -0.04710458
v -0.14012296 0.36333227 -0.04710458
v -0.17692012 0.36333227 -0.03964543
v -0.14012296 0.36333227 -0.04710458
v -0.17000000 0.36333227 -0.10000000
v -0.14012296 0.32283226 -0.04710458
v -0.17000000 0.32283226 -0.10000000
v -0.11473782 0.32283226 -0.07476798
v -0.14012296 0.32283226 -0.04710458
v -0.11473782 0.32283226 -0.07476798
v -0.14012296 0.36333227 -0.04710458
v -0.14012296 0.36333227 -0.04710458
v -0.11473782 0.32283226 -0.07476798
v -0.11473782 0.36333227 -0.07476798
v -0.14012296 0.36333227 -0.04710458
v -0.11473782 0.36333227 -0.07476798
v -0.17000000 0.36333227 -0.10000000
v -0.11473782 0.32283226 -0.07476798
v -0.17000000 0.32283226 -0.10000000
v -0.11046095 0.32283226 -0.11206916
v -0.11473782 0.32283226 -0.07476798
v -0.11046095 0.32283226 -0.11206916
v -0.11473782 0.36333227 -0.07476798
v -0.11473782 0.36333227 -0.07476798
v -0.11046095 0.32283226 -0.11206916
v -0.11046095 0.36333227 -0.11206916
v -0.11473782 0.36333227 -0.07476798
v -0.11046095 0.36333227 -0.11206916
v -0.17000000 0.36333227 -0.10000000
f 6961 6962 6963
f 6964 6965 6966
f 6967 6968 6969
f 6970 6971 6972
f 6973 6974 6975
f 6976 6977 6978
f 6979 6980 6981
f 6982 6983 6984
f 6985 6986 6987
f 6988 6989 6990
f 6991 6992 6993
f 6994 6995 6996
f 6997 6998 6999
f 7000 7001 7002
f 7003 7004 7005
f 7006 7007 7008
f 7009 7010 7011
f 7012 7013 7014
f 7015 7016 7017
f 7018 7019 7020
f 7021 7022 7023
f 7024 7025 7026
f 7027 7028 7029
f 7030 7031 7032
f 7033 7034 7035
f 7036 7037 7038
f 7039 7040 7041
f 7042 7043 7044
f 7045 7046 7047
f 7048 7049 7050
f 7051 7052 7053
f 7054 7055 7056
f 7057 7058 7059
f 7060 7061 7062
f 7063 7064 7065
f 7066 7067 7068
f 7069 7070 7071
f 7072 7073 7074
f 7075 7076 7077
f 7078 7079 7080

o geometry_0
usemtl material_4
v -0.20274240 0.35036817 -0.08975551
v -0.23098539 0.31922963 -0.07472114
v -0.19082974 0.35364306 -0.07632936
v -0.23098539 0.31922963 -0.07472114
v -0.26266688 0.28490689 -0.03893075
v -0.21803576 0.31738526 -0.05105309
v -0.19082974 0.35364306 -0.07632936
v -0.21803576 0.31738526 -0.05105309
v -0.18511610 0.33825523 -0.06226826
v -0.23098539 0.31922963 -0.07472114
v -0.21803576 0.31738526 -0.05105309
v -0.19082974 0.35364306 -0.07632936
v -0.26266688 0.28490689 -0.03893075
v -0.29504281 0.24080119 -0.00490873
v -0.24831362 0.27004316 -0.00015305
v -0.29504281 0.24080119 -0.00490873
v -0.32156226 0.18598931 0.03905300
v -0.26494652 0.21752916 0.04870307
v -0.24831362 0.27004316 -0.00015305
v -0.26494652 0.21752916 0.04870307
v -0.21783110 0.24513878 0.03967712
v -0.29504281 0.24080119 -0.00490873
v -0.26494652 0.21752916 0.04870307
v -0.24831362 0.27004316 -0.00015305
v -0.18511610 0.33825523 -0.06226826
v -0.20380127 0.29993981 -0.01702356
v -0.17095797 0.32061389 -0.03343268
v -0.20380127 0.29993981 -0.01702356
v -0.21783110 0.24513878 0.03967712
v -0.18212257 0.26822186 0.02040620
v -0.17095797 0.32061389 -0.03343268
v -0.18212257 0.26822186 0.02040620
v -0.15059569 0.28510067 0.00300195
v -0.20380127 0.29993981 -0.01702356
v -0.18212257 0.26822186 0.02040620
v -0.17095797 0.32061389 -0.03343268
v -0.26266688 0.28490689 -0.03893075
v -0.24831362 0.27004316 -0.00015305
v -0.21803576 0.31738526 -0.05105309
v -0.24831362 0.27004316 -0.00015305
v -0.21783110 0.24513878 0.03967712
v -0.20380127 0.29993981 -0.01702356
v -0.21803576 0.31738526 -0.05105309
v -0.20380127 0.29993981 -0.01702356
v -0.18511610 0.33825523 -0.06226826
v -0.24831362 0.27004316 -0.00015305
v -0.20380127 0.29993981 -0.01702356
v -0.21803576 0.31738526 -0.05105309
v -0.20274240 0.35036817 -0.08975551
v -0.19082974 0.35364306 -0.07632936
v -0.18534483 0.36682346 -0.09569296
v -0.19082974 0.35364306 -0.07632936
v -0.18511610 0.33825523 -0.06226826
v -0.17939086 0.36948362 -0.08629558
v -0.18534483 0.36682346 -0.09569296
v -0.17939086 0.36948362 -0.08629558
v -0.17181294 0.37538636 -0.09796150
v -0.19082974 0.35364306 -0.07632936
v -0.17939086 0.36948362 -0.08629558
v -0.18534483 0.36682346 -0.09569296
v -0.18511610 0.33825523 -0.06226826
v -0.17095797 0.32061389 -0.03343268
v -0.15889579 0.34729910 -0.06488248
v -0.17095797 0.32061389 -0.03343268
v -0.15059569 0.28510067 0.00300195
v -0.14206219 0.32124346 -0.03727472
v -0.15889579 0.34729910 -0.06488248
v -0.14206219 0.32124346 -0.03727472
v -0.14053167 0.34006262 -0.07064266
v -0.17095797 0.32061389 -0.03343268
v -0.14206219 0.32124346 -0.03727472
v -0.15889579 0.34729910 -0.06488248
v -0.17181294 0.37538636 -0.09796150
v -0.15538524 0.37162429 -0.09016152
v -0.15634823 0.37241799 -0.10546007
v -0.15538524 0.37162429 -0.09016152
v -0.14053167 0.34006262 -0.07064266
v -0.14018694 0.34910625 -0.08636750
v -0.15634823 0.37241799 -0.10546007
v -0.14018694 0.34910625 -0.08636750
v -0.13753393 0.35034502 -0.10313329
v -0.15538524 0.37162429 -0.09016152
v -0.14018694 0.34910625 -0.08636750
v -0.15634823 0.37241799 -0.10546007
v -0.18511610 0.33825523 -0.06226826
v -0.15889579 0.34729910 -0.06488248
v -0.17939086 0.36948362 -0.08629558
v -0.15889579 0.34729910 -0.06488248
v -0.14053167 0.34006262 -0.07064266
v -0.15538524 0.37162429 -0.09016152
v -0.17939086 0.36948362 -0.08629558
v -0.15538524 0.37162429 -0.09016152
v -0.17181294 0.37538636 -0.09796150
v -0.15889579 0.34729910 -0.06488248
v -0.15538524 0.37162429 -0.09016152
v -0.17939086 0.36948362 -0.08629558
v -0.20274240 0.35036817 -0.08975551
v -0.18534483 0.36682346 -0.09569296
v -0.19819359 0.34842613 -0.11273406
v -0.18534483 0.36682346 -0.09569296
v -0.17181294 0.37538636 -0.09796150
v -0.18452008 0.36548257 -0.11235063
v -0.19819359 0.34842613 -0.11273406
v -0.18452008 0.36548257 -0.11235063
v -0.19928475 0.34222096 -0.13031560
v -0.18534483 0.36682346 -0.09569296
v -0.18452008 0.36548257 -0.11235063
v -0.19819359 0.34842613 -0.11273406
v -0.17181294 0.37538636 -0.09796150
v -0.15634823 0.37241799 -0.10546007
v -0.16609952 0.36519590 -0.11413694
v -0.15634823 0.37241799 -0.10546007
v -0.13753393 0.35034502 -0.10313329
v -0.14239778 0.35171169 -0.12096640
v -0.16609952 0.36519590 -0.11413694
v -0.14239778 0.35171169 -0.12096640
v -0.15381894 0.34401232 -0.14497766
v -0.15634823 0.37241799 -0.10546007
v -0.14239778 0.35171169 -0.12096640
v -0.16609952 0.36519590 -0.11413694
v -0.19928475 0.34222096 -0.13031560
v -0.17916727 0.34494001 -0.13473624
v -0.19822945 0.32187080 -0.15780011
v -0.17916727 0.34494001 -0.13473624
v -0.15381894 0.34401232 -0.14497766
v -0.16928230 0.31662622 -0.16803624
v -0.19822945 0.32187080 -0.15780011
v -0.16928230 0.31662622 -0.16803624
v -0.19133385 0.28764817 -0.20001009
v -0.17916727 0.34494001 -0.13473624
v -0.16928230 0.31662622 -0.16803624
v -0.19822945 0.32187080 -0.15780011
v -0.17181294 0.37538636 -0.09796150
v -0.16609952 0.36519590 -0.11413694
v -0.18452008 0.36548257 -0.11235063
v -0.16609952 0.36519590 -0.11413694
v -0.15381894 0.34401232 -0.14497766
v -0.17916727 0.34494001 -0.13473624
v -0.18452008 0.36548257 -0.11235063
v -0.17916727 0.34494001 -0.13473624
v -0.19928475 0.34222096 -0.13031560
v -0.16609952 0.36519590 -0.11413694
v -0.17916727 0.34494001 -0.13473624
v -0.18452008 0.36548257 -0.11235063
v -0.20274240 0.35036817 -0.08975551
v -0.19819359 0.34842613 -0.11273406
v -0.23687994 0.31811535 -0.10391494
v -0.19819359 0.34842613 -0.11273406
v -0.19928475 0.34222096 -0.13031560
v -0.22870198 0.32006332 -0.12595254
v -0.23687994 0.31811535 -0.10391494
v -0.22870198 0.32006332 -0.12595254
v -0.27645463 0.28398225 -0.11587765
v -0.19819359 0.34842613 -0.11273406
v -0.22870198 0.32006332 -0.12595254
v -0.23687994 0.31811535 -0.10391494
v -0.19928475 0.34222096 -0.13031560
v -0.19822945 0.32187080 -0.15780011
v -0.23047853 0.30027068 -0.16949442
v -0.19822945 0.32187080 -0.15780011
v -0.19133385 0.28764817 -0.20001009
v -0.22494137 0.26915953 -0.21117090
v -0.23047853 0.30027068 -0.16949442
v -0.22494137 0.26915953 -0.21117090
v -0.26994821 0.24849305 -0.20844382
v -0.19822945 0.32187080 -0.15780011
v -0.22494137 0.26915953 -0.21117090
v -0.23047853 0.30027068 -0.16949442
v -0.27645463 0.28398225 -0.11587765
v -0.28015837 0.26876995 -0.16038410
v -0.31892687 0.23676610 -0.14049616
v -0.28015837 0.26876995 -0.16038410
v -0.26994821 0.24849305 -0.20844382
v -0.32103407 0.21475124 -0.19927490
v -0.31892687 0.23676610 -0.14049616
v -0.32103407 0.21475124 -0.19927490
v -0.36377287 0.18814865 -0.17257595
v -0.28015837 0.26876995 -0.16038410
v -0.32103407 0.21475124 -0.19927490
v -0.31892687 0.23676610 -0.14049616
v -0.19928475 0.34222096 -0.13031560
v -0.23047853 0.30027068 -0.16949442
v -0.22870198 0.32006332 -0.12595254
v -0.23047853 0.30027068 -0.16949442
v -0.26994821 0.24849305 -0.20844382
v -0.28015837 0.26876995 -0.16038410
v -0.22870198 0.32006332 -0.12595254
v -0.28015837 0.26876995 -0.16038410
v -0.27645463 0.28398225 -0.11587765
v -0.23047853 0.30027068 -0.16949442
v -0.28015837 0.26876995 -0.16038410
v -0.22870198 0.32006332 -0.12595254
v -0.20274240 0.35036817 -0.08975551
v -0.23687994 0.31811535 -0.10391494
v -0.23098539 0.31922963 -0.07472114
v -0.23687994 0.31811535 -0.10391494
v -0.27645463 0.28398225 -0.11587765
v -0.27337286 0.28554130 -0.07732040
v -0.23098539 0.31922963 -0.07472114
v -0.27337286 0.28554130 -0.07732040
v -0.26266688 0.28490689 -0.03893075
v -0.23687994 0.31811535 -0.10391494
v -0.27337286 0.28554130 -0.07732040
v -0.23098539 0.31922963 -0.07472114
v -0.27645463 0.28398225 -0.11587765
v -0.31892687 0.23676610 -0.14049616
v -0.32834721 0.23828118 -0.09373936
v -0.31892687 0.23676610 -0.14049616
v -0.36377287 0.18814865 -0.17257595
v -0.37176669 0.18869886 -0.11436635
v -0.32834721 0.23828118 -0.09373936
v -0.37176669 0.18869886 -0.11436635
v -0.37177256 0.19013666 -0.06151580
v -0.31892687 0.23676610 -0.14049616
v -0.37176669 0.18869886 -0.11436635
v -0.32834721 0.23828118 -0.09373936
v -0.26266688 0.28490689 -0.03893075
v -0.31572947 0.24092190 -0.04036054
v -0.29504281 0.24080119 -0.00490873
v -0.31572947 0.24092190 -0.04036054
v -0.37177256 0.19013666 -0.06151580
v -0.35025021 0.19126123 -0.00797131
v -0.29504281 0.24080119 -0.00490873
v -0.35025021 0.19126123 -0.00797131
v -0.32156226 0.18598931 0.03905300
v -0.31572947 0.24092190 -0.04036054
v -0.35025021 0.19126123 -0.00797131
v -0.29504281 0.24080119 -0.00490873
v -0.27645463 0.28398225 -0.11587765
v -0.32834721 0.23828118 -0.09373936
v -0.27337286 0.28554130 -0.07732040
v -0.32834721 0.23828118 -0.09373936
v -0.37177256 0.19013666 -0.06151580
v -0.31572947 0.24092190 -0.04036054
v -0.27337286 0.28554130 -0.07732040
v -0.31572947 0.24092190 -0.04036054
v -0.26266688 0.28490689 -0.03893075
v -0.32834721 0.23828118 -0.09373936
v -0.31572947 0.24092190 -0.04036054
v -0.27337286 0.28554130 -0.07732040
v -0.13753393 0.35034502 -0.10313329
v -0.14018694 0.34910625 -0.08636750
v -0.10397504 0.32201046 -0.10182090
v -0.14018694 0.34910625 -0.08636750
v -0.14053167 0.34006262 -0.07064266
v -0.10505531 0.31463924 -0.07249277
v -0.10397504 0.32201046 -0.10182090
v -0.10505531 0.31463924 -0.07249277
v -0.06679846 0.28040615 -0.07998707
v -0.14018694 0.34910625 -0.08636750
v -0.10505531 0.31463924 -0.07249277
v -0.10397504 0.32201046 -0.10182090
v -0.14053167 0.34006262 -0.07064266
v -0.14206219 0.32124346 -0.03727472
v -0.11165228 0.29604068 -0.03673765
v -0.14206219 0.32124346 -0.03727472
v -0.15059569 0.28510067 0.00300195
v -0.11219452 0.26943567 0.00951905
v -0.11165228 0.29604068 -0.03673765
v -0.11219452 0.26943567 0.00951905
v -0.07124553 0.24497798 0.00689259
v -0.14206219 0.32124346 -0.03727472
v -0.11219452 0.26943567 0.00951905
v -0.11165228 0.29604068 -0.03673765
v -0.06679846 0.28040615 -0.07998707
v -0.06212654 0.26683012 -0.04295933
v -0.01913669 0.23586065 -0.05908933
v -0.06212654 0.26683012 -0.04295933
v -0.07124553 0.24497798 0.00689259
v -0.02439859 0.21881081 -0.00084505
v -0.01913669 0.23586065 -0.05908933
v -0.02439859 0.21881081 -0.00084505
v 0.02068861 0.18901339 -0.03028238
v -0.06212654 0.26683012 -0.04295933
v -0.02439859 0.21881081 -0.00084505
v -0.01913669 0.23586065 -0.05908933
v -0.14053167 0.34006262 -0.07064266
v -0.11165228 0.29604068 -0.03673765
v -0.10505531 0.31463924 -0.07249277
v -0.11165228 0.29604068 -0.03673765
v -0.07124553 0.24497798 0.00689259
v -0.06212654 0.26683012 -0.04295933
v -0.10505531 0.31463924 -0.07249277
v -0.06212654 0.26683012 -0.04295933
v -0.06679846 0.28040615 -0.07998707
v -0.11165228 0.29604068 -0.03673765
v -0.06212654 0.26683012 -0.04295933
v -0.10505531 0.31463924 -0.07249277
v -0.15059569 0.28510067 0.00300195
v -0.18212257 0.26822186 0.02040620
v -0.13539638 0.24304204 0.05220300
v -0.18212257 0.26822186 0.02040620
v -0.21783110 0.24513878 0.03967712
v -0.18271250 0.22221407 0.07488453
v -0.13539638 0.24304204 0.05220300
v -0.18271250 0.22221407 0.07488453
v -0.13181067 0.19189902 0.10443059
v -0.18212257 0.26822186 0.02040620
v -0.18271250 0.22221407 0.07488453
v -0.13539638 0.24304204 0.05220300
v -0.21783110 0.24513878 0.03967712
v -0.26494652 0.21752916 0.04870307
v -0.23950666 0.19011664 0.09076742
v -0.26494652 0.21752916 0.04870307
v -0.32156226 0.18598931 0.03905300
v -0.28662014 0.15979356 0.07283500
v -0.23950666 0.19011664 0.09076742
v -0.28662014 0.15979356 0.07283500
v -0.24466182 0.12840115 0.09172761
v -0.26494652 0.21752916 0.04870307
v -0.28662014 0.15979356 0.07283500
v -0.23950666 0.19011664 0.09076742
v -0.13181067 0.19189902 0.10443059
v -0.18185680 0.16088140 0.11048114
v -0.12986611 0.14026631 0.10392230
v -0.18185680 0.16088140 0.11048114
v -0.24466182 0.12840115 0.09172761
v -0.18949339 0.10696345 0.08649608
v -0.12986611 0.14026631 0.10392230
v -0.18949339 0.10696345 0.08649608
v -0.13449204 0.08502330 0.06963906
v -0.18185680 0.16088140 0.11048114
v -0.18949339 0.10696345 0.08649608
v -0.12986611 0.14026631 0.10392230
v -0.21783110 0.24513878 0.03967712
v -0.23950666 0.19011664 0.09076742
v -0.18271250 0.22221407 0.07488453
v -0.23950666 0.19011664 0.09076742
v -0.24466182 0.12840115 0.09172761
v -0.18185680 0.16088140 0.11048114
v -0.18271250 0.22221407 0.07488453
v -0.18185680 0.16088140 0.11048114
v -0.13181067 0.19189902 0.10443059
v -0.23950666 0.19011664 0.09076742
v -0.18185680 0.16088140 0.11048114
v -0.18271250 0.22221407 0.07488453
v -0.32156226 0.18598931 0.03905300
v -0.35025021 0.19126123 -0.00797131
v -0.33510539 0.13789947 0.03122995
v -0.35025021 0.19126123 -0.00797131
v -0.37177256 0.19013666 -0.06151580
v -0.36591941 0.14215894 -0.02632620
v -0.33510539 0.13789947 0.03122995
v -0.36591941 0.14215894 -0.02632620
v -0.32516029 0.09190815 -0.00500901
v -0.35025021 0.19126123 -0.00797131
v -0.36591941 0.14215894 -0.02632620
v -0.33510539 0.13789947 0.03122995
v -0.37177256 0.19013666 -0.06151580
v -0.37176669 0.18869886 -0.11436635
v -0.37867638 0.13627778 -0.09345343
v -0.37176669 0.18869886 -0.11436635
v -0.36377287 0.18814865 -0.17257595
v -0.37242109 0.14169264 -0.15754025
v -0.37867638 0.13627778 -0.09345343
v -0.37242109 0.14169264 -0.15754025
v -0.34816295 0.09051204 -0.12658471
v -0.37176669 0.18869886 -0.11436635
v -0.37242109 0.14169264 -0.15754025
v -0.37867638 0.13627778 -0.09345343
v -0.32516029 0.09190815 -0.00500901
v -0.33985743 0.09056134 -0.06360205
v -0.30051669 0.05235473 -0.04294406
v -0.33985743 0.09056134 -0.06360205
v -0.34816295 0.09051204 -0.12658471
v -0.31350017 0.05465915 -0.10420470
v -0.30051669 0.05235473 -0.04294406
v -0.31350017 0.05465915 -0.10420470
v -0.27166066 0.02598197 -0.07856072
v -0.33985743 0.09056134 -0.06360205
v -0.31350017 0.05465915 -0.10420470
v -0.30051669 0.05235473 -0.04294406
v -0.37177256 0.19013666 -0.06151580
v -0.37867638 0.13627778 -0.09345343
v -0.36591941 0.14215894 -0.02632620
v -0.37867638 0.13627778 -0.09345343
v -0.34816295 0.09051204 -0.12658471
v -0.33985743 0.09056134 -0.06360205
v -0.36591941 0.14215894 -0.02632620
v -0.33985743 0.09056134 -0.06360205
v -0.32516029 0.09190815 -0.00500901
v -0.37867638 0.13627778 -0.09345343
v -0.33985743 0.09056134 -0.06360205
v -0.36591941 0.14215894 -0.02632620
v -0.36377287 0.18814865 -0.17257595
v -0.32103407 0.21475124 -0.19927490
v -0.34664482 0.15466526 -0.21638116
v -0.32103407 0.21475124 -0.19927490
v -0.26994821 0.24849305 -0.20844382
v -0.31326693 0.18657409 -0.24883167
v -0.34664482 0.15466526 -0.21638116
v -0.31326693 0.18657409 -0.24883167
v -0.31100231 0.13290915 -0.24922818
v -0.32103407 0.21475124 -0.19927490
v -0.31326693 0.18657409 -0.24883167
v -0.34664482 0.15466526 -0.21638116
v -0.26994821 0.24849305 -0.20844382
v -0.22494137 0.26915953 -0.21117090
v -0.24975277 0.21819180 -0.26147035
v -0.22494137 0.26915953 -0.21117090
v -0.19133385 0.28764817 -0.20001009
v -0.20471123 0.23597291 -0.25383636
v -0.24975277 0.21819180 -0.26147035
v -0.20471123 0.23597291 -0.25383636
v -0.20779309 0.18873104 -0.30357209
v -0.22494137 0.26915953 -0.21117090
v -0.20471123 0.23597291 -0.25383636
v -0.24975277 0.21819180 -0.26147035
v -0.31100231 0.13290915 -0.24922818
v -0.26294544 0.15992408 -0.28675631
v -0.26201409 0.10301082 -0.26829076
v -0.26294544 0.15992408 -0.28675631
v -0.20779309 0.18873104 -0.30357209
v -0.21329741 0.13940047 -0.30231461
v -0.26201409 0.10301082 -0.26829076
v -0.21329741 0.13940047 -0.30231461
v -0.20339225 0.08605897 -0.27669841
v -0.26294544 0.15992408 -0.28675631
v -0.21329741 0.13940047 -0.30231461
v -0.26201409 0.10301082 -0.26829076
v -0.26994821 0.24849305 -0.20844382
v -0.24975277 0.21819180 -0.26147035
v -0.31326693 0.18657409 -0.24883167
v -0.24975277 0.21819180 -0.26147035
v -0.20779309 0.18873104 -0.30357209
v -0.26294544 0.15992408 -0.28675631
v -0.31326693 0.18657409 -0.24883167
v -0.26294544 0.15992408 -0.28675631
v -0.31100231 0.13290915 -0.24922818
v -0.24975277 0.21819180 -0.26147035
v -0.26294544 0.15992408 -0.28675631
v -0.31326693 0.18657409 -0.24883167
v -0.19133385 0.28764817 -0.20001009
v -0.16928230 0.31662622 -0.16803624
v -0.15511335 0.26656777 -0.21849523
v -0.16928230 0.31662622 -0.16803624
v -0.15381894 0.34401232 -0.14497766
v -0.13588233 0.29760438 -0.18277518
v -0.15511335 0.26656777 -0.21849523
v -0.13588233 0.29760438 -0.18277518
v -0.11489984 0.25001657 -0.23716401
v -0.16928230 0.31662622 -0.16803624
v -0.13588233 0.29760438 -0.18277518
v -0.15511335 0.26656777 -0.21849523
v -0.15381894 0.34401232 -0.14497766
v -0.14239778 0.35171169 -0.12096640
v -0.11992496 0.31801552 -0.14970897
v -0.14239778 0.35171169 -0.12096640
v -0.13753393 0.35034502 -0.10313329
v -0.11247625 0.32046783 -0.12463678
v -0.11992496 0.31801552 -0.14970897
v -0.11247625 0.32046783 -0.12463678
v -0.07723536 0.27953130 -0.16106759
v -0.14239778 0.35171169 -0.12096640
v -0.11247625 0.32046783 -0.12463678
v -0.11992496 0.31801552 -0.14970897
v -0.11489984 0.25001657 -0.23716401
v -0.09158555 0.27055109 -0.20173544
v -0.07202659 0.21690814 -0.24609976
v -0.09158555 0.27055109 -0.20173544
v -0.07723536 0.27953130 -0.16106759
v -0.04609238 0.23505846 -0.19819270
v -0.07202659 0.21690814 -0.24609976
v -0.04609238 0.23505846 -0.19819270
v -0.02127358 0.18750110 -0.24154094
v -0.09158555 0.27055109 -0.20173544
v -0.04609238 0.23505846 -0.19819270
v -0.07202659 0.21690814 -0.24609976
v -0.15381894 0.34401232 -0.14497766
v -0.11992496 0.31801552 -0.14970897
v -0.13588233 0.29760438 -0.18277518
v -0.11992496 0.31801552 -0.14970897
v -0.07723536 0.27953130 -0.16106759
v -0.09158555 0.27055109 -0.20173544
v -0.13588233 0.29760438 -0.18277518
v -0.09158555 0.27055109 -0.20173544
v -0.11489984 0.25001657 -0.23716401
v -0.11992496 0.31801552 -0.14970897
v -0.09158555 0.27055109 -0.20173544
v -0.13588233 0.29760438 -0.18277518
v -0.06718186 0.02417295 -0.12403692
v -0.02658966 0.05663126 -0.09950791
v -0.07981647 0.02346393 -0.06765580
v -0.02658966 0.05663126 -0.09950791
v 0.00830603 0.09034255 -0.06643987
v -0.03972360 0.05937918 -0.04178131
v -0.07981647 0.02346393 -0.06765580
v -0.03972360 0.05937918 -0.04178131
v -0.09152547 0.03204046 -0.01406781
v -0.02658966 0.05663126 -0.09950791
v -0.03972360 0.05937918 -0.04178131
v -0.07981647 0.02346393 -0.06765580
v 0.00830603 0.09034255 -0.06643987
v 0.03049961 0.14121769 -0.04537506
v -0.00224907 0.10772511 -0.00699267
v 0.03049961 0.14121769 -0.04537506
v 0.02068861 0.18901339 -0.03028238
v 0.00256127 0.15978368 0.01305907
v -0.00224907 0.10772511 -0.00699267
v 0.00256127 0.15978368 0.01305907
v -0.03267936 0.12640579 0.05028725
v 0.03049961 0.14121769 -0.04537506
v 0.00256127 0.15978368 0.01305907
v -0.00224907 0.10772511 -0.00699267
v -0.09152547 0.03204046 -0.01406781
v -0.05697530 0.07412858 0.02488981
v -0.10851112 0.05755141 0.03341726
v -0.05697530 0.07412858 0.02488981
v -0.03267936 0.12640579 0.05028725
v -0.08291492 0.10914335 0.07093070
v -0.10851112 0.05755141 0.03341726
v -0.08291492 0.10914335 0.07093070
v -0.13449204 0.08502330 0.06963906
v -0.05697530 0.07412858 0.02488981
v -0.08291492 0.10914335 0.07093070
v -0.10851112 0.05755141 0.03341726
v 0.00830603 0.09034255 -0.06643987
v -0.00224907 0.10772511 -0.00699267
v -0.03972360 0.05937918 -0.04178131
v -0.00224907 0.10772511 -0.00699267
v -0.03267936 0.12640579 0.05028725
v -0.05697530 0.07412858 0.02488981
v -0.03972360 0.05937918 -0.04178131
v -0.05697530 0.07412858 0.02488981
v -0.09152547 0.03204046 -0.01406781
v -0.00224907 0.10772511 -0.00699267
v -0.05697530 0.07412858 0.02488981
v -0.03972360 0.05937918 -0.04178131
v -0.06718186 0.02417295 -0.12403692
v -0.07981647 0.02346393 -0.06765580
v -0.11873972 0.00304559 -0.10876819
v -0.07981647 0.02346393 -0.06765580
v -0.09152547 0.03204046 -0.01406781
v -0.12560403 0.00626442 -0.05722367
v -0.11873972 0.00304559 -0.10876819
v -0.12560403 0.00626442 -0.05722367
v -0.17278941 0.00000000 -0.09944637
v -0.07981647 0.02346393 -0.06765580
v -0.12560403 0.00626442 -0.05722367
v -0.11873972 0.00304559 -0.10876819
v -0.09152547 0.03204046 -0.01406781
v -0.10851112 0.05755141 0.03341726
v -0.15254378 0.02555478 0.00237823
v -0.10851112 0.05755141 0.03341726
v -0.13449204 0.08502330 0.06963906
v -0.17106065 0.06036458 0.04283746
v -0.15254378 0.02555478 0.00237823
v -0.17106065 0.06036458 0.04283746
v -0.21312274 0.03376375 0.00869549
v -0.10851112 0.05755141 0.03341726
v -0.17106065 0.06036458 0.04283746
v -0.15254378 0.02555478 0.00237823
v -0.17278941 0.00000000 -0.09944637
v -0.18773326 0.00544682 -0.04792162
v -0.21771856 0.00448909 -0.08698078
v -0.18773326 0.00544682 -0.04792162
v -0.21312274 0.03376375 0.00869549
v -0.24032916 0.02850125 -0.03497913
v -0.21771856 0.00448909 -0.08698078
v -0.24032916 0.02850125 -0.03497913
v -0.27166066 0.02598197 -0.07856072
v -0.18773326 0.00544682 -0.04792162
v -0.24032916 0.02850125 -0.03497913
v -0.21771856 0.00448909 -0.08698078
v -0.09152547 0.03204046 -0.01406781
v -0.15254378 0.02555478 0.00237823
v -0.12560403 0.00626442 -0.05722367
v -0.15254378 0.02555478 0.00237823
v -0.21312274 0.03376375 0.00869549
v -0.18773326 0.00544682 -0.04792162
v -0.12560403 0.00626442 -0.05722367
v -0.18773326 0.00544682 -0.04792162
v -0.17278941 0.00000000 -0.09944637
v -0.15254378 0.02555478 0.00237823
v -0.18773326 0.00544682 -0.04792162
v -0.12560403 0.00626442 -0.05722367
v -0.06718186 0.02417295 -0.12403692
v -0.11873972 0.00304559 -0.10876819
v -0.09176566 0.02560538 -0.16405761
v -0.11873972 0.00304559 -0.10876819
v -0.17278941 0.00000000 -0.09944637
v -0.14816757 0.01185605 -0.16040014
v -0.09176566 0.02560538 -0.16405761
v -0.14816757 0.01185605 -0.16040014
v -0.12937316 0.03592378 -0.21140152
v -0.11873972 0.00304559 -0.10876819
v -0.14816757 0.01185605 -0.16040014
v -0.09176566 0.02560538 -0.16405761
v -0.17278941 0.00000000 -0.09944637
v -0.21771856 0.00448909 -0.08698078
v -0.21230723 0.00861725 -0.14333618
v -0.21771856 0.00448909 -0.08698078
v -0.27166066 0.02598197 -0.07856072
v -0.26659524 0.02644554 -0.13092539
v -0.21230723 0.00861725 -0.14333618
v -0.26659524 0.02644554 -0.13092539
v -0.24831551 0.03454873 -0.18191506
v -0.21771856 0.00448909 -0.08698078
v -0.26659524 0.02644554 -0.13092539
v -0.21230723 0.00861725 -0.14333618
v -0.12937316 0.03592378 -0.21140152
v -0.18977231 0.02961498 -0.20452158
v -0.16942488 0.05514226 -0.24455515
v -0.18977231 0.02961498 -0.20452158
v -0.24831551 0.03454873 -0.18191506
v -0.22720112 0.05810966 -0.23213515
v -0.16942488 0.05514226 -0.24455515
v -0.22720112 0.05810966 -0.23213515
v -0.20339225 0.08605897 -0.27669841
v -0.18977231 0.02961498 -0.20452158
v -0.22720112 0.05810966 -0.23213515
v -0.16942488 0.05514226 -0.24455515
v -0.17278941 0.00000000 -0.09944637
v -0.21230723 0.00861725 -0.14333618
v -0.14816757 0.01185605 -0.16040014
v -0.21230723 0.00861725 -0.14333618
v -0.24831551 0.03454873 -0.18191506
v -0.18977231 0.02961498 -0.20452158
v -0.14816757 0.01185605 -0.16040014
v -0.18977231 0.02961498 -0.20452158
v -0.12937316 0.03592378 -0.21140152
v -0.21230723 0.00861725 -0.14333618
v -0.18977231 0.02961498 -0.20452158
v -0.14816757 0.01185605 -0.16040014
v -0.06718186 0.02417295 -0.12403692
v -0.09176566 0.02560538 -0.16405761
v -0.03541143 0.05721465 -0.16093935
v -0.09176566 0.02560538 -0.16405761
v -0.12937316 0.03592378 -0.21140152
v -0.06939130 0.05839540 -0.21125269
v -0.03541143 0.05721465 -0.16093935
v -0.06939130 0.05839540 -0.21125269
v -0.01263249 0.09611053 -0.19410239
v -0.09176566 0.02560538 -0.16405761
v -0.06939130 0.05839540 -0.21125269
v -0.03541143 0.05721465 -0.16093935
v -0.12937316 0.03592378 -0.21140152
v -0.16942488 0.05514226 -0.24455515
v -0.11370369 0.07323837 -0.25656959
v -0.16942488 0.05514226 -0.24455515
v -0.20339225 0.08605897 -0.27669841
v -0.14937028 0.10683084 -0.28882015
v -0.11370369 0.07323837 -0.25656959
v -0.14937028 0.10683084 -0.28882015
v -0.10128710 0.12906535 -0.29303861
v -0.16942488 0.05514226 -0.24455515
v -0.14937028 0.10683084 -0.28882015
v -0.11370369 0.07323837 -0.25656959
v -0.01263249 0.09611053 -0.19410239
v -0.04896213 0.10853840 -0.24755594
v -0.00736710 0.13852240 -0.23118861
v -0.04896213 0.10853840 -0.24755594
v -0.10128710 0.12906535 -0.29303861
v -0.05228542 0.16130872 -0.27143088
v -0.00736710 0.13852240 -0.23118861
v -0.05228542 0.16130872 -0.27143088
v -0.02127358 0.18750110 -0.24154094
v -0.04896213 0.10853840 -0.24755594
v -0.05228542 0.16130872 -0.27143088
v -0.00736710 0.13852240 -0.23118861
v -0.12937316 0.03592378 -0.21140152
v -0.11370369 0.07323837 -0.25656959
v -0.06939130 0.05839540 -0.21125269
v -0.11370369 0.07323837 -0.25656959
v -0.10128710 0.12906535 -0.29303861
v -0.04896213 0.10853840 -0.24755594
v -0.06939130 0.05839540 -0.21125269
v -0.04896213 0.10853840 -0.24755594
v -0.01263249 0.09611053 -0.19410239
v -0.11370369 0.07323837 -0.25656959
v -0.04896213 0.10853840 -0.24755594
v -0.06939130 0.05839540 -0.21125269
v -0.06718186 0.02417295 -0.12403692
v -0.03541143 0.05721465 -0.16093935
v -0.02658966 0.05663126 -0.09950791
v -0.03541143 0.05721465 -0.16093935
v -0.01263249 0.09611053 -0.19410239
v 0.00513604 0.08881070 -0.13434277
v -0.02658966 0.05663126 -0.09950791
v 0.00513604 0.08881070 -0.13434277
v 0.00830603 0.09034255 -0.06643987
v -0.03541143 0.05721465 -0.16093935
v 0.00513604 0.08881070 -0.13434277
v -0.02658966 0.05663126 -0.09950791
v -0.01263249 0.09611053 -0.19410239
v -0.00736710 0.13852240 -0.23118861
v 0.02201584 0.13608903 -0.17569701
v -0.00736710 0.13852240 -0.23118861
v -0.02127358 0.18750110 -0.24154094
v 0.00854704 0.19189817 -0.19713286
v 0.02201584 0.13608903 -0.17569701
v 0.00854704 0.19189817 -0.19713286
v 0.03152495 0.18889284 -0.13812642
v -0.00736710 0.13852240 -0.23118861
v 0.00854704 0.19189817 -0.19713286
v 0.02201584 0.13608903 -0.17569701
v 0.00830603 0.09034255 -0.06643987
v 0.03625642 0.14214645 -0.10398541
v 0.03049961 0.14121769 -0.04537506
v 0.03625642 0.14214645 -0.10398541
v 0.03152495 0.18889284 -0.13812642
v 0.03587506 0.18957716 -0.08651785
v 0.03049961 0.14121769 -0.04537506
v 0.03587506 0.18957716 -0.08651785
v 0.02068861 0.18901339 -0.03028238
v 0.03625642 0.14214645 -0.10398541
v 0.03587506 0.18957716 -0.08651785
v 0.03049961 0.14121769 -0.04537506
v -0.01263249 0.09611053 -0.19410239
v 0.02201584 0.13608903 -0.17569701
v 0.00513604 0.08881070 -0.13434277
v 0.02201584 0.13608903 -0.17569701
v 0.03152495 0.18889284 -0.13812642
v 0.03625642 0.14214645 -0.10398541
v 0.00513604 0.08881070 -0.13434277
v 0.03625642 0.14214645 -0.10398541
v 0.00830603 0.09034255 -0.06643987
v 0.02201584 0.13608903 -0.17569701
v 0.03625642 0.14214645 -0.10398541
v 0.00513604 0.08881070 -0.13434277
v -0.13449204 0.08502330 0.06963906
v -0.08291492 0.10914335 0.07093070
v -0.12986611 0.14026631 0.10392230
v -0.08291492 0.10914335 0.07093070
v -0.03267936 0.12640579 0.05028725
v -0.07845324 0.16043843 0.08398148
v -0.12986611 0.14026631 0.10392230
v -0.07845324 0.16043843 0.08398148
v -0.13181067 0.19189902 0.10443059
v -0.08291492 0.10914335 0.07093070
v -0.07845324 0.16043843 0.08398148
v -0.12986611 0.14026631 0.10392230
v -0.03267936 0.12640579 0.05028725
v 0.00256127 0.15978368 0.01305907
v -0.02847306 0.19078514 0.05118837
v 0.00256127 0.15978368 0.01305907
v 0.02068861 0.18901339 -0.03028238
v -0.02439859 0.21881081 -0.00084505
v -0.02847306 0.19078514 0.05118837
v -0.02439859 0.21881081 -0.00084505
v -0.07124553 0.24497798 0.00689259
v 0.00256127 0.15978368 0.01305907
v -0.02439859 0.21881081 -0.00084505
v -0.02847306 0.19078514 0.05118837
v -0.13181067 0.19189902 0.10443059
v -0.08825006 0.21937791 0.05692270
v -0.13539638 0.24304204 0.05220300
v -0.08825006 0.21937791 0.05692270
v -0.07124553 0.24497798 0.00689259
v -0.11219452 0.26943567 0.00951905
v -0.13539638 0.24304204 0.05220300
v -0.11219452 0.26943567 0.00951905
v -0.15059569 0.28510067 0.00300195
v -0.08825006 0.21937791 0.05692270
v -0.11219452 0.26943567 0.00951905
v -0.13539638 0.24304204 0.05220300
v -0.03267936 0.12640579 0.05028725
v -0.02847306 0.19078514 0.05118837
v -0.07845324 0.16043843 0.08398148
v -0.02847306 0.19078514 0.05118837
v -0.07124553 0.24497798 0.00689259
v -0.08825006 0.21937791 0.05692270
v -0.07845324 0.16043843 0.08398148
v -0.08825006 0.21937791 0.05692270
v -0.13181067 0.19189902 0.10443059
v -0.02847306 0.19078514 0.05118837
v -0.08825006 0.21937791 0.05692270
v -0.07845324 0.16043843 0.08398148
v -0.27166066 0.02598197 -0.07856072
v -0.24032916 0.02850125 -0.03497913
v -0.30051669 0.05235473 -0.04294406
v -0.24032916 0.02850125 -0.03497913
v -0.21312274 0.03376375 0.00869549
v -0.26942912 0.06064828 0.00785275
v -0.30051669 0.05235473 -0.04294406
v -0.26942912 0.06064828 0.00785275
v -0.32516029 0.09190815 -0.00500901
v -0.24032916 0.02850125 -0.03497913
v -0.26942912 0.06064828 0.00785275
v -0.30051669 0.05235473 -0.04294406
v -0.21312274 0.03376375 0.00869549
v -0.17106065 0.06036458 0.04283746
v -0.22562248 0.07693147 0.05257208
v -0.17106065 0.06036458 0.04283746
v -0.13449204 0.08502330 0.06963906
v -0.18949339 0.10696345 0.08649608
v -0.22562248 0.07693147 0.05257208
v -0.18949339 0.10696345 0.08649608
v -0.24466182 0.12840115 0.09172761
v -0.17106065 0.06036458 0.04283746
v -0.18949339 0.10696345 0.08649608
v -0.22562248 0.07693147 0.05257208
v -0.32516029 0.09190815 -0.00500901
v -0.28752977 0.11152313 0.05439273
v -0.33510539 0.13789947 0.03122995
v -0.28752977 0.11152313 0.05439273
v -0.24466182 0.12840115 0.09172761
v -0.28662014 0.15979356 0.07283500
v -0.33510539 0.13789947 0.03122995
v -0.28662014 0.15979356 0.07283500
v -0.32156226 0.18598931 0.03905300
v -0.28752977 0.11152313 0.05439273
v -0.28662014 0.15979356 0.07283500
v -0.33510539 0.13789947 0.03122995
v -0.21312274 0.03376375 0.00869549
v -0.22562248 0.07693147 0.05257208
v -0.26942912 0.06064828 0.00785275
v -0.22562248 0.07693147 0.05257208
v -0.24466182 0.12840115 0.09172761
v -0.28752977 0.11152313 0.05439273
v -0.26942912 0.06064828 0.00785275
v -0.28752977 0.11152313 0.05439273
v -0.32516029 0.09190815 -0.00500901
v -0.22562248 0.07693147 0.05257208
v -0.28752977 0.11152313 0.05439273
v -0.26942912 0.06064828 0.00785275
v -0.20339225 0.08605897 -0.27669841
v -0.22720112 0.05810966 -0.23213515
v -0.26201409 0.10301082 -0.26829076
v -0.22720112 0.05810966 -0.23213515
v -0.24831551 0.03454873 -0.18191506
v -0.28472844 0.07482751 -0.22020252
v -0.26201409 0.10301082 -0.26829076
v -0.28472844 0.07482751 -0.22020252
v -0.31100231 0.13290915 -0.24922818
v -0.22720112 0.05810966 -0.23213515
v -0.28472844 0.07482751 -0.22020252
v -0.26201409 0.10301082 -0.26829076
v -0.24831551 0.03454873 -0.18191506
v -0.26659524 0.02644554 -0.13092539
v -0.30554599 0.05501209 -0.16430774
v -0.26659524 0.02644554 -0.13092539
v -0.27166066 0.02598197 -0.07856072
v -0.31350017 0.05465915 -0.10420470
v -0.30554599 0.05501209 -0.16430774
v -0.31350017 0.05465915 -0.10420470
v -0.34816295 0.09051204 -0.12658471
v -0.26659524 0.02644554 -0.13092539
v -0.31350017 0.05465915 -0.10420470
v -0.30554599 0.05501209 -0.16430774
v -0.31100231 0.13290915 -0.24922818
v -0.34153625 0.10997190 -0.19575806
v -0.34664482 0.15466526 -0.21638116
v -0.34153625 0.10997190 -0.19575806
v -0.34816295 0.09051204 -0.12658471
v -0.37242109 0.14169264 -0.15754025
v -0.34664482 0.15466526 -0.21638116
v -0.37242109 0.14169264 -0.15754025
v -0.36377287 0.18814865 -0.17257595
v -0.34153625 0.10997190 -0.19575806
v -0.37242109 0.14169264 -0.15754025
v -0.34664482 0.15466526 -0.21638116
v -0.24831551 0.03454873 -0.18191506
v -0.30554599 0.05501209 -0.16430774
v -0.28472844 0.07482751 -0.22020252
v -0.30554599 0.05501209 -0.16430774
v -0.34816295 0.09051204 -0.12658471
v -0.34153625 0.10997190 -0.19575806
v -0.28472844 0.07482751 -0.22020252
v -0.34153625 0.10997190 -0.19575806
v -0.31100231 0.13290915 -0.24922818
v -0.30554599 0.05501209 -0.16430774
v -0.34153625 0.10997190 -0.19575806
v -0.28472844 0.07482751 -0.22020252
v -0.02127358 0.18750110 -0.24154094
v -0.05228542 0.16130872 -0.27143088
v -0.07202659 0.21690814 -0.24609976
v -0.05228542 0.16130872 -0.27143088
v -0.10128710 0.12906535 -0.29303861
v -0.09924750 0.19187348 -0.29017630
v -0.07202659 0.21690814 -0.24609976
v -0.09924750 0.19187348 -0.29017630
v -0.11489984 0.25001657 -0.23716401
v -0.05228542 0.16130872 -0.27143088
v -0.09924750 0.19187348 -0.29017630
v -0.07202659 0.21690814 -0.24609976
v -0.10128710 0.12906535 -0.29303861
v -0.14937028 0.10683084 -0.28882015
v -0.16003081 0.15469152 -0.30991644
v -0.14937028 0.10683084 -0.28882015
v -0.20339225 0.08605897 -0.27669841
v -0.21329741 0.13940047 -0.30231461
v -0.16003081 0.15469152 -0.30991644
v -0.21329741 0.13940047 -0.30231461
v -0.20779309 0.18873104 -0.30357209
v -0.14937028 0.10683084 -0.28882015
v -0.21329741 0.13940047 -0.30231461
v -0.16003081 0.15469152 -0.30991644
v -0.11489984 0.25001657 -0.23716401
v -0.15929063 0.21880208 -0.27904424
v -0.15511335 0.26656777 -0.21849523
v -0.15929063 0.21880208 -0.27904424
v -0.20779309 0.18873104 -0.30357209
v -0.20471123 0.23597291 -0.25383636
v -0.15511335 0.26656777 -0.21849523
v -0.20471123 0.23597291 -0.25383636
v -0.19133385 0.28764817 -0.20001009
v -0.15929063 0.21880208 -0.27904424
v -0.20471123 0.23597291 -0.25383636
v -0.15511335 0.26656777 -0.21849523
v -0.10128710 0.12906535 -0.29303861
v -0.16003081 0.15469152 -0.30991644
v -0.09924750 0.19187348 -0.29017630
v -0.16003081 0.15469152 -0.30991644
v -0.20779309 0.18873104 -0.30357209
v -0.15929063 0.21880208 -0.27904424
v -0.09924750 0.19187348 -0.29017630
v -0.15929063 0.21880208 -0.27904424
v -0.11489984 0.25001657 -0.23716401
v -0.16003081 0.15469152 -0.30991644
v -0.15929063 0.21880208 -0.27904424
v -0.09924750 0.19187348 -0.29017630
v 0.02068861 0.18901339 -0.03028238
v 0.03587506 0.18957716 -0.08651785
v -0.01913669 0.23586065 -0.05908933
v 0.03587506 0.18957716 -0.08651785
v 0.03152495 0.18889284 -0.13812642
v -0.01342933 0.24137031 -0.10825843
v -0.01913669 0.23586065 -0.05908933
v -0.01342933 0.24137031 -0.10825843
v -0.06679846 0.28040615 -0.07998707
v 0.03587506 0.18957716 -0.08651785
v -0.01342933 0.24137031 -0.10825843
v -0.01913669 0.23586065 -0.05908933
v 0.03152495 0.18889284 -0.13812642
v 0.00854704 0.19189817 -0.19713286
v -0.02158680 0.23992066 -0.15592338
v 0.00854704 0.19189817 -0.19713286
v -0.02127358 0.18750110 -0.24154094
v -0.04609238 0.23505846 -0.19819270
v -0.02158680 0.23992066 -0.15592338
v -0.04609238 0.23505846 -0.19819270
v -0.07723536 0.27953130 -0.16106759
v 0.00854704 0.19189817 -0.19713286
v -0.04609238 0.23505846 -0.19819270
v -0.02158680 0.23992066 -0.15592338
v -0.06679846 0.28040615 -0.07998707
v -0.07309301 0.28938401 -0.12369879
v -0.10397504 0.32201046 -0.10182090
v -0.07309301 0.28938401 -0.12369879
v -0.07723536 0.27953130 -0.16106759
v -0.11247625 0.32046783 -0.12463678
v -0.10397504 0.32201046 -0.10182090
v -0.11247625 0.32046783 -0.12463678
v -0.13753393 0.35034502 -0.10313329
v -0.07309301 0.28938401 -0.12369879
v -0.11247625 0.32046783 -0.12463678
v -0.10397504 0.32201046 -0.10182090
v 0.03152495 0.18889284 -0.13812642
v -0.02158680 0.23992066 -0.15592338
v -0.01342933 0.24137031 -0.10825843
v -0.02158680 0.23992066 -0.15592338
v -0.07723536 0.27953130 -0.16106759
v -0.07309301 0.28938401 -0.12369879
v -0.01342933 0.24137031 -0.10825843
v -0.07309301 0.28938401 -0.12369879
v -0.06679846 0.28040615 -0.07998707
v -0.02158680 0.23992066 -0.15592338
v -0.07309301 0.28938401 -0.12369879
v -0.01342933 0.24137031 -0.10825843
f 7081 7082 7083
f 7084 7085 7086
f 7087 7088 7089
f 7090 7091 7092
f 7093 7094 7095
f 7096 7097 7098
f 7099 7100 7101
f 7102 7103 7104
f 7105 7106 7107
f 7108 7109 7110
f 7111 7112 7113
f 7114 7115 7116
f 7117 7118 7119
f 7120 7121 7122
f 7123 7124 7125
f 7126 7127 7128
f 7129 7130 7131
f 7132 7133 7134
f 7135 7136 7137
f 7138 7139 7140
f 7141 7142 7143
f 7144 7145 7146
f 7147 7148 7149
f 7150 7151 7152
f 7153 7154 7155
f 7156 7157 7158
f 7159 7160 7161
f 7162 7163 7164
f 7165 7166 7167
f 7168 7169 7170
f 7171 7172 7173
f 7174 7175 7176
f 7177 7178 7179
f 7180 7181 7182
f 7183 7184 7185
f 7186 7187 7188
f 7189 7190 7191
f 7192 7193 7194
f 7195 7196 7197
f 7198 7199 7200
f 7201 7202 7203
f 7204 7205 7206
f 7207 7208 7209
f 7210 7211 7212
f 7213 7214 7215
f 7216 7217 7218
f 7219 7220 7221
f 7222 7223 7224
f 7225 7226 7227
f 7228 7229 7230
f 7231 7232 7233
f 7234 7235 7236
f 7237 7238 7239
f 7240 7241 7242
f 7243 7244 7245
f 7246 7247 7248
f 7249 7250 7251
f 7252 7253 7254
f 7255 7256 7257
f 7258 7259 7260
f 7261 7262 7263
f 7264 7265 7266
f 7267 7268 7269
f 7270 7271 7272
f 7273 7274 7275
f 7276 7277 7278
f 7279 7280 7281
f 7282 7283 7284
f 7285 7286 7287
f 7288 7289 7290
f 7291 7292 7293
f 7294 7295 7296
f 7297 7298 7299
f 7300 7301 7302
f 7303 7304 7305
f 7306 7307 7308
f 7309 7310 7311
f 7312 7313 7314
f 7315 7316 7317
f 7318 7319 7320
f 7321 7322 7323
f 7324 7325 7326
f 7327 7328 7329
f 7330 7331 7332
f 7333 7334 7335
f 7336 7337 7338
f 7339 7340 7341
f 7342 7343 7344
f 7345 7346 7347
f 7348 7349 7350
f 7351 7352 7353
f 7354 7355 7356
f 7357 7358 7359
f 7360 7361 7362
f 7363 7364 7365
f 7366 7367 7368
f 7369 7370 7371
f 7372 7373 7374
f 7375 7376 7377
f 7378 7379 7380
f 7381 7382 7383
f 7384 7385 7386
f 7387 7388 7389
f 7390 7391 7392
f 7393 7394 7395
f 7396 7397 7398
f 7399 7400 7401
f 7402 7403 7404
f 7405 7406 7407
f 7408 7409 7410
f 7411 7412 7413
f 7414 7415 7416
f 7417 7418 7419
f 7420 7421 7422
f 7423 7424 7425
f 7426 7427 7428
f 7429 7430 7431
f 7432 7433 7434
f 7435 7436 7437
f 7438 7439 7440
f 7441 7442 7443
f 7444 7445 7446
f 7447 7448 7449
f 7450 7451 7452
f 7453 7454 7455
f 7456 7457 7458
f 7459 7460 7461
f 7462 7463 7464
f 7465 7466 7467
f 7468 7469 7470
f 7471 7472 7473
f 7474 7475 7476
f 7477 7478 7479
f 7480 7481 7482
f 7483 7484 7485
f 7486 7487 7488
f 7489 7490 7491
f 7492 7493 7494
f 7495 7496 7497
f 7498 7499 7500
f 7501 7502 7503
f 7504 7505 7506
f 7507 7508 7509
f 7510 7511 7512
f 7513 7514 7515
f 7516 7517 7518
f 7519 7520 7521
f 7522 7523 7524
f 7525 7526 7527
f 7528 7529 7530
f 7531 7532 7533
f 7534 7535 7536
f 7537 7538 7539
f 7540 7541 7542
f 7543 7544 7545
f 7546 7547 7548
f 7549 7550 7551
f 7552 7553 7554
f 7555 7556 7557
f 7558 7559 7560
f 7561 7562 7563
f 7564 7565 7566
f 7567 7568 7569
f 7570 7571 7572
f 7573 7574 7575
f 7576 7577 7578
f 7579 7580 7581
f 7582 7583 7584
f 7585 7586 7587
f 7588 7589 7590
f 7591 7592 7593
f 7594 7595 7596
f 7597 7598 7599
f 7600 7601 7602
f 7603 7604 7605
f 7606 7607 7608
f 7609 7610 7611
f 7612 7613 7614
f 7615 7616 7617
f 7618 7619 7620
f 7621 7622 7623
f 7624 7625 7626
f 7627 7628 7629
f 7630 7631 7632
f 7633 7634 7635
f 7636 7637 7638
f 7639 7640 7641
f 7642 7643 7644
f 7645 7646 7647
f 7648 7649 7650
f 7651 7652 7653
f 7654 7655 7656
f 7657 7658 7659
f 7660 7661 7662
f 7663 7664 7665
f 7666 7667 7668
f 7669 7670 7671
f 7672 7673 7674
f 7675 7676 7677
f 7678 7679 7680
f 7681 7682 7683
f 7684 7685 7686
f 7687 7688 7689
f 7690 7691 7692
f 7693 7694 7695
f 7696 7697 7698
f 7699 7700 7701
f 7702 7703 7704
f 7705 7706 7707
f 7708 7709 7710
f 7711 7712 7713
f 7714 7715 7716
f 7717 7718 7719
f 7720 7721 7722
f 7723 7724 7725
f 7726 7727 7728
f 7729 7730 7731
f 7732 7733 7734
f 7735 7736 7737
f 7738 7739 7740
f 7741 7742 7743
f 7744 7745 7746
f 7747 7748 7749
f 7750 7751 7752
f 7753 7754 7755
f 7756 7757 7758
f 7759 7760 7761
f 7762 7763 7764
f 7765 7766 7767
f 7768 7769 7770
f 7771 7772 7773
f 7774 7775 7776
f 7777 7778 7779
f 7780 7781 7782
f 7783 7784 7785
f 7786 7787 7788
f 7789 7790 7791
f 7792 7793 7794
f 7795 7796 7797
f 7798 7799 7800
f 7801 7802 7803
f 7804 7805 7806
f 7807 7808 7809
f 7810 7811 7812
f 7813 7814 7815
f 7816 7817 7818
f 7819 7820 7821
f 7822 7823 7824
f 7825 7826 7827
f 7828 7829 7830
f 7831 7832 7833
f 7834 7835 7836
f 7837 7838 7839
f 7840 7841 7842
f 7843 7844 7845
f 7846 7847 7848
f 7849 7850 7851
f 7852 7853 7854
f 7855 7856 7857
f 7858 7859 7860
f 7861 7862 7863
f 7864 7865 7866
f 7867 7868 7869
f 7870 7871 7872
f 7873 7874 7875
f 7876 7877 7878
f 7879 7880 7881
f 7882 7883 7884
f 7885 7886 7887
f 7888 7889 7890
f 7891 7892 7893
f 7894 7895 7896
f 7897 7898 7899
f 7900 7901 7902
f 7903 7904 7905
f 7906 7907 7908
f 7909 7910 7911
f 7912 7913 7914
f 7915 7916 7917
f 7918 7919 7920
f 7921 7922 7923
f 7924 7925 7926
f 7927 7928 7929
f 7930 7931 7932
f 7933 7934 7935
f 7936 7937 7938
f 7939 7940 7941
f 7942 7943 7944
f 7945 7946 7947
f 7948 7949 7950
f 7951 7952 7953
f 7954 7955 7956
f 7957 7958 7959
f 7960 7961 7962
f 7963 7964 7965
f 7966 7967 7968
f 7969 7970 7971
f 7972 7973 7974
f 7975 7976 7977
f 7978 7979 7980
f 7981 7982 7983
f 7984 7985 7986
f 7987 7988 7989
f 7990 7991 7992
f 7993 7994 7995
f 7996 7997 7998
f 7999 8000 8001
f 8002 8003 8004
f 8005 8006 8007
f 8008 8009 8010
f 8011 8012 8013
f 8014 8015 8016
f 8017 8018 8019
f 8020 8021 8022
f 8023 8024 8025
f 8026 8027 8028
f 8029 8030 8031
f 8032 8033 8034
f 8035 8036 8037
f 8038 8039 8040

